/*******************************************************************************
 * Size: 96 px
 * Bpp: 1
 * Opts: --bpp 1 --size 96 --no-compress --stride 1 --align 1 --font nissanbrandw01-bold.ttf --range 32-127 --format lvgl -o nissan_bold_96.c
 ******************************************************************************/

#ifdef __has_include
    #if __has_include("lvgl.h")
        #ifndef LV_LVGL_H_INCLUDE_SIMPLE
            #define LV_LVGL_H_INCLUDE_SIMPLE
        #endif
    #endif
#endif

#ifdef LV_LVGL_H_INCLUDE_SIMPLE
    #include "lvgl.h"
#else
    #include "lvgl/lvgl.h"
#endif



#ifndef NISSAN_BOLD_96
#define NISSAN_BOLD_96 1
#endif

#if NISSAN_BOLD_96

/*-----------------
 *    BITMAPS
 *----------------*/

/*Store the image of the glyphs*/
static LV_ATTRIBUTE_LARGE_CONST const uint8_t glyph_bitmap_1[] = {
    /* U+0020 " " */
    0x0,

    /* U+0021 "!" */
    0xff, 0xff, 0xff, 0xff, 0xff, 0xff, 0xff, 0xff,
    0xff, 0xff, 0xff, 0xff, 0xff, 0xff, 0xff, 0xff,
    0xff, 0xff, 0xff, 0xff, 0xff, 0xff, 0xff, 0xff,
    0xff, 0xff, 0xff, 0xff, 0xff, 0xff, 0xff, 0xff,
    0xff, 0xff, 0xff, 0xff, 0xff, 0xff, 0xff, 0xff,
    0xff, 0xff, 0xff, 0xff, 0xff, 0xff, 0xff, 0xff,
    0xff, 0xff, 0xff, 0xff, 0xff, 0xff, 0xdf, 0xff,
    0xbf, 0xff, 0x3f, 0xfe, 0x7f, 0xfc, 0xff, 0xf9,
    0xff, 0xf3, 0xff, 0xe7, 0xff, 0xcf, 0xff, 0x9f,
    0xff, 0x0, 0x0, 0x0, 0x0, 0x0, 0x0, 0x0,
    0x0, 0x0, 0x0, 0x0, 0x0, 0x0, 0x0, 0x0,
    0x7f, 0xff, 0xff, 0xff, 0xff, 0xff, 0xff, 0xff,
    0xff, 0xff, 0xff, 0xff, 0xff, 0xff, 0xff, 0xff,
    0xff, 0xff, 0xff, 0xff, 0xff, 0xff, 0xff, 0xff,
    0xff, 0xff, 0xff, 0xff, 0xc0,

    /* U+0022 "\"" */
    0xff, 0xfc, 0xf, 0xff, 0xff, 0xfe, 0x7, 0xff,
    0xff, 0xff, 0x3, 0xff, 0xff, 0xff, 0x81, 0xff,
    0xf7, 0xff, 0xc0, 0xff, 0xfb, 0xff, 0xe0, 0x7f,
    0xfd, 0xff, 0xf0, 0x3f, 0xfe, 0xff, 0xf0, 0x1f,
    0xff, 0x7f, 0xf8, 0xf, 0xff, 0xbf, 0xfc, 0x7,
    0xff, 0xdf, 0xfe, 0x1, 0xff, 0xef, 0xff, 0x0,
    0xff, 0xe7, 0xff, 0x80, 0x7f, 0xf3, 0xff, 0xc0,
    0x3f, 0xf8, 0xff, 0xe0, 0x1f, 0xfc, 0x7f, 0xf0,
    0xf, 0xfe, 0x3f, 0xf8, 0x7, 0xff, 0x1f, 0xfc,
    0x3, 0xff, 0x8f, 0xfc, 0x1, 0xff, 0xc7, 0xfe,
    0x0, 0xff, 0xe3, 0xff, 0x0, 0x7f, 0xf1, 0xff,
    0x80, 0x1f, 0xf8, 0xff, 0xc0, 0xf, 0xf8,

    /* U+0023 "#" */
    0x0, 0x0, 0x3f, 0xf8, 0x1, 0xff, 0xc0, 0x0,
    0x0, 0x7f, 0xe0, 0x3, 0xff, 0x0, 0x0, 0x1,
    0xff, 0xc0, 0xf, 0xfe, 0x0, 0x0, 0x3, 0xff,
    0x80, 0x1f, 0xfc, 0x0, 0x0, 0x7, 0xff, 0x0,
    0x3f, 0xf8, 0x0, 0x0, 0xf, 0xfe, 0x0, 0x7f,
    0xf0, 0x0, 0x0, 0x1f, 0xfc, 0x0, 0xff, 0xc0,
    0x0, 0x0, 0x3f, 0xf0, 0x1, 0xff, 0x80, 0x0,
    0x0, 0xff, 0xe0, 0x7, 0xff, 0x0, 0x0, 0x1,
    0xff, 0xc0, 0xf, 0xfe, 0x0, 0x0, 0x3, 0xff,
    0x80, 0x1f, 0xfc, 0x0, 0x0, 0x7, 0xff, 0x0,
    0x3f, 0xf8, 0x0, 0x0, 0xf, 0xfe, 0x0, 0x7f,
    0xe0, 0x0, 0x0, 0x1f, 0xf8, 0x1, 0xff, 0xc0,
    0x0, 0x0, 0x7f, 0xf0, 0x3, 0xff, 0x80, 0x0,
    0x0, 0xff, 0xe0, 0x7, 0xff, 0x0, 0x0, 0x1,
    0xff, 0xc0, 0xf, 0xfe, 0x0, 0x0, 0x3, 0xff,
    0x80, 0x1f, 0xfc, 0x0, 0x0, 0x7, 0xfe, 0x0,
    0x3f, 0xf0, 0x0, 0x7f, 0xff, 0xff, 0xff, 0xff,
    0xff, 0xf0, 0xff, 0xff, 0xff, 0xff, 0xff, 0xff,
    0xe1, 0xff, 0xff, 0xff, 0xff, 0xff, 0xff, 0xc3,
    0xff, 0xff, 0xff, 0xff, 0xff, 0xff, 0x87, 0xff,
    0xff, 0xff, 0xff, 0xff, 0xff, 0xf, 0xff, 0xff,
    0xff, 0xff, 0xff, 0xfe, 0x1f, 0xff, 0xff, 0xff,
    0xff, 0xff, 0xfc, 0x3f, 0xff, 0xff, 0xff, 0xff,
    0xff, 0xf8, 0x7f, 0xff, 0xff, 0xff, 0xff, 0xff,
    0xf0, 0x0, 0x7f, 0xf0, 0x3, 0xff, 0x80, 0x0,
    0x0, 0xff, 0xc0, 0x7, 0xfe, 0x0, 0x0, 0x3,
    0xff, 0x80, 0x1f, 0xfc, 0x0, 0x0, 0x7, 0xff,
    0x0, 0x3f, 0xf8, 0x0, 0x0, 0xf, 0xfe, 0x0,
    0x7f, 0xf0, 0x0, 0x0, 0x1f, 0xfc, 0x0, 0xff,
    0xe0, 0x0, 0x0, 0x3f, 0xf8, 0x1, 0xff, 0xc0,
    0x0, 0x0, 0x7f, 0xe0, 0x7, 0xff, 0x0, 0x0,
    0x1, 0xff, 0xc0, 0xf, 0xfe, 0x0, 0x0, 0x3,
    0xff, 0x80, 0x1f, 0xfc, 0x0, 0x0, 0x7, 0xff,
    0x0, 0x3f, 0xf8, 0x0, 0x0, 0xf, 0xfe, 0x0,
    0x7f, 0xf0, 0x0, 0x0, 0x1f, 0xf8, 0x0, 0xff,
    0xc0, 0x0, 0x0, 0x3f, 0xf0, 0x3, 0xff, 0x80,
    0x3, 0xff, 0xff, 0xff, 0xff, 0xff, 0xff, 0x87,
    0xff, 0xff, 0xff, 0xff, 0xff, 0xff, 0xf, 0xff,
    0xff, 0xff, 0xff, 0xff, 0xfe, 0x1f, 0xff, 0xff,
    0xff, 0xff, 0xff, 0xfc, 0x3f, 0xff, 0xff, 0xff,
    0xff, 0xff, 0xf8, 0x7f, 0xff, 0xff, 0xff, 0xff,
    0xff, 0xf0, 0xff, 0xff, 0xff, 0xff, 0xff, 0xff,
    0xe1, 0xff, 0xff, 0xff, 0xff, 0xff, 0xff, 0xc3,
    0xff, 0xff, 0xff, 0xff, 0xff, 0xff, 0x80, 0x3,
    0xff, 0x0, 0x1f, 0xf8, 0x0, 0x0, 0xf, 0xfe,
    0x0, 0x7f, 0xf0, 0x0, 0x0, 0x1f, 0xfc, 0x0,
    0xff, 0xe0, 0x0, 0x0, 0x3f, 0xf8, 0x1, 0xff,
    0xc0, 0x0, 0x0, 0x7f, 0xf0, 0x3, 0xff, 0x80,
    0x0, 0x0, 0xff, 0xe0, 0x7, 0xfe, 0x0, 0x0,
    0x1, 0xff, 0x80, 0x1f, 0xfc, 0x0, 0x0, 0x7,
    0xff, 0x0, 0x3f, 0xf8, 0x0, 0x0, 0xf, 0xfe,
    0x0, 0x7f, 0xf0, 0x0, 0x0, 0x1f, 0xfc, 0x0,
    0xff, 0xe0, 0x0, 0x0, 0x3f, 0xf8, 0x1, 0xff,
    0xc0, 0x0, 0x0, 0x7f, 0xe0, 0x3, 0xff, 0x0,
    0x0, 0x1, 0xff, 0xc0, 0xf, 0xfe, 0x0, 0x0,
    0x3, 0xff, 0x80, 0x1f, 0xfc, 0x0, 0x0, 0x7,
    0xff, 0x0, 0x3f, 0xf8, 0x0, 0x0, 0xf, 0xfe,
    0x0, 0x7f, 0xf0, 0x0, 0x0, 0x1f, 0xfc, 0x0,
    0xff, 0xc0, 0x0, 0x0, 0x3f, 0xf0, 0x1, 0xff,
    0x80, 0x0, 0x0,

    /* U+0024 "$" */
    0x0, 0x0, 0x0, 0xfe, 0x0, 0x0, 0x0, 0x0,
    0x0, 0x3, 0xf8, 0x0, 0x0, 0x0, 0x0, 0x0,
    0xf, 0xe0, 0x0, 0x0, 0x0, 0x0, 0x0, 0x3f,
    0x80, 0x0, 0x0, 0x0, 0x0, 0x0, 0xfe, 0x0,
    0x0, 0x0, 0x0, 0x0, 0x3, 0xf8, 0x0, 0x0,
    0x0, 0x0, 0x0, 0xf, 0xe0, 0x0, 0x0, 0x0,
    0x0, 0x0, 0x3f, 0x80, 0x0, 0x0, 0x0, 0x0,
    0x0, 0xfe, 0x0, 0x0, 0x0, 0x0, 0x0, 0xff,
    0xff, 0xf0, 0x0, 0x0, 0x0, 0x3f, 0xff, 0xff,
    0xff, 0x0, 0x0, 0x7, 0xff, 0xff, 0xff, 0xff,
    0xc0, 0x0, 0x7f, 0xff, 0xff, 0xff, 0xff, 0xc0,
    0x7, 0xff, 0xff, 0xff, 0xff, 0xff, 0x0, 0x3f,
    0xff, 0xff, 0xff, 0xff, 0xfc, 0x3, 0xff, 0xff,
    0xff, 0xff, 0xff, 0xf0, 0x1f, 0xff, 0xff, 0xff,
    0xff, 0xff, 0xc0, 0x7f, 0xff, 0xff, 0xff, 0xff,
    0xff, 0x3, 0xff, 0xff, 0xff, 0xff, 0xff, 0xfc,
    0xf, 0xff, 0xff, 0xff, 0xff, 0xff, 0xf0, 0x7f,
    0xff, 0xff, 0xff, 0xff, 0xff, 0xc1, 0xff, 0xff,
    0xff, 0xff, 0xff, 0xff, 0xf, 0xff, 0xff, 0xf,
    0xe0, 0x3f, 0xfc, 0x3f, 0xff, 0xe0, 0x3f, 0x80,
    0x7, 0xf0, 0xff, 0xff, 0x0, 0xfe, 0x0, 0x0,
    0xc3, 0xff, 0xf8, 0x3, 0xf8, 0x0, 0x0, 0xf,
    0xff, 0xe0, 0xf, 0xe0, 0x0, 0x0, 0x3f, 0xff,
    0x80, 0x3f, 0x80, 0x0, 0x0, 0xff, 0xfe, 0x0,
    0xfe, 0x0, 0x0, 0x3, 0xff, 0xfc, 0x3, 0xf8,
    0x0, 0x0, 0xf, 0xff, 0xfc, 0xf, 0xe0, 0x0,
    0x0, 0x1f, 0xff, 0xfc, 0x3f, 0x80, 0x0, 0x0,
    0x7f, 0xff, 0xff, 0xfe, 0x0, 0x0, 0x1, 0xff,
    0xff, 0xff, 0xf8, 0x0, 0x0, 0x3, 0xff, 0xff,
    0xff, 0xf0, 0x0, 0x0, 0xf, 0xff, 0xff, 0xff,
    0xfc, 0x0, 0x0, 0x1f, 0xff, 0xff, 0xff, 0xfe,
    0x0, 0x0, 0x3f, 0xff, 0xff, 0xff, 0xff, 0x0,
    0x0, 0x7f, 0xff, 0xff, 0xff, 0xff, 0x80, 0x0,
    0xff, 0xff, 0xff, 0xff, 0xff, 0x0, 0x1, 0xff,
    0xff, 0xff, 0xff, 0xff, 0x0, 0x1, 0xff, 0xff,
    0xff, 0xff, 0xfe, 0x0, 0x1, 0xff, 0xff, 0xff,
    0xff, 0xfc, 0x0, 0x0, 0xff, 0xff, 0xff, 0xff,
    0xf8, 0x0, 0x0, 0x3f, 0xff, 0xff, 0xff, 0xf0,
    0x0, 0x0, 0xf, 0xff, 0xff, 0xff, 0xc0, 0x0,
    0x0, 0xf, 0xff, 0xff, 0xff, 0x80, 0x0, 0x0,
    0x3f, 0xff, 0xff, 0xfe, 0x0, 0x0, 0x0, 0xfe,
    0x7f, 0xff, 0xf8, 0x0, 0x0, 0x3, 0xf8, 0x3f,
    0xff, 0xf0, 0x0, 0x0, 0xf, 0xe0, 0x7f, 0xff,
    0xc0, 0x0, 0x0, 0x3f, 0x80, 0xff, 0xff, 0x0,
    0x0, 0x0, 0xfe, 0x1, 0xff, 0xfc, 0x0, 0x0,
    0x3, 0xf8, 0x7, 0xff, 0xf0, 0x0, 0x0, 0xf,
    0xe0, 0x1f, 0xff, 0xd0, 0x0, 0x0, 0x3f, 0x80,
    0x7f, 0xff, 0x7e, 0x0, 0x0, 0xfe, 0x3, 0xff,
    0xfd, 0xff, 0x80, 0x3, 0xf8, 0x1f, 0xff, 0xe7,
    0xff, 0xf8, 0xf, 0xe7, 0xff, 0xff, 0x9f, 0xff,
    0xff, 0xff, 0xff, 0xff, 0xfe, 0x7f, 0xff, 0xff,
    0xff, 0xff, 0xff, 0xf9, 0xff, 0xff, 0xff, 0xff,
    0xff, 0xff, 0xc7, 0xff, 0xff, 0xff, 0xff, 0xff,
    0xfe, 0x1f, 0xff, 0xff, 0xff, 0xff, 0xff, 0xf8,
    0x7f, 0xff, 0xff, 0xff, 0xff, 0xff, 0xc1, 0xff,
    0xff, 0xff, 0xff, 0xff, 0xfe, 0x7, 0xff, 0xff,
    0xff, 0xff, 0xff, 0xf0, 0x1f, 0xff, 0xff, 0xff,
    0xff, 0xff, 0x0, 0x7f, 0xff, 0xff, 0xff, 0xff,
    0xf8, 0x0, 0x3f, 0xff, 0xff, 0xff, 0xff, 0x80,
    0x0, 0x7, 0xff, 0xff, 0xff, 0xf0, 0x0, 0x0,
    0x0, 0xff, 0xff, 0xf8, 0x0, 0x0, 0x0, 0x0,
    0x0, 0xfe, 0x0, 0x0, 0x0, 0x0, 0x0, 0x3,
    0xf8, 0x0, 0x0, 0x0, 0x0, 0x0, 0xf, 0xe0,
    0x0, 0x0, 0x0, 0x0, 0x0, 0x3f, 0x80, 0x0,
    0x0, 0x0, 0x0, 0x0, 0xfe, 0x0, 0x0, 0x0,
    0x0, 0x0, 0x3, 0xf8, 0x0, 0x0, 0x0, 0x0,
    0x0, 0xf, 0xe0, 0x0, 0x0, 0x0, 0x0, 0x0,
    0x3f, 0x80, 0x0, 0x0, 0x0, 0x0, 0x0, 0xfe,
    0x0, 0x0, 0x0,

    /* U+0025 "%" */
    0x0, 0x1f, 0xf8, 0x0, 0x0, 0x0, 0x0, 0x0,
    0x0, 0x0, 0x0, 0x7f, 0xff, 0x80, 0x0, 0x0,
    0xf, 0xfe, 0x0, 0x0, 0x0, 0x7f, 0xff, 0xe0,
    0x0, 0x0, 0xf, 0xff, 0x0, 0x0, 0x0, 0xff,
    0xff, 0xfc, 0x0, 0x0, 0x7, 0xff, 0x0, 0x0,
    0x0, 0xff, 0xff, 0xff, 0x0, 0x0, 0x7, 0xff,
    0x80, 0x0, 0x0, 0x7f, 0xff, 0xff, 0xc0, 0x0,
    0x3, 0xff, 0x80, 0x0, 0x0, 0x7f, 0xff, 0xff,
    0xe0, 0x0, 0x3, 0xff, 0xc0, 0x0, 0x0, 0x7f,
    0xff, 0xff, 0xf8, 0x0, 0x1, 0xff, 0xc0, 0x0,
    0x0, 0x3f, 0xfc, 0x3f, 0xfc, 0x0, 0x1, 0xff,
    0xc0, 0x0, 0x0, 0x3f, 0xfc, 0x7, 0xff, 0x0,
    0x0, 0xff, 0xe0, 0x0, 0x0, 0x1f, 0xfc, 0x3,
    0xff, 0x80, 0x0, 0xff, 0xe0, 0x0, 0x0, 0xf,
    0xfc, 0x0, 0xff, 0xc0, 0x0, 0x7f, 0xf0, 0x0,
    0x0, 0xf, 0xfe, 0x0, 0x7f, 0xe0, 0x0, 0x7f,
    0xf0, 0x0, 0x0, 0x7, 0xff, 0x0, 0x1f, 0xf8,
    0x0, 0x7f, 0xf8, 0x0, 0x0, 0x3, 0xff, 0x0,
    0xf, 0xfc, 0x0, 0x3f, 0xf8, 0x0, 0x0, 0x1,
    0xff, 0x80, 0x7, 0xfe, 0x0, 0x3f, 0xfc, 0x0,
    0x0, 0x0, 0xff, 0xc0, 0x3, 0xff, 0x0, 0x1f,
    0xfc, 0x0, 0x0, 0x0, 0x7f, 0xe0, 0x1, 0xff,
    0x80, 0x1f, 0xfe, 0x0, 0x0, 0x0, 0x3f, 0xf0,
    0x0, 0xff, 0xc0, 0xf, 0xfe, 0x0, 0x0, 0x0,
    0x1f, 0xf8, 0x0, 0x7f, 0xe0, 0xf, 0xff, 0x0,
    0x0, 0x0, 0xf, 0xfc, 0x0, 0x3f, 0xf0, 0x7,
    0xff, 0x0, 0x0, 0x0, 0x7, 0xfe, 0x0, 0x1f,
    0xf8, 0x7, 0xff, 0x80, 0x0, 0x0, 0x3, 0xff,
    0x0, 0xf, 0xfc, 0x3, 0xff, 0x80, 0x0, 0x0,
    0x0, 0xff, 0xc0, 0xf, 0xfc, 0x3, 0xff, 0xc0,
    0x0, 0x0, 0x0, 0x7f, 0xe0, 0x7, 0xfe, 0x1,
    0xff, 0xc0, 0x0, 0x0, 0x0, 0x3f, 0xf0, 0x7,
    0xff, 0x1, 0xff, 0xe0, 0x0, 0x0, 0x0, 0x1f,
    0xfc, 0x3, 0xff, 0x80, 0xff, 0xe0, 0x0, 0x0,
    0x0, 0x7, 0xff, 0x87, 0xff, 0x80, 0xff, 0xf0,
    0x0, 0x0, 0x0, 0x3, 0xff, 0xff, 0xff, 0xc0,
    0x7f, 0xf0, 0x0, 0xff, 0xc0, 0x0, 0xff, 0xff,
    0xff, 0xc0, 0x7f, 0xf8, 0x3, 0xff, 0xfc, 0x0,
    0x3f, 0xff, 0xff, 0xc0, 0x3f, 0xf8, 0x3, 0xff,
    0xff, 0x0, 0x1f, 0xff, 0xff, 0xc0, 0x3f, 0xfc,
    0x7, 0xff, 0xff, 0xe0, 0x7, 0xff, 0xff, 0xc0,
    0x1f, 0xfc, 0x7, 0xff, 0xff, 0xf8, 0x0, 0xff,
    0xff, 0xc0, 0x1f, 0xfc, 0x3, 0xff, 0xff, 0xfc,
    0x0, 0x3f, 0xff, 0xc0, 0xf, 0xfe, 0x3, 0xff,
    0xff, 0xff, 0x0, 0x3, 0xfe, 0x0, 0xf, 0xfe,
    0x3, 0xff, 0xff, 0xff, 0xc0, 0x0, 0x0, 0x0,
    0xf, 0xff, 0x1, 0xff, 0xe1, 0xff, 0xe0, 0x0,
    0x0, 0x0, 0x7, 0xff, 0x1, 0xff, 0xc0, 0x3f,
    0xf8, 0x0, 0x0, 0x0, 0x7, 0xff, 0x80, 0xff,
    0xe0, 0xf, 0xfc, 0x0, 0x0, 0x0, 0x3, 0xff,
    0x80, 0x7f, 0xe0, 0x7, 0xfe, 0x0, 0x0, 0x0,
    0x3, 0xff, 0xc0, 0x3f, 0xf0, 0x3, 0xff, 0x0,
    0x0, 0x0, 0x1, 0xff, 0xc0, 0x3f, 0xf0, 0x0,
    0xff, 0xc0, 0x0, 0x0, 0x1, 0xff, 0xe0, 0x1f,
    0xf8, 0x0, 0x7f, 0xe0, 0x0, 0x0, 0x0, 0xff,
    0xe0, 0xf, 0xfc, 0x0, 0x3f, 0xf0, 0x0, 0x0,
    0x0, 0xff, 0xf0, 0x7, 0xfe, 0x0, 0x1f, 0xf8,
    0x0, 0x0, 0x0, 0x7f, 0xf0, 0x3, 0xff, 0x0,
    0xf, 0xfc, 0x0, 0x0, 0x0, 0x7f, 0xf8, 0x1,
    0xff, 0x80, 0x7, 0xfe, 0x0, 0x0, 0x0, 0x3f,
    0xf8, 0x0, 0xff, 0xc0, 0x3, 0xff, 0x0, 0x0,
    0x0, 0x3f, 0xfc, 0x0, 0x7f, 0xe0, 0x1, 0xff,
    0x80, 0x0, 0x0, 0x1f, 0xfc, 0x0, 0x3f, 0xf0,
    0x0, 0xff, 0xc0, 0x0, 0x0, 0x1f, 0xfe, 0x0,
    0x1f, 0xf8, 0x0, 0xff, 0xe0, 0x0, 0x0, 0xf,
    0xfe, 0x0, 0xf, 0xfe, 0x0, 0x7f, 0xe0, 0x0,
    0x0, 0xf, 0xff, 0x0, 0x3, 0xff, 0x0, 0x3f,
    0xf0, 0x0, 0x0, 0x7, 0xff, 0x0, 0x1, 0xff,
    0xc0, 0x3f, 0xf8, 0x0, 0x0, 0x7, 0xff, 0x80,
    0x0, 0xff, 0xe0, 0x3f, 0xfc, 0x0, 0x0, 0x3,
    0xff, 0x80, 0x0, 0x3f, 0xfc, 0x3f, 0xfc, 0x0,
    0x0, 0x3, 0xff, 0xc0, 0x0, 0x1f, 0xff, 0xff,
    0xfe, 0x0, 0x0, 0x3, 0xff, 0xc0, 0x0, 0x7,
    0xff, 0xff, 0xfe, 0x0, 0x0, 0x1, 0xff, 0xc0,
    0x0, 0x3, 0xff, 0xff, 0xfe, 0x0, 0x0, 0x1,
    0xff, 0xe0, 0x0, 0x0, 0xff, 0xff, 0xff, 0x0,
    0x0, 0x0, 0xff, 0xe0, 0x0, 0x0, 0x3f, 0xff,
    0xff, 0x0, 0x0, 0x0, 0xff, 0xf0, 0x0, 0x0,
    0x7, 0xff, 0xfe, 0x0, 0x0, 0x0, 0x7f, 0xf0,
    0x0, 0x0, 0x1, 0xff, 0xfe, 0x0, 0x0, 0x0,
    0x0, 0x0, 0x0, 0x0, 0x0, 0x1f, 0xf0, 0x0,

    /* U+0026 "&" */
    0x0, 0x0, 0x0, 0x7f, 0xfe, 0x0, 0x0, 0x0,
    0x0, 0x0, 0x0, 0x3f, 0xff, 0xff, 0xc0, 0x0,
    0x0, 0x0, 0x0, 0xf, 0xff, 0xff, 0xff, 0xc0,
    0x0, 0x0, 0x0, 0x1, 0xff, 0xff, 0xff, 0xfe,
    0x0, 0x0, 0x0, 0x0, 0x1f, 0xff, 0xff, 0xff,
    0xf0, 0x0, 0x0, 0x0, 0x1, 0xff, 0xff, 0xff,
    0xff, 0x80, 0x0, 0x0, 0x0, 0x1f, 0xff, 0xff,
    0xff, 0xfc, 0x0, 0x0, 0x0, 0x1, 0xff, 0xff,
    0xff, 0xff, 0xe0, 0x0, 0x0, 0x0, 0x1f, 0xff,
    0xff, 0xff, 0xff, 0x0, 0x0, 0x0, 0x0, 0xff,
    0xff, 0xff, 0xff, 0xf8, 0x0, 0x0, 0x0, 0xf,
    0xff, 0xff, 0xff, 0xff, 0xc0, 0x0, 0x0, 0x0,
    0x7f, 0xff, 0xff, 0xff, 0xfe, 0x0, 0x0, 0x0,
    0x7, 0xff, 0xff, 0x80, 0x3f, 0xf0, 0x0, 0x0,
    0x0, 0x3f, 0xff, 0xe0, 0x0, 0x1f, 0x80, 0x0,
    0x0, 0x1, 0xff, 0xfe, 0x0, 0x0, 0x1c, 0x0,
    0x0, 0x0, 0xf, 0xff, 0xf0, 0x0, 0x0, 0x0,
    0x0, 0x0, 0x0, 0x7f, 0xff, 0x0, 0x0, 0x0,
    0x0, 0x0, 0x0, 0x3, 0xff, 0xf8, 0x0, 0x0,
    0x0, 0x0, 0x0, 0x0, 0x1f, 0xff, 0xc0, 0x0,
    0x0, 0x0, 0x0, 0x0, 0x0, 0xff, 0xfe, 0x0,
    0x0, 0x0, 0x0, 0x0, 0x0, 0x7, 0xff, 0xf0,
    0x0, 0x0, 0x0, 0x0, 0x0, 0x0, 0x1f, 0xff,
    0xc0, 0x0, 0x0, 0x0, 0x0, 0x0, 0x0, 0xff,
    0xfe, 0x0, 0x0, 0x0, 0x0, 0x0, 0x0, 0x3,
    0xff, 0xf8, 0x0, 0x0, 0x0, 0x0, 0x0, 0x0,
    0x1f, 0xff, 0xe0, 0x0, 0x0, 0x0, 0x0, 0x0,
    0x0, 0x7f, 0xff, 0x0, 0x0, 0x0, 0x0, 0x0,
    0x0, 0x1, 0xff, 0xfc, 0x0, 0x0, 0x0, 0x0,
    0x0, 0x0, 0xf, 0xff, 0xf0, 0x0, 0x0, 0x0,
    0x0, 0x0, 0x0, 0x3f, 0xff, 0xc0, 0x0, 0x0,
    0x0, 0x0, 0x0, 0x3, 0xff, 0xff, 0x0, 0x0,
    0x0, 0x0, 0x0, 0x0, 0x7f, 0xff, 0xfc, 0x0,
    0x1, 0xff, 0xfe, 0x0, 0x7, 0xff, 0xff, 0xf0,
    0x0, 0x1f, 0xff, 0xe0, 0x0, 0xff, 0xff, 0xff,
    0xc0, 0x0, 0xff, 0xff, 0x0, 0xf, 0xff, 0xff,
    0xfe, 0x0, 0xf, 0xff, 0xf0, 0x0, 0xff, 0xff,
    0xff, 0xf8, 0x0, 0xff, 0xff, 0x0, 0xf, 0xff,
    0xff, 0xff, 0xe0, 0x7, 0xff, 0xf8, 0x0, 0xff,
    0xff, 0xff, 0xff, 0x80, 0x7f, 0xff, 0x80, 0x7,
    0xff, 0xff, 0xff, 0xfe, 0x7, 0xff, 0xf8, 0x0,
    0x7f, 0xff, 0xff, 0xff, 0xf8, 0x7f, 0xff, 0xc0,
    0x7, 0xff, 0xfc, 0xff, 0xff, 0xe7, 0xff, 0xfc,
    0x0, 0x3f, 0xff, 0x83, 0xff, 0xff, 0xff, 0xff,
    0xc0, 0x3, 0xff, 0xf8, 0xf, 0xff, 0xff, 0xff,
    0xfc, 0x0, 0x1f, 0xff, 0xc0, 0x3f, 0xff, 0xff,
    0xff, 0xe0, 0x0, 0xff, 0xfc, 0x0, 0xff, 0xff,
    0xff, 0xfe, 0x0, 0xf, 0xff, 0xe0, 0x3, 0xff,
    0xff, 0xff, 0xe0, 0x0, 0x7f, 0xfe, 0x0, 0xf,
    0xff, 0xff, 0xfe, 0x0, 0x3, 0xff, 0xf0, 0x0,
    0x3f, 0xff, 0xff, 0xe0, 0x0, 0x1f, 0xff, 0x80,
    0x0, 0xff, 0xff, 0xff, 0x0, 0x0, 0xff, 0xfc,
    0x0, 0x3, 0xff, 0xff, 0xf0, 0x0, 0x7, 0xff,
    0xe0, 0x0, 0xf, 0xff, 0xff, 0xc0, 0x0, 0x3f,
    0xff, 0x80, 0x1, 0xff, 0xff, 0xff, 0x0, 0x1,
    0xff, 0xfe, 0x0, 0x3f, 0xff, 0xff, 0xfc, 0x0,
    0xf, 0xff, 0xfc, 0x7, 0xff, 0xff, 0xff, 0xf0,
    0x0, 0x3f, 0xff, 0xff, 0xff, 0xff, 0xff, 0xff,
    0xc0, 0x1, 0xff, 0xff, 0xff, 0xff, 0xff, 0xff,
    0xff, 0x0, 0xf, 0xff, 0xff, 0xff, 0xff, 0xff,
    0xff, 0xfe, 0x0, 0x3f, 0xff, 0xff, 0xff, 0xff,
    0xff, 0xff, 0xf8, 0x0, 0xff, 0xff, 0xff, 0xff,
    0xff, 0xff, 0xff, 0xe0, 0x7, 0xff, 0xff, 0xff,
    0xff, 0xe7, 0xff, 0xff, 0x80, 0x1f, 0xff, 0xff,
    0xff, 0xfc, 0x1f, 0xff, 0xfe, 0x0, 0x7f, 0xff,
    0xff, 0xff, 0x80, 0x7f, 0xff, 0xf8, 0x0, 0xff,
    0xff, 0xff, 0xf0, 0x1, 0xff, 0xff, 0xf0, 0x1,
    0xff, 0xff, 0xfe, 0x0, 0x3, 0xff, 0xff, 0xc0,
    0x3, 0xff, 0xff, 0xc0, 0x0, 0x0, 0x0, 0x0,
    0x0, 0x3, 0xff, 0xc0, 0x0, 0x0, 0x0, 0x0,
    0x0,

    /* U+0027 "'" */
    0xff, 0xff, 0xff, 0xff, 0xff, 0xff, 0xff, 0x7f,
    0xfd, 0xff, 0xf7, 0xff, 0xdf, 0xfe, 0x7f, 0xf9,
    0xff, 0xe7, 0xff, 0x9f, 0xfe, 0x7f, 0xf9, 0xff,
    0xe3, 0xff, 0x8f, 0xfe, 0x3f, 0xf8, 0xff, 0xe3,
    0xff, 0xf, 0xfc, 0x3f, 0xf0, 0xff, 0xc3, 0xff,
    0x0,

    /* U+0028 "(" */
    0x0, 0x1f, 0xff, 0xe0, 0x3, 0xff, 0xf8, 0x0,
    0xff, 0xff, 0x0, 0x1f, 0xff, 0xc0, 0x7, 0xff,
    0xf8, 0x0, 0xff, 0xfe, 0x0, 0x3f, 0xff, 0xc0,
    0x7, 0xff, 0xf0, 0x1, 0xff, 0xfe, 0x0, 0x3f,
    0xff, 0x80, 0xf, 0xff, 0xf0, 0x1, 0xff, 0xfc,
    0x0, 0x7f, 0xff, 0x80, 0xf, 0xff, 0xe0, 0x1,
    0xff, 0xfc, 0x0, 0x7f, 0xff, 0x80, 0xf, 0xff,
    0xe0, 0x1, 0xff, 0xfc, 0x0, 0x7f, 0xff, 0x80,
    0xf, 0xff, 0xe0, 0x1, 0xff, 0xfc, 0x0, 0x7f,
    0xff, 0x80, 0xf, 0xff, 0xe0, 0x1, 0xff, 0xfc,
    0x0, 0x3f, 0xff, 0x80, 0xf, 0xff, 0xf0, 0x1,
    0xff, 0xfc, 0x0, 0x3f, 0xff, 0x80, 0x7, 0xff,
    0xf0, 0x0, 0xff, 0xfe, 0x0, 0x1f, 0xff, 0xc0,
    0x7, 0xff, 0xf8, 0x0, 0xff, 0xfe, 0x0, 0x1f,
    0xff, 0xc0, 0x3, 0xff, 0xf8, 0x0, 0x7f, 0xff,
    0x0, 0xf, 0xff, 0xe0, 0x1, 0xff, 0xfc, 0x0,
    0x3f, 0xff, 0x80, 0x7, 0xff, 0xf0, 0x0, 0xff,
    0xfe, 0x0, 0x1f, 0xff, 0xc0, 0x3, 0xff, 0xf8,
    0x0, 0x7f, 0xff, 0x0, 0xf, 0xff, 0xe0, 0x1,
    0xff, 0xfc, 0x0, 0x3f, 0xff, 0x80, 0x7, 0xff,
    0xf0, 0x0, 0xff, 0xfe, 0x0, 0x1f, 0xff, 0xe0,
    0x1, 0xff, 0xfc, 0x0, 0x3f, 0xff, 0x80, 0x7,
    0xff, 0xf0, 0x0, 0xff, 0xfe, 0x0, 0x1f, 0xff,
    0xc0, 0x3, 0xff, 0xfc, 0x0, 0x3f, 0xff, 0x80,
    0x7, 0xff, 0xf0, 0x0, 0xff, 0xfe, 0x0, 0x1f,
    0xff, 0xe0, 0x1, 0xff, 0xfc, 0x0, 0x3f, 0xff,
    0x80, 0x7, 0xff, 0xf8, 0x0, 0x7f, 0xff, 0x0,
    0xf, 0xff, 0xe0, 0x1, 0xff, 0xfe, 0x0, 0x1f,
    0xff, 0xc0, 0x3, 0xff, 0xf8, 0x0, 0x7f, 0xff,
    0x80, 0x7, 0xff, 0xf0, 0x0, 0xff, 0xff, 0x0,
    0xf, 0xff, 0xe0, 0x1, 0xff, 0xfe, 0x0, 0x1f,
    0xff, 0xc0, 0x3, 0xff, 0xfc, 0x0, 0x3f, 0xff,
    0x80, 0x7, 0xff, 0xf8, 0x0, 0x7f, 0xff, 0x0,
    0xf, 0xff, 0xf0, 0x0, 0xff, 0xfe, 0x0, 0x1f,
    0xff, 0xe0,

    /* U+0029 ")" */
    0xff, 0xff, 0x0, 0xf, 0xff, 0xe0, 0x1, 0xff,
    0xfe, 0x0, 0x1f, 0xff, 0xc0, 0x3, 0xff, 0xfc,
    0x0, 0x3f, 0xff, 0x80, 0x7, 0xff, 0xf8, 0x0,
    0x7f, 0xff, 0x0, 0xf, 0xff, 0xf0, 0x0, 0xff,
    0xfe, 0x0, 0x1f, 0xff, 0xe0, 0x1, 0xff, 0xfc,
    0x0, 0x3f, 0xff, 0xc0, 0x3, 0xff, 0xf8, 0x0,
    0x7f, 0xff, 0x0, 0xf, 0xff, 0xf0, 0x0, 0xff,
    0xfe, 0x0, 0x1f, 0xff, 0xc0, 0x3, 0xff, 0xfc,
    0x0, 0x3f, 0xff, 0x80, 0x7, 0xff, 0xf0, 0x0,
    0xff, 0xff, 0x0, 0xf, 0xff, 0xe0, 0x1, 0xff,
    0xfc, 0x0, 0x3f, 0xff, 0x80, 0x7, 0xff, 0xf8,
    0x0, 0x7f, 0xff, 0x0, 0xf, 0xff, 0xe0, 0x1,
    0xff, 0xfc, 0x0, 0x3f, 0xff, 0x80, 0x7, 0xff,
    0xf0, 0x0, 0xff, 0xfe, 0x0, 0xf, 0xff, 0xe0,
    0x1, 0xff, 0xfc, 0x0, 0x3f, 0xff, 0x80, 0x7,
    0xff, 0xf0, 0x0, 0xff, 0xfe, 0x0, 0x1f, 0xff,
    0xc0, 0x3, 0xff, 0xf8, 0x0, 0x7f, 0xff, 0x0,
    0xf, 0xff, 0xe0, 0x1, 0xff, 0xfc, 0x0, 0x3f,
    0xff, 0x80, 0x7, 0xff, 0xf0, 0x0, 0xff, 0xfe,
    0x0, 0x1f, 0xff, 0xc0, 0x3, 0xff, 0xf8, 0x0,
    0x7f, 0xff, 0x0, 0xf, 0xff, 0xe0, 0x3, 0xff,
    0xfc, 0x0, 0x7f, 0xff, 0x0, 0xf, 0xff, 0xe0,
    0x1, 0xff, 0xfc, 0x0, 0x3f, 0xff, 0x80, 0x7,
    0xff, 0xf0, 0x1, 0xff, 0xfe, 0x0, 0x3f, 0xff,
    0x80, 0x7, 0xff, 0xf0, 0x0, 0xff, 0xfe, 0x0,
    0x3f, 0xff, 0xc0, 0x7, 0xff, 0xf0, 0x0, 0xff,
    0xfe, 0x0, 0x3f, 0xff, 0xc0, 0x7, 0xff, 0xf0,
    0x0, 0xff, 0xfe, 0x0, 0x3f, 0xff, 0xc0, 0x7,
    0xff, 0xf0, 0x0, 0xff, 0xfe, 0x0, 0x3f, 0xff,
    0xc0, 0x7, 0xff, 0xf0, 0x1, 0xff, 0xfe, 0x0,
    0x3f, 0xff, 0x80, 0xf, 0xff, 0xf0, 0x1, 0xff,
    0xfc, 0x0, 0x7f, 0xff, 0x80, 0xf, 0xff, 0xe0,
    0x3, 0xff, 0xfc, 0x0, 0x7f, 0xff, 0x0, 0x1f,
    0xff, 0xe0, 0x3, 0xff, 0xf8, 0x0, 0xff, 0xff,
    0x0, 0x0,

    /* U+002A "*" */
    0x0, 0x40, 0x20, 0x0, 0xe, 0x7, 0x0, 0x3,
    0xe0, 0x7c, 0x0, 0xff, 0xf, 0xf0, 0xf, 0xf0,
    0xff, 0x0, 0x7f, 0xf, 0xe0, 0x3, 0xf9, 0xfc,
    0x0, 0x1f, 0x9f, 0x80, 0x0, 0xf9, 0xf0, 0x0,
    0xf, 0xff, 0x0, 0x80, 0x7f, 0xe0, 0x1f, 0xe3,
    0xfc, 0x7f, 0xff, 0xff, 0xff, 0xff, 0xff, 0xff,
    0xff, 0xff, 0xff, 0xff, 0xff, 0xff, 0xff, 0xff,
    0xff, 0xbf, 0xdf, 0xfe, 0x7, 0xfe, 0x7, 0x0,
    0x7f, 0xe0, 0x0, 0xf, 0xff, 0x0, 0x1, 0xf9,
    0xf8, 0x0, 0x3f, 0x9f, 0xc0, 0x7, 0xf1, 0xfe,
    0x0, 0x7f, 0xf, 0xe0, 0xf, 0xf0, 0xff, 0x0,
    0x7e, 0x7, 0xe0, 0x1, 0xe0, 0x78, 0x0, 0xe,
    0x6, 0x0, 0x0, 0x0, 0x0, 0x0,

    /* U+002B "+" */
    0x0, 0x0, 0xff, 0xfc, 0x0, 0x0, 0x0, 0x3,
    0xff, 0xf0, 0x0, 0x0, 0x0, 0xf, 0xff, 0xc0,
    0x0, 0x0, 0x0, 0x3f, 0xff, 0x0, 0x0, 0x0,
    0x0, 0xff, 0xfc, 0x0, 0x0, 0x0, 0x3, 0xff,
    0xf0, 0x0, 0x0, 0x0, 0xf, 0xff, 0xc0, 0x0,
    0x0, 0x0, 0x3f, 0xff, 0x0, 0x0, 0x0, 0x0,
    0xff, 0xfc, 0x0, 0x0, 0x0, 0x3, 0xff, 0xf0,
    0x0, 0x0, 0x0, 0xf, 0xff, 0xc0, 0x0, 0x0,
    0x0, 0x3f, 0xff, 0x0, 0x0, 0x0, 0x0, 0xff,
    0xfc, 0x0, 0x0, 0x0, 0x3, 0xff, 0xf0, 0x0,
    0x0, 0x0, 0xf, 0xff, 0xc0, 0x0, 0x3f, 0xff,
    0xff, 0xff, 0xff, 0xff, 0xff, 0xff, 0xff, 0xff,
    0xff, 0xff, 0xff, 0xff, 0xff, 0xff, 0xff, 0xff,
    0xff, 0xff, 0xff, 0xff, 0xff, 0xff, 0xff, 0xff,
    0xff, 0xff, 0xff, 0xff, 0xff, 0xff, 0xff, 0xff,
    0xff, 0xff, 0xff, 0xff, 0xff, 0xff, 0xff, 0xff,
    0xff, 0xff, 0xff, 0xff, 0xff, 0xff, 0xff, 0xff,
    0xff, 0xff, 0xff, 0xff, 0xff, 0xff, 0xff, 0xff,
    0xff, 0xff, 0xff, 0xff, 0xff, 0xff, 0xff, 0xff,
    0xff, 0xff, 0xff, 0xff, 0xff, 0xff, 0xff, 0xff,
    0xff, 0xff, 0xff, 0xff, 0xff, 0xff, 0xfc, 0x0,
    0x3, 0xff, 0xf0, 0x0, 0x0, 0x0, 0xf, 0xff,
    0xc0, 0x0, 0x0, 0x0, 0x3f, 0xff, 0x0, 0x0,
    0x0, 0x0, 0xff, 0xfc, 0x0, 0x0, 0x0, 0x3,
    0xff, 0xf0, 0x0, 0x0, 0x0, 0xf, 0xff, 0xc0,
    0x0, 0x0, 0x0, 0x3f, 0xff, 0x0, 0x0, 0x0,
    0x0, 0xff, 0xfc, 0x0, 0x0, 0x0, 0x3, 0xff,
    0xf0, 0x0, 0x0, 0x0, 0xf, 0xff, 0xc0, 0x0,
    0x0, 0x0, 0x3f, 0xff, 0x0, 0x0, 0x0, 0x0,
    0xff, 0xfc, 0x0, 0x0, 0x0, 0x3, 0xff, 0xf0,
    0x0, 0x0, 0x0, 0xf, 0xff, 0xc0, 0x0, 0x0,
    0x0, 0x3f, 0xff, 0x0, 0x0, 0x0, 0x0, 0xff,
    0xfc, 0x0, 0x0,

    /* U+002C "," */
    0x7, 0xff, 0xf0, 0x7f, 0xff, 0xf, 0xff, 0xf0,
    0xff, 0xfe, 0xf, 0xff, 0xe0, 0xff, 0xfe, 0xf,
    0xff, 0xc1, 0xff, 0xfc, 0x1f, 0xff, 0xc1, 0xff,
    0xfc, 0x1f, 0xff, 0x81, 0xff, 0xf8, 0x3f, 0xff,
    0x83, 0xff, 0xf0, 0x3f, 0xff, 0x3, 0xff, 0xf0,
    0x3f, 0xfe, 0x7, 0xff, 0xe0, 0x7f, 0xfe, 0x7,
    0xff, 0xc0, 0x7f, 0xfc, 0x7, 0xff, 0xc0, 0xff,
    0xfc, 0xf, 0xff, 0x80, 0xff, 0xf8, 0xf, 0xff,
    0x80, 0xff, 0xf0, 0x0,

    /* U+002D "-" */
    0xff, 0xff, 0xff, 0xff, 0xff, 0xff, 0xff, 0xff,
    0xff, 0xff, 0xff, 0xff, 0xff, 0xff, 0xff, 0xff,
    0xff, 0xff, 0xff, 0xff, 0xff, 0xff, 0xff, 0xff,
    0xff, 0xff, 0xff, 0xff, 0xff, 0xff, 0xff, 0xff,
    0xff, 0xff, 0xff, 0xff, 0xff, 0xff, 0xff, 0xff,
    0xff, 0xff, 0xff, 0xff, 0xff, 0xff, 0xff, 0xff,
    0xff, 0xff, 0xff, 0xff, 0xff, 0xff, 0xff, 0xff,
    0xff, 0xff, 0xff, 0xff, 0xff, 0xff, 0xff, 0xff,
    0xfc,

    /* U+002E "." */
    0xff, 0xff, 0xff, 0xff, 0xff, 0xff, 0xff, 0xff,
    0xff, 0xff, 0xff, 0xff, 0xff, 0xff, 0xff, 0xff,
    0xff, 0xff, 0xff, 0xff, 0xff, 0xff, 0xff, 0xff,
    0xff, 0xff, 0xff, 0xff, 0x80,

    /* U+002F "/" */
    0x0, 0x0, 0x0, 0x1, 0xff, 0xfe, 0x0, 0x0,
    0x0, 0x3, 0xff, 0xf8, 0x0, 0x0, 0x0, 0xf,
    0xff, 0xf0, 0x0, 0x0, 0x0, 0x1f, 0xff, 0xc0,
    0x0, 0x0, 0x0, 0x3f, 0xff, 0x80, 0x0, 0x0,
    0x0, 0xff, 0xfe, 0x0, 0x0, 0x0, 0x1, 0xff,
    0xfc, 0x0, 0x0, 0x0, 0x7, 0xff, 0xf0, 0x0,
    0x0, 0x0, 0xf, 0xff, 0xe0, 0x0, 0x0, 0x0,
    0x3f, 0xff, 0xc0, 0x0, 0x0, 0x0, 0x7f, 0xff,
    0x0, 0x0, 0x0, 0x0, 0xff, 0xfe, 0x0, 0x0,
    0x0, 0x3, 0xff, 0xf8, 0x0, 0x0, 0x0, 0x7,
    0xff, 0xf0, 0x0, 0x0, 0x0, 0x1f, 0xff, 0xc0,
    0x0, 0x0, 0x0, 0x3f, 0xff, 0x80, 0x0, 0x0,
    0x0, 0xff, 0xff, 0x0, 0x0, 0x0, 0x1, 0xff,
    0xfc, 0x0, 0x0, 0x0, 0x7, 0xff, 0xf8, 0x0,
    0x0, 0x0, 0xf, 0xff, 0xe0, 0x0, 0x0, 0x0,
    0x1f, 0xff, 0xc0, 0x0, 0x0, 0x0, 0x7f, 0xff,
    0x0, 0x0, 0x0, 0x0, 0xff, 0xfe, 0x0, 0x0,
    0x0, 0x3, 0xff, 0xf8, 0x0, 0x0, 0x0, 0x7,
    0xff, 0xf0, 0x0, 0x0, 0x0, 0x1f, 0xff, 0xe0,
    0x0, 0x0, 0x0, 0x3f, 0xff, 0x80, 0x0, 0x0,
    0x0, 0x7f, 0xff, 0x0, 0x0, 0x0, 0x1, 0xff,
    0xfc, 0x0, 0x0, 0x0, 0x3, 0xff, 0xf8, 0x0,
    0x0, 0x0, 0xf, 0xff, 0xe0, 0x0, 0x0, 0x0,
    0x1f, 0xff, 0xc0, 0x0, 0x0, 0x0, 0x7f, 0xff,
    0x80, 0x0, 0x0, 0x0, 0xff, 0xfe, 0x0, 0x0,
    0x0, 0x1, 0xff, 0xfc, 0x0, 0x0, 0x0, 0x7,
    0xff, 0xf0, 0x0, 0x0, 0x0, 0xf, 0xff, 0xe0,
    0x0, 0x0, 0x0, 0x3f, 0xff, 0x80, 0x0, 0x0,
    0x0, 0x7f, 0xff, 0x0, 0x0, 0x0, 0x1, 0xff,
    0xfc, 0x0, 0x0, 0x0, 0x3, 0xff, 0xf8, 0x0,
    0x0, 0x0, 0x7, 0xff, 0xf0, 0x0, 0x0, 0x0,
    0x1f, 0xff, 0xc0, 0x0, 0x0, 0x0, 0x3f, 0xff,
    0x80, 0x0, 0x0, 0x0, 0xff, 0xfe, 0x0, 0x0,
    0x0, 0x1, 0xff, 0xfc, 0x0, 0x0, 0x0, 0x7,
    0xff, 0xf0, 0x0, 0x0, 0x0, 0xf, 0xff, 0xe0,
    0x0, 0x0, 0x0, 0x1f, 0xff, 0xc0, 0x0, 0x0,
    0x0, 0x7f, 0xff, 0x0, 0x0, 0x0, 0x0, 0xff,
    0xfe, 0x0, 0x0, 0x0, 0x3, 0xff, 0xf8, 0x0,
    0x0, 0x0, 0x7, 0xff, 0xf0, 0x0, 0x0, 0x0,
    0x1f, 0xff, 0xc0, 0x0, 0x0, 0x0, 0x3f, 0xff,
    0x80, 0x0, 0x0, 0x0, 0xff, 0xfe, 0x0, 0x0,
    0x0, 0x1, 0xff, 0xfc, 0x0, 0x0, 0x0, 0x3,
    0xff, 0xf8, 0x0, 0x0, 0x0, 0xf, 0xff, 0xe0,
    0x0, 0x0, 0x0, 0x1f, 0xff, 0xc0, 0x0, 0x0,
    0x0, 0x7f, 0xff, 0x0, 0x0, 0x0, 0x0, 0xff,
    0xfe, 0x0, 0x0, 0x0, 0x3, 0xff, 0xf8, 0x0,
    0x0, 0x0, 0x7, 0xff, 0xf0, 0x0, 0x0, 0x0,
    0xf, 0xff, 0xe0, 0x0, 0x0, 0x0, 0x3f, 0xff,
    0x80, 0x0, 0x0, 0x0, 0x7f, 0xff, 0x0, 0x0,
    0x0, 0x1, 0xff, 0xfc, 0x0, 0x0, 0x0, 0x3,
    0xff, 0xf8, 0x0, 0x0, 0x0, 0xf, 0xff, 0xe0,
    0x0, 0x0, 0x0, 0x1f, 0xff, 0xc0, 0x0, 0x0,
    0x0, 0x3f, 0xff, 0x0, 0x0, 0x0, 0x0, 0xff,
    0xfe, 0x0, 0x0, 0x0, 0x0,

    /* U+0030 "0" */
    0x0, 0x0, 0x3, 0xff, 0xe0, 0x0, 0x0, 0x0,
    0x0, 0xf, 0xff, 0xff, 0xc0, 0x0, 0x0, 0x0,
    0x1f, 0xff, 0xff, 0xfc, 0x0, 0x0, 0x0, 0x1f,
    0xff, 0xff, 0xff, 0xc0, 0x0, 0x0, 0xf, 0xff,
    0xff, 0xff, 0xfc, 0x0, 0x0, 0xf, 0xff, 0xff,
    0xff, 0xff, 0x80, 0x0, 0x7, 0xff, 0xff, 0xff,
    0xff, 0xf8, 0x0, 0x3, 0xff, 0xff, 0xff, 0xff,
    0xff, 0x0, 0x1, 0xff, 0xff, 0xff, 0xff, 0xff,
    0xe0, 0x0, 0xff, 0xff, 0xff, 0xff, 0xff, 0xf8,
    0x0, 0x3f, 0xff, 0xff, 0xff, 0xff, 0xff, 0x0,
    0x1f, 0xff, 0xff, 0xff, 0xff, 0xff, 0xe0, 0xf,
    0xff, 0xff, 0x80, 0xff, 0xff, 0xf8, 0x3, 0xff,
    0xff, 0x80, 0x7, 0xff, 0xff, 0x1, 0xff, 0xff,
    0x80, 0x0, 0xff, 0xff, 0xe0, 0x7f, 0xff, 0xc0,
    0x0, 0x1f, 0xff, 0xf8, 0x1f, 0xff, 0xe0, 0x0,
    0x3, 0xff, 0xfe, 0xf, 0xff, 0xf8, 0x0, 0x0,
    0x7f, 0xff, 0xc3, 0xff, 0xfc, 0x0, 0x0, 0xf,
    0xff, 0xf0, 0xff, 0xfe, 0x0, 0x0, 0x3, 0xff,
    0xfc, 0x7f, 0xff, 0x80, 0x0, 0x0, 0x7f, 0xff,
    0x9f, 0xff, 0xe0, 0x0, 0x0, 0x1f, 0xff, 0xe7,
    0xff, 0xf0, 0x0, 0x0, 0x3, 0xff, 0xf9, 0xff,
    0xfc, 0x0, 0x0, 0x0, 0xff, 0xfe, 0xff, 0xff,
    0x0, 0x0, 0x0, 0x3f, 0xff, 0xbf, 0xff, 0xc0,
    0x0, 0x0, 0xf, 0xff, 0xff, 0xff, 0xe0, 0x0,
    0x0, 0x1, 0xff, 0xff, 0xff, 0xf8, 0x0, 0x0,
    0x0, 0x7f, 0xff, 0xff, 0xfe, 0x0, 0x0, 0x0,
    0x1f, 0xff, 0xff, 0xff, 0x80, 0x0, 0x0, 0x7,
    0xff, 0xff, 0xff, 0xe0, 0x0, 0x0, 0x1, 0xff,
    0xff, 0xff, 0xf8, 0x0, 0x0, 0x0, 0x7f, 0xff,
    0xff, 0xfe, 0x0, 0x0, 0x0, 0x1f, 0xff, 0xff,
    0xff, 0x80, 0x0, 0x0, 0x7, 0xff, 0xff, 0xff,
    0xe0, 0x0, 0x0, 0x1, 0xff, 0xff, 0xff, 0xf8,
    0x0, 0x0, 0x0, 0x7f, 0xff, 0xff, 0xfe, 0x0,
    0x0, 0x0, 0x1f, 0xff, 0xff, 0xff, 0x80, 0x0,
    0x0, 0x7, 0xff, 0xff, 0xff, 0xe0, 0x0, 0x0,
    0x1, 0xff, 0xff, 0xff, 0xfc, 0x0, 0x0, 0x0,
    0xff, 0xfe, 0x7f, 0xff, 0x0, 0x0, 0x0, 0x3f,
    0xff, 0x9f, 0xff, 0xc0, 0x0, 0x0, 0xf, 0xff,
    0xe7, 0xff, 0xf0, 0x0, 0x0, 0x3, 0xff, 0xf9,
    0xff, 0xfe, 0x0, 0x0, 0x1, 0xff, 0xfe, 0x3f,
    0xff, 0x80, 0x0, 0x0, 0x7f, 0xff, 0xf, 0xff,
    0xf0, 0x0, 0x0, 0x3f, 0xff, 0xc3, 0xff, 0xfc,
    0x0, 0x0, 0x1f, 0xff, 0xf0, 0x7f, 0xff, 0x80,
    0x0, 0x7, 0xff, 0xf8, 0x1f, 0xff, 0xf0, 0x0,
    0x3, 0xff, 0xfe, 0x7, 0xff, 0xfe, 0x0, 0x3,
    0xff, 0xff, 0x0, 0xff, 0xff, 0xe0, 0x1, 0xff,
    0xff, 0xc0, 0x3f, 0xff, 0xfe, 0x3, 0xff, 0xff,
    0xe0, 0x7, 0xff, 0xff, 0xff, 0xff, 0xff, 0xf8,
    0x0, 0xff, 0xff, 0xff, 0xff, 0xff, 0xfc, 0x0,
    0x1f, 0xff, 0xff, 0xff, 0xff, 0xfe, 0x0, 0x7,
    0xff, 0xff, 0xff, 0xff, 0xff, 0x0, 0x0, 0xff,
    0xff, 0xff, 0xff, 0xff, 0x80, 0x0, 0x1f, 0xff,
    0xff, 0xff, 0xff, 0xc0, 0x0, 0x3, 0xff, 0xff,
    0xff, 0xff, 0xe0, 0x0, 0x0, 0x3f, 0xff, 0xff,
    0xff, 0xf0, 0x0, 0x0, 0x7, 0xff, 0xff, 0xff,
    0xf0, 0x0, 0x0, 0x0, 0x7f, 0xff, 0xff, 0xf0,
    0x0, 0x0, 0x0, 0x3, 0xff, 0xff, 0xe0, 0x0,
    0x0, 0x0, 0x0, 0xf, 0xff, 0x80, 0x0, 0x0,

    /* U+0031 "1" */
    0x0, 0x0, 0x0, 0x7, 0x0, 0x0, 0x1, 0xff,
    0x0, 0x0, 0x3f, 0xff, 0x0, 0x7, 0xff, 0xff,
    0x0, 0xff, 0xff, 0xff, 0x1f, 0xff, 0xff, 0xff,
    0xff, 0xff, 0xff, 0xff, 0xff, 0xff, 0xff, 0xff,
    0xff, 0xff, 0xff, 0xff, 0xff, 0xff, 0xff, 0xff,
    0xff, 0xff, 0xff, 0xff, 0xff, 0xff, 0xff, 0xff,
    0xff, 0xff, 0xff, 0xff, 0xff, 0xff, 0xff, 0xff,
    0xff, 0xff, 0xff, 0xff, 0xff, 0xff, 0x7f, 0xff,
    0xff, 0x80, 0x7f, 0xff, 0xc0, 0x0, 0x7f, 0xff,
    0x0, 0x0, 0x7f, 0xff, 0x0, 0x0, 0x7f, 0xff,
    0x0, 0x0, 0x7f, 0xff, 0x0, 0x0, 0x7f, 0xff,
    0x0, 0x0, 0x7f, 0xff, 0x0, 0x0, 0x7f, 0xff,
    0x0, 0x0, 0x7f, 0xff, 0x0, 0x0, 0x7f, 0xff,
    0x0, 0x0, 0x7f, 0xff, 0x0, 0x0, 0x7f, 0xff,
    0x0, 0x0, 0x7f, 0xff, 0x0, 0x0, 0x7f, 0xff,
    0x0, 0x0, 0x7f, 0xff, 0x0, 0x0, 0x7f, 0xff,
    0x0, 0x0, 0x7f, 0xff, 0x0, 0x0, 0x7f, 0xff,
    0x0, 0x0, 0x7f, 0xff, 0x0, 0x0, 0x7f, 0xff,
    0x0, 0x0, 0x7f, 0xff, 0x0, 0x0, 0x7f, 0xff,
    0x0, 0x0, 0x7f, 0xff, 0x0, 0x0, 0x7f, 0xff,
    0x0, 0x0, 0x7f, 0xff, 0x0, 0x0, 0x7f, 0xff,
    0x0, 0x0, 0x7f, 0xff, 0x0, 0x0, 0x7f, 0xff,
    0x0, 0x0, 0x7f, 0xff, 0x0, 0x0, 0x7f, 0xff,
    0x0, 0x0, 0x7f, 0xff, 0x0, 0x0, 0x7f, 0xff,
    0x0, 0x0, 0x7f, 0xff, 0x0, 0x0, 0x7f, 0xff,
    0x0, 0x0, 0x7f, 0xff, 0x0, 0x0, 0x7f, 0xff,
    0x0, 0x0, 0x7f, 0xff, 0x0, 0x0, 0x7f, 0xff,
    0x0, 0x0, 0x7f, 0xff, 0x0, 0x0, 0x7f, 0xff,
    0x0, 0x0, 0x7f, 0xff, 0x0, 0x0, 0x7f, 0xff,
    0x0, 0x0, 0x7f, 0xff, 0x0, 0x0, 0x7f, 0xff,
    0x0, 0x0, 0x7f, 0xff, 0x0, 0x0, 0x7f, 0xff,
    0x0, 0x0, 0x7f, 0xff,

    /* U+0032 "2" */
    0x0, 0x0, 0x7f, 0xff, 0x0, 0x0, 0x0, 0x1f,
    0xff, 0xff, 0xfc, 0x0, 0x0, 0x7f, 0xff, 0xff,
    0xff, 0xe0, 0x0, 0x7f, 0xff, 0xff, 0xff, 0xfe,
    0x0, 0x1f, 0xff, 0xff, 0xff, 0xff, 0xc0, 0x7,
    0xff, 0xff, 0xff, 0xff, 0xf8, 0x1, 0xff, 0xff,
    0xff, 0xff, 0xff, 0x0, 0x7f, 0xff, 0xff, 0xff,
    0xff, 0xe0, 0x1f, 0xff, 0xff, 0xff, 0xff, 0xfc,
    0x7, 0xff, 0xff, 0xff, 0xff, 0xff, 0x81, 0xff,
    0xff, 0xff, 0xff, 0xff, 0xf0, 0x7f, 0xff, 0xff,
    0xff, 0xff, 0xfc, 0x1f, 0xfc, 0x0, 0x1f, 0xff,
    0xff, 0x7, 0xe0, 0x0, 0x0, 0xff, 0xff, 0xe1,
    0x0, 0x0, 0x0, 0xf, 0xff, 0xf8, 0x0, 0x0,
    0x0, 0x1, 0xff, 0xfe, 0x0, 0x0, 0x0, 0x0,
    0x3f, 0xff, 0xc0, 0x0, 0x0, 0x0, 0xf, 0xff,
    0xf0, 0x0, 0x0, 0x0, 0x1, 0xff, 0xfc, 0x0,
    0x0, 0x0, 0x0, 0x7f, 0xff, 0x0, 0x0, 0x0,
    0x0, 0x1f, 0xff, 0xc0, 0x0, 0x0, 0x0, 0x7,
    0xff, 0xf0, 0x0, 0x0, 0x0, 0x1, 0xff, 0xfc,
    0x0, 0x0, 0x0, 0x0, 0x7f, 0xff, 0x0, 0x0,
    0x0, 0x0, 0x3f, 0xff, 0xc0, 0x0, 0x0, 0x0,
    0xf, 0xff, 0xf0, 0x0, 0x0, 0x0, 0x7, 0xff,
    0xf8, 0x0, 0x0, 0x0, 0x1, 0xff, 0xfe, 0x0,
    0x0, 0x0, 0x0, 0xff, 0xff, 0x80, 0x0, 0x0,
    0x0, 0x7f, 0xff, 0xc0, 0x0, 0x0, 0x0, 0x3f,
    0xff, 0xf0, 0x0, 0x0, 0x0, 0x1f, 0xff, 0xf8,
    0x0, 0x0, 0x0, 0xf, 0xff, 0xfc, 0x0, 0x0,
    0x0, 0x7, 0xff, 0xff, 0x0, 0x0, 0x0, 0x7,
    0xff, 0xff, 0x80, 0x0, 0x0, 0x3, 0xff, 0xff,
    0xc0, 0x0, 0x0, 0x1, 0xff, 0xff, 0xe0, 0x0,
    0x0, 0x1, 0xff, 0xff, 0xf0, 0x0, 0x0, 0x0,
    0xff, 0xff, 0xf8, 0x0, 0x0, 0x0, 0xff, 0xff,
    0xfc, 0x0, 0x0, 0x0, 0x7f, 0xff, 0xfe, 0x0,
    0x0, 0x0, 0x7f, 0xff, 0xfe, 0x0, 0x0, 0x0,
    0x3f, 0xff, 0xff, 0x0, 0x0, 0x0, 0x3f, 0xff,
    0xff, 0x80, 0x0, 0x0, 0x1f, 0xff, 0xff, 0x80,
    0x0, 0x0, 0x1f, 0xff, 0xff, 0xc0, 0x0, 0x0,
    0x1f, 0xff, 0xff, 0xc0, 0x0, 0x0, 0x1f, 0xff,
    0xff, 0xc0, 0x0, 0x0, 0xf, 0xff, 0xff, 0xe0,
    0x0, 0x0, 0xf, 0xff, 0xff, 0xe0, 0x0, 0x0,
    0xf, 0xff, 0xff, 0xe0, 0x0, 0x0, 0x3, 0xff,
    0xff, 0xff, 0xff, 0xff, 0xfc, 0xff, 0xff, 0xff,
    0xff, 0xff, 0xff, 0x3f, 0xff, 0xff, 0xff, 0xff,
    0xff, 0xcf, 0xff, 0xff, 0xff, 0xff, 0xff, 0xf3,
    0xff, 0xff, 0xff, 0xff, 0xff, 0xfc, 0xff, 0xff,
    0xff, 0xff, 0xff, 0xff, 0x3f, 0xff, 0xff, 0xff,
    0xff, 0xff, 0xcf, 0xff, 0xff, 0xff, 0xff, 0xff,
    0xf3, 0xff, 0xff, 0xff, 0xff, 0xff, 0xfc, 0xff,
    0xff, 0xff, 0xff, 0xff, 0xff, 0x3f, 0xff, 0xff,
    0xff, 0xff, 0xff, 0xcf, 0xff, 0xff, 0xff, 0xff,
    0xff, 0xf0,

    /* U+0033 "3" */
    0x7f, 0xff, 0xff, 0xff, 0xff, 0xff, 0x9f, 0xff,
    0xff, 0xff, 0xff, 0xff, 0xe7, 0xff, 0xff, 0xff,
    0xff, 0xff, 0xf9, 0xff, 0xff, 0xff, 0xff, 0xff,
    0xfe, 0x7f, 0xff, 0xff, 0xff, 0xff, 0xff, 0x9f,
    0xff, 0xff, 0xff, 0xff, 0xff, 0xe7, 0xff, 0xff,
    0xff, 0xff, 0xff, 0xf9, 0xff, 0xff, 0xff, 0xff,
    0xff, 0xfe, 0x7f, 0xff, 0xff, 0xff, 0xff, 0xff,
    0x9f, 0xff, 0xff, 0xff, 0xff, 0xff, 0xe7, 0xff,
    0xff, 0xff, 0xff, 0xff, 0xf1, 0xff, 0xff, 0xff,
    0xff, 0xff, 0xf8, 0x0, 0x0, 0x0, 0x7, 0xff,
    0xfc, 0x0, 0x0, 0x0, 0x3, 0xff, 0xfe, 0x0,
    0x0, 0x0, 0x1, 0xff, 0xff, 0x0, 0x0, 0x0,
    0x0, 0xff, 0xff, 0x80, 0x0, 0x0, 0x0, 0x7f,
    0xff, 0xc0, 0x0, 0x0, 0x0, 0x3f, 0xff, 0xe0,
    0x0, 0x0, 0x0, 0x1f, 0xff, 0xf0, 0x0, 0x0,
    0x0, 0x1f, 0xff, 0xf8, 0x0, 0x0, 0x0, 0xf,
    0xff, 0xfc, 0x0, 0x0, 0x0, 0x7, 0xff, 0xfe,
    0x0, 0x0, 0x0, 0x3, 0xff, 0xff, 0x0, 0x0,
    0x0, 0x1, 0xff, 0xff, 0x80, 0x0, 0x0, 0x0,
    0xff, 0xff, 0xf0, 0x0, 0x0, 0x0, 0x7f, 0xff,
    0xff, 0x80, 0x0, 0x0, 0x3f, 0xff, 0xff, 0xf8,
    0x0, 0x0, 0xf, 0xff, 0xff, 0xff, 0x0, 0x0,
    0x3, 0xff, 0xff, 0xff, 0xf0, 0x0, 0x0, 0xff,
    0xff, 0xff, 0xfe, 0x0, 0x0, 0x3f, 0xff, 0xff,
    0xff, 0xc0, 0x0, 0xf, 0xff, 0xff, 0xff, 0xf8,
    0x0, 0x1, 0xff, 0xff, 0xff, 0xfe, 0x0, 0x0,
    0x0, 0x3, 0xff, 0xff, 0xc0, 0x0, 0x0, 0x0,
    0x1f, 0xff, 0xf0, 0x0, 0x0, 0x0, 0x3, 0xff,
    0xfe, 0x0, 0x0, 0x0, 0x0, 0x7f, 0xff, 0x80,
    0x0, 0x0, 0x0, 0xf, 0xff, 0xf0, 0x0, 0x0,
    0x0, 0x3, 0xff, 0xfc, 0x0, 0x0, 0x0, 0x0,
    0x7f, 0xff, 0x0, 0x0, 0x0, 0x0, 0x1f, 0xff,
    0xc0, 0x0, 0x0, 0x0, 0x7, 0xff, 0xf0, 0x0,
    0x0, 0x0, 0x1, 0xff, 0xfc, 0x0, 0x0, 0x0,
    0x0, 0x7f, 0xff, 0x0, 0x0, 0x0, 0x0, 0x1f,
    0xff, 0xc0, 0x0, 0x0, 0x0, 0xf, 0xff, 0xf0,
    0x0, 0x0, 0x0, 0x7, 0xff, 0xfc, 0x0, 0x0,
    0x0, 0x3, 0xff, 0xfe, 0xe0, 0x0, 0x0, 0x1,
    0xff, 0xff, 0xbf, 0xc0, 0x0, 0x1, 0xff, 0xff,
    0xef, 0xff, 0xc0, 0x3, 0xff, 0xff, 0xf3, 0xff,
    0xff, 0xff, 0xff, 0xff, 0xfc, 0xff, 0xff, 0xff,
    0xff, 0xff, 0xfe, 0x3f, 0xff, 0xff, 0xff, 0xff,
    0xff, 0x8f, 0xff, 0xff, 0xff, 0xff, 0xff, 0xc3,
    0xff, 0xff, 0xff, 0xff, 0xff, 0xe0, 0xff, 0xff,
    0xff, 0xff, 0xff, 0xf0, 0x3f, 0xff, 0xff, 0xff,
    0xff, 0xf8, 0xf, 0xff, 0xff, 0xff, 0xff, 0xfc,
    0x3, 0xff, 0xff, 0xff, 0xff, 0xfc, 0x0, 0x3f,
    0xff, 0xff, 0xff, 0xfc, 0x0, 0x0, 0xff, 0xff,
    0xff, 0xf8, 0x0, 0x0, 0x0, 0xff, 0xff, 0x80,
    0x0, 0x0,

    /* U+0034 "4" */
    0x0, 0x0, 0x0, 0x0, 0xff, 0xff, 0xc0, 0x0,
    0x0, 0x0, 0x0, 0x7f, 0xff, 0xe0, 0x0, 0x0,
    0x0, 0x0, 0x3f, 0xff, 0xf0, 0x0, 0x0, 0x0,
    0x0, 0x1f, 0xff, 0xf8, 0x0, 0x0, 0x0, 0x0,
    0xf, 0xff, 0xfc, 0x0, 0x0, 0x0, 0x0, 0x7,
    0xff, 0xfe, 0x0, 0x0, 0x0, 0x0, 0x3, 0xff,
    0xff, 0x0, 0x0, 0x0, 0x0, 0x1, 0xff, 0xff,
    0x80, 0x0, 0x0, 0x0, 0x0, 0xff, 0xff, 0xc0,
    0x0, 0x0, 0x0, 0x0, 0x3f, 0xff, 0xe0, 0x0,
    0x0, 0x0, 0x0, 0x1f, 0xff, 0xf8, 0x0, 0x0,
    0x0, 0x0, 0xf, 0xff, 0xf8, 0x0, 0x0, 0x0,
    0x0, 0x7, 0xff, 0xfc, 0x0, 0x0, 0x0, 0x0,
    0x3, 0xff, 0xff, 0x0, 0x0, 0x0, 0x0, 0x1,
    0xff, 0xff, 0x80, 0x0, 0x0, 0x0, 0x0, 0xff,
    0xff, 0xc0, 0x0, 0x0, 0x0, 0x0, 0x7f, 0xff,
    0xe0, 0x0, 0x0, 0x0, 0x0, 0x1f, 0xff, 0xf0,
    0x0, 0x0, 0x0, 0x0, 0xf, 0xff, 0xf8, 0x0,
    0x0, 0x0, 0x0, 0x7, 0xff, 0xfc, 0x0, 0x0,
    0x0, 0x0, 0x3, 0xff, 0xfe, 0x0, 0x0, 0x0,
    0x0, 0x1, 0xff, 0xff, 0x0, 0x0, 0x0, 0x0,
    0x0, 0xff, 0xff, 0x80, 0x0, 0x0, 0x0, 0x0,
    0x3f, 0xff, 0xc0, 0x0, 0x0, 0x0, 0x0, 0x1f,
    0xff, 0xf0, 0x0, 0x0, 0x0, 0x0, 0xf, 0xff,
    0xf8, 0xf, 0xff, 0xe0, 0x0, 0x7, 0xff, 0xfc,
    0x3, 0xff, 0xf8, 0x0, 0x1, 0xff, 0xfe, 0x0,
    0xff, 0xfe, 0x0, 0x0, 0xff, 0xff, 0x0, 0x3f,
    0xff, 0x80, 0x0, 0x7f, 0xff, 0x80, 0xf, 0xff,
    0xe0, 0x0, 0x3f, 0xff, 0xe0, 0x3, 0xff, 0xf8,
    0x0, 0xf, 0xff, 0xf0, 0x0, 0xff, 0xfe, 0x0,
    0x7, 0xff, 0xf8, 0x0, 0x3f, 0xff, 0x80, 0x3,
    0xff, 0xfc, 0x0, 0xf, 0xff, 0xe0, 0x1, 0xff,
    0xfe, 0x0, 0x3, 0xff, 0xf8, 0x0, 0x7f, 0xff,
    0x80, 0x0, 0xff, 0xfe, 0x0, 0x3f, 0xff, 0xc0,
    0x0, 0x3f, 0xff, 0x80, 0x1f, 0xff, 0xe0, 0x0,
    0xf, 0xff, 0xe0, 0x7, 0xff, 0xf8, 0x0, 0x3,
    0xff, 0xf8, 0x3, 0xff, 0xff, 0xff, 0xff, 0xff,
    0xff, 0xff, 0xff, 0xff, 0xff, 0xff, 0xff, 0xff,
    0xff, 0xff, 0xff, 0xff, 0xff, 0xff, 0xff, 0xff,
    0xff, 0xff, 0xff, 0xff, 0xff, 0xff, 0xff, 0xff,
    0xff, 0xff, 0xff, 0xff, 0xff, 0xff, 0xff, 0xff,
    0xff, 0xff, 0xff, 0xff, 0xff, 0xff, 0xff, 0xff,
    0xff, 0xff, 0xff, 0xff, 0xff, 0xff, 0xff, 0xff,
    0xff, 0xff, 0xff, 0xff, 0xff, 0xff, 0xff, 0xff,
    0xff, 0xff, 0xff, 0xff, 0xff, 0xff, 0xff, 0xff,
    0xff, 0xff, 0xff, 0xff, 0xff, 0xff, 0xff, 0xff,
    0xff, 0xff, 0xff, 0xff, 0xff, 0xff, 0xff, 0xff,
    0xff, 0xfc, 0x0, 0x0, 0x0, 0x0, 0xff, 0xfe,
    0x0, 0x0, 0x0, 0x0, 0x0, 0x3f, 0xff, 0x80,
    0x0, 0x0, 0x0, 0x0, 0xf, 0xff, 0xe0, 0x0,
    0x0, 0x0, 0x0, 0x3, 0xff, 0xf8, 0x0, 0x0,
    0x0, 0x0, 0x0, 0xff, 0xfe, 0x0, 0x0, 0x0,
    0x0, 0x0, 0x3f, 0xff, 0x80, 0x0, 0x0, 0x0,
    0x0, 0xf, 0xff, 0xe0, 0x0, 0x0, 0x0, 0x0,
    0x3, 0xff, 0xf8, 0x0, 0x0, 0x0, 0x0, 0x0,
    0xff, 0xfe, 0x0, 0x0, 0x0, 0x0, 0x0, 0x3f,
    0xff, 0x80, 0x0, 0x0, 0x0, 0x0, 0xf, 0xff,
    0xe0, 0x0,

    /* U+0035 "5" */
    0xf, 0xff, 0xff, 0xff, 0xff, 0xfc, 0x3, 0xff,
    0xff, 0xff, 0xff, 0xff, 0x0, 0xff, 0xff, 0xff,
    0xff, 0xff, 0xc0, 0x3f, 0xff, 0xff, 0xff, 0xff,
    0xf0, 0xf, 0xff, 0xff, 0xff, 0xff, 0xfc, 0x3,
    0xff, 0xff, 0xff, 0xff, 0xff, 0x0, 0xff, 0xff,
    0xff, 0xff, 0xff, 0xc0, 0x3f, 0xff, 0xff, 0xff,
    0xff, 0xf0, 0xf, 0xff, 0xff, 0xff, 0xff, 0xfc,
    0x3, 0xff, 0xff, 0xff, 0xff, 0xff, 0x0, 0xff,
    0xff, 0xff, 0xff, 0xff, 0xc0, 0x7f, 0xff, 0xff,
    0xff, 0xff, 0xf0, 0x1f, 0xff, 0x0, 0x0, 0x0,
    0x0, 0x7, 0xff, 0xc0, 0x0, 0x0, 0x0, 0x1,
    0xff, 0xf0, 0x0, 0x0, 0x0, 0x0, 0x7f, 0xfc,
    0x0, 0x0, 0x0, 0x0, 0x1f, 0xff, 0x0, 0x0,
    0x0, 0x0, 0x7, 0xff, 0xc0, 0x0, 0x0, 0x0,
    0x1, 0xff, 0xf0, 0x0, 0x0, 0x0, 0x0, 0x7f,
    0xfc, 0x0, 0x0, 0x0, 0x0, 0x1f, 0xff, 0x0,
    0x0, 0x0, 0x0, 0x7, 0xff, 0xc0, 0x0, 0x0,
    0x0, 0x1, 0xff, 0xf1, 0xff, 0xf0, 0x0, 0x0,
    0x7f, 0xff, 0xff, 0xff, 0xc0, 0x0, 0x3f, 0xff,
    0xff, 0xff, 0xfe, 0x0, 0xf, 0xff, 0xff, 0xff,
    0xff, 0xe0, 0x3, 0xff, 0xff, 0xff, 0xff, 0xfc,
    0x0, 0xff, 0xff, 0xff, 0xff, 0xff, 0xc0, 0x3f,
    0xff, 0xff, 0xff, 0xff, 0xf8, 0xf, 0xff, 0xff,
    0xff, 0xff, 0xff, 0x3, 0xff, 0xff, 0xff, 0xff,
    0xff, 0xc0, 0xff, 0xff, 0xff, 0xff, 0xff, 0xf8,
    0x3f, 0xff, 0xff, 0xff, 0xff, 0xff, 0xf, 0xff,
    0xff, 0xff, 0xff, 0xff, 0xc3, 0xff, 0x80, 0x0,
    0xff, 0xff, 0xf8, 0xf0, 0x0, 0x0, 0x7, 0xff,
    0xfe, 0x0, 0x0, 0x0, 0x0, 0xff, 0xff, 0x80,
    0x0, 0x0, 0x0, 0x1f, 0xff, 0xf0, 0x0, 0x0,
    0x0, 0x3, 0xff, 0xfc, 0x0, 0x0, 0x0, 0x0,
    0x7f, 0xff, 0x0, 0x0, 0x0, 0x0, 0x1f, 0xff,
    0xc0, 0x0, 0x0, 0x0, 0x7, 0xff, 0xf0, 0x0,
    0x0, 0x0, 0x1, 0xff, 0xfc, 0x0, 0x0, 0x0,
    0x0, 0x7f, 0xff, 0x0, 0x0, 0x0, 0x0, 0x1f,
    0xff, 0xc0, 0x0, 0x0, 0x0, 0xf, 0xff, 0xf0,
    0x0, 0x0, 0x0, 0x3, 0xff, 0xf8, 0x0, 0x0,
    0x0, 0x1, 0xff, 0xfe, 0xf0, 0x0, 0x0, 0x0,
    0xff, 0xff, 0xbf, 0xc0, 0x0, 0x0, 0xff, 0xff,
    0xef, 0xff, 0xc0, 0x1, 0xff, 0xff, 0xf3, 0xff,
    0xff, 0xff, 0xff, 0xff, 0xfc, 0xff, 0xff, 0xff,
    0xff, 0xff, 0xfe, 0x3f, 0xff, 0xff, 0xff, 0xff,
    0xff, 0xf, 0xff, 0xff, 0xff, 0xff, 0xff, 0xc3,
    0xff, 0xff, 0xff, 0xff, 0xff, 0xe0, 0xff, 0xff,
    0xff, 0xff, 0xff, 0xf0, 0x3f, 0xff, 0xff, 0xff,
    0xff, 0xf8, 0xf, 0xff, 0xff, 0xff, 0xff, 0xf8,
    0x3, 0xff, 0xff, 0xff, 0xff, 0xf8, 0x0, 0x3f,
    0xff, 0xff, 0xff, 0xf8, 0x0, 0x0, 0x7f, 0xff,
    0xff, 0xf0, 0x0, 0x0, 0x0, 0x3f, 0xff, 0x80,
    0x0, 0x0,

    /* U+0036 "6" */
    0x0, 0x0, 0x0, 0x0, 0xf, 0xff, 0x80, 0x0,
    0x0, 0x0, 0xf, 0xff, 0xfe, 0x0, 0x0, 0x0,
    0x3, 0xff, 0xff, 0xf8, 0x0, 0x0, 0x0, 0x7f,
    0xff, 0xff, 0xe0, 0x0, 0x0, 0xf, 0xff, 0xff,
    0xff, 0x80, 0x0, 0x0, 0xff, 0xff, 0xff, 0xfe,
    0x0, 0x0, 0x7, 0xff, 0xff, 0xff, 0xf8, 0x0,
    0x0, 0x7f, 0xff, 0xff, 0xff, 0xe0, 0x0, 0x3,
    0xff, 0xff, 0xff, 0xff, 0x80, 0x0, 0x3f, 0xff,
    0xff, 0xff, 0xfe, 0x0, 0x1, 0xff, 0xff, 0xff,
    0xff, 0xf8, 0x0, 0xf, 0xff, 0xff, 0xff, 0xff,
    0xe0, 0x0, 0x7f, 0xff, 0xff, 0xff, 0xff, 0x80,
    0x3, 0xff, 0xff, 0xfe, 0x0, 0x0, 0x0, 0x1f,
    0xff, 0xff, 0x0, 0x0, 0x0, 0x0, 0xff, 0xff,
    0xe0, 0x0, 0x0, 0x0, 0x3, 0xff, 0xfe, 0x0,
    0x0, 0x0, 0x0, 0x1f, 0xff, 0xf0, 0x0, 0x0,
    0x0, 0x0, 0xff, 0xff, 0xf, 0xff, 0x0, 0x0,
    0x3, 0xff, 0xf9, 0xff, 0xff, 0x80, 0x0, 0x1f,
    0xff, 0xff, 0xff, 0xff, 0xc0, 0x0, 0x7f, 0xff,
    0xff, 0xff, 0xff, 0xc0, 0x1, 0xff, 0xff, 0xff,
    0xff, 0xff, 0x80, 0xf, 0xff, 0xff, 0xff, 0xff,
    0xff, 0x80, 0x3f, 0xff, 0xff, 0xff, 0xff, 0xff,
    0x0, 0xff, 0xff, 0xff, 0xff, 0xff, 0xfe, 0x7,
    0xff, 0xff, 0xff, 0xff, 0xff, 0xf8, 0x1f, 0xff,
    0xff, 0xff, 0xff, 0xff, 0xf0, 0x7f, 0xff, 0xff,
    0xff, 0xff, 0xff, 0xe1, 0xff, 0xff, 0xff, 0xff,
    0xff, 0xff, 0x8f, 0xff, 0xff, 0xe0, 0x1f, 0xff,
    0xff, 0x3f, 0xff, 0xfc, 0x0, 0xf, 0xff, 0xfc,
    0xff, 0xff, 0xe0, 0x0, 0x1f, 0xff, 0xfb, 0xff,
    0xff, 0x0, 0x0, 0x3f, 0xff, 0xef, 0xff, 0xf8,
    0x0, 0x0, 0x7f, 0xff, 0xbf, 0xff, 0xc0, 0x0,
    0x0, 0xff, 0xfe, 0xff, 0xff, 0x0, 0x0, 0x3,
    0xff, 0xff, 0xff, 0xf8, 0x0, 0x0, 0x7, 0xff,
    0xff, 0xff, 0xe0, 0x0, 0x0, 0x1f, 0xff, 0xff,
    0xff, 0x80, 0x0, 0x0, 0x7f, 0xff, 0xff, 0xfe,
    0x0, 0x0, 0x1, 0xff, 0xff, 0xff, 0xf8, 0x0,
    0x0, 0x7, 0xff, 0xff, 0xff, 0xe0, 0x0, 0x0,
    0x1f, 0xff, 0xff, 0xff, 0x80, 0x0, 0x0, 0x7f,
    0xff, 0x7f, 0xfe, 0x0, 0x0, 0x3, 0xff, 0xfd,
    0xff, 0xfc, 0x0, 0x0, 0xf, 0xff, 0xf7, 0xff,
    0xf0, 0x0, 0x0, 0x3f, 0xff, 0x9f, 0xff, 0xe0,
    0x0, 0x1, 0xff, 0xfe, 0x3f, 0xff, 0x80, 0x0,
    0xf, 0xff, 0xf8, 0xff, 0xff, 0x0, 0x0, 0x7f,
    0xff, 0xe3, 0xff, 0xff, 0x0, 0x3, 0xff, 0xff,
    0x7, 0xff, 0xff, 0x80, 0x7f, 0xff, 0xfc, 0xf,
    0xff, 0xff, 0xff, 0xff, 0xff, 0xe0, 0x3f, 0xff,
    0xff, 0xff, 0xff, 0xff, 0x80, 0x7f, 0xff, 0xff,
    0xff, 0xff, 0xfc, 0x0, 0xff, 0xff, 0xff, 0xff,
    0xff, 0xe0, 0x1, 0xff, 0xff, 0xff, 0xff, 0xff,
    0x0, 0x3, 0xff, 0xff, 0xff, 0xff, 0xf8, 0x0,
    0x7, 0xff, 0xff, 0xff, 0xff, 0xc0, 0x0, 0xf,
    0xff, 0xff, 0xff, 0xfe, 0x0, 0x0, 0xf, 0xff,
    0xff, 0xff, 0xe0, 0x0, 0x0, 0xf, 0xff, 0xff,
    0xfe, 0x0, 0x0, 0x0, 0x7, 0xff, 0xff, 0xc0,
    0x0, 0x0, 0x0, 0x1, 0xff, 0xf0, 0x0, 0x0,

    /* U+0037 "7" */
    0xff, 0xff, 0xff, 0xff, 0xff, 0xff, 0xff, 0xff,
    0xff, 0xff, 0xff, 0xff, 0xff, 0xff, 0xff, 0xff,
    0xff, 0xff, 0xff, 0xff, 0xff, 0xff, 0xff, 0xff,
    0xff, 0xff, 0xff, 0xff, 0xff, 0xff, 0xff, 0xff,
    0xff, 0xff, 0xff, 0xff, 0xff, 0xff, 0xff, 0xff,
    0xff, 0xff, 0xff, 0xff, 0xff, 0xff, 0xff, 0xff,
    0xff, 0xff, 0xff, 0xff, 0xff, 0xff, 0xff, 0xff,
    0xff, 0xff, 0xff, 0xff, 0xff, 0xff, 0xff, 0xff,
    0xff, 0xff, 0xff, 0xdf, 0xff, 0xff, 0xff, 0xff,
    0xff, 0xe0, 0x0, 0x0, 0x0, 0x1f, 0xff, 0xe0,
    0x0, 0x0, 0x0, 0xf, 0xff, 0xe0, 0x0, 0x0,
    0x0, 0xf, 0xff, 0xf0, 0x0, 0x0, 0x0, 0xf,
    0xff, 0xf0, 0x0, 0x0, 0x0, 0x7, 0xff, 0xf0,
    0x0, 0x0, 0x0, 0x7, 0xff, 0xf8, 0x0, 0x0,
    0x0, 0x7, 0xff, 0xf8, 0x0, 0x0, 0x0, 0x3,
    0xff, 0xf8, 0x0, 0x0, 0x0, 0x3, 0xff, 0xfc,
    0x0, 0x0, 0x0, 0x3, 0xff, 0xfc, 0x0, 0x0,
    0x0, 0x1, 0xff, 0xfe, 0x0, 0x0, 0x0, 0x1,
    0xff, 0xfe, 0x0, 0x0, 0x0, 0x1, 0xff, 0xfe,
    0x0, 0x0, 0x0, 0x0, 0xff, 0xff, 0x0, 0x0,
    0x0, 0x0, 0xff, 0xff, 0x0, 0x0, 0x0, 0x0,
    0x7f, 0xff, 0x0, 0x0, 0x0, 0x0, 0x7f, 0xff,
    0x80, 0x0, 0x0, 0x0, 0x7f, 0xff, 0x80, 0x0,
    0x0, 0x0, 0x3f, 0xff, 0xc0, 0x0, 0x0, 0x0,
    0x3f, 0xff, 0xc0, 0x0, 0x0, 0x0, 0x1f, 0xff,
    0xe0, 0x0, 0x0, 0x0, 0x1f, 0xff, 0xe0, 0x0,
    0x0, 0x0, 0xf, 0xff, 0xe0, 0x0, 0x0, 0x0,
    0xf, 0xff, 0xf0, 0x0, 0x0, 0x0, 0x7, 0xff,
    0xf0, 0x0, 0x0, 0x0, 0x7, 0xff, 0xf8, 0x0,
    0x0, 0x0, 0x7, 0xff, 0xf8, 0x0, 0x0, 0x0,
    0x3, 0xff, 0xfc, 0x0, 0x0, 0x0, 0x3, 0xff,
    0xfc, 0x0, 0x0, 0x0, 0x1, 0xff, 0xfe, 0x0,
    0x0, 0x0, 0x1, 0xff, 0xfe, 0x0, 0x0, 0x0,
    0x0, 0xff, 0xfe, 0x0, 0x0, 0x0, 0x0, 0xff,
    0xff, 0x0, 0x0, 0x0, 0x0, 0x7f, 0xff, 0x0,
    0x0, 0x0, 0x0, 0x7f, 0xff, 0x80, 0x0, 0x0,
    0x0, 0x3f, 0xff, 0x80, 0x0, 0x0, 0x0, 0x3f,
    0xff, 0xc0, 0x0, 0x0, 0x0, 0x1f, 0xff, 0xc0,
    0x0, 0x0, 0x0, 0x1f, 0xff, 0xe0, 0x0, 0x0,
    0x0, 0xf, 0xff, 0xe0, 0x0, 0x0, 0x0, 0xf,
    0xff, 0xf0, 0x0, 0x0, 0x0, 0x7, 0xff, 0xf8,
    0x0, 0x0, 0x0, 0x7, 0xff, 0xf8, 0x0, 0x0,
    0x0, 0x3, 0xff, 0xfc, 0x0, 0x0, 0x0, 0x3,
    0xff, 0xfc, 0x0, 0x0, 0x0, 0x1, 0xff, 0xfe,
    0x0, 0x0, 0x0, 0x1, 0xff, 0xfe, 0x0, 0x0,
    0x0, 0x0, 0xff, 0xff, 0x0, 0x0, 0x0, 0x0,
    0x7f, 0xff, 0x80, 0x0, 0x0, 0x0, 0x7f, 0xff,
    0x80, 0x0, 0x0, 0x0,

    /* U+0038 "8" */
    0x0, 0x0, 0x1f, 0xff, 0x80, 0x0, 0x0, 0x0,
    0x1f, 0xff, 0xff, 0x80, 0x0, 0x0, 0xf, 0xff,
    0xff, 0xff, 0x0, 0x0, 0x3, 0xff, 0xff, 0xff,
    0xfc, 0x0, 0x0, 0x7f, 0xff, 0xff, 0xff, 0xe0,
    0x0, 0xf, 0xff, 0xff, 0xff, 0xff, 0x0, 0x3,
    0xff, 0xff, 0xff, 0xff, 0xfc, 0x0, 0x3f, 0xff,
    0xff, 0xff, 0xff, 0xc0, 0x7, 0xff, 0xff, 0xff,
    0xff, 0xfe, 0x0, 0xff, 0xff, 0xff, 0xff, 0xff,
    0xf0, 0xf, 0xff, 0xff, 0xff, 0xff, 0xff, 0x1,
    0xff, 0xff, 0xff, 0xff, 0xff, 0xf8, 0x1f, 0xff,
    0xfc, 0x3, 0xff, 0xff, 0x81, 0xff, 0xff, 0x0,
    0xf, 0xff, 0xf8, 0x3f, 0xff, 0xe0, 0x0, 0x7f,
    0xff, 0xc3, 0xff, 0xfc, 0x0, 0x3, 0xff, 0xfc,
    0x3f, 0xff, 0xc0, 0x0, 0x3f, 0xff, 0xc3, 0xff,
    0xf8, 0x0, 0x1, 0xff, 0xfc, 0x3f, 0xff, 0x80,
    0x0, 0x1f, 0xff, 0xc3, 0xff, 0xf8, 0x0, 0x1,
    0xff, 0xfc, 0x3f, 0xff, 0x80, 0x0, 0x1f, 0xff,
    0xc3, 0xff, 0xf8, 0x0, 0x1, 0xff, 0xfc, 0x1f,
    0xff, 0xc0, 0x0, 0x3f, 0xff, 0x81, 0xff, 0xfc,
    0x0, 0x3, 0xff, 0xf8, 0x1f, 0xff, 0xe0, 0x0,
    0x7f, 0xff, 0x80, 0xff, 0xff, 0x0, 0xf, 0xff,
    0xf0, 0xf, 0xff, 0xfe, 0x7, 0xff, 0xff, 0x0,
    0x7f, 0xff, 0xff, 0xff, 0xff, 0xe0, 0x3, 0xff,
    0xff, 0xff, 0xff, 0xfc, 0x0, 0x1f, 0xff, 0xff,
    0xff, 0xff, 0x80, 0x0, 0xff, 0xff, 0xff, 0xff,
    0xf0, 0x0, 0x3, 0xff, 0xff, 0xff, 0xfc, 0x0,
    0x0, 0xff, 0xff, 0xff, 0xff, 0xf0, 0x0, 0x1f,
    0xff, 0xff, 0xff, 0xff, 0x80, 0x7, 0xff, 0xff,
    0xff, 0xff, 0xfe, 0x0, 0xff, 0xff, 0xff, 0xff,
    0xff, 0xf0, 0x1f, 0xff, 0xff, 0xff, 0xff, 0xff,
    0x81, 0xff, 0xff, 0xc0, 0x3f, 0xff, 0xf8, 0x3f,
    0xff, 0xe0, 0x0, 0x7f, 0xff, 0xc7, 0xff, 0xfc,
    0x0, 0x1, 0xff, 0xfe, 0x7f, 0xff, 0x80, 0x0,
    0x1f, 0xff, 0xe7, 0xff, 0xf0, 0x0, 0x0, 0xff,
    0xfe, 0xff, 0xfe, 0x0, 0x0, 0x7, 0xff, 0xff,
    0xff, 0xe0, 0x0, 0x0, 0x7f, 0xff, 0xff, 0xfe,
    0x0, 0x0, 0x7, 0xff, 0xff, 0xff, 0xe0, 0x0,
    0x0, 0x7f, 0xff, 0xff, 0xfe, 0x0, 0x0, 0x7,
    0xff, 0xff, 0xff, 0xe0, 0x0, 0x0, 0x7f, 0xff,
    0xff, 0xff, 0x0, 0x0, 0xf, 0xff, 0xff, 0xff,
    0xf8, 0x0, 0x1, 0xff, 0xff, 0xff, 0xff, 0xc0,
    0x0, 0x3f, 0xff, 0xf7, 0xff, 0xfe, 0x0, 0x7,
    0xff, 0xfe, 0x7f, 0xff, 0xfc, 0x3, 0xff, 0xff,
    0xe7, 0xff, 0xff, 0xff, 0xff, 0xff, 0xfe, 0x3f,
    0xff, 0xff, 0xff, 0xff, 0xff, 0xc3, 0xff, 0xff,
    0xff, 0xff, 0xff, 0xfc, 0x1f, 0xff, 0xff, 0xff,
    0xff, 0xff, 0x80, 0xff, 0xff, 0xff, 0xff, 0xff,
    0xf0, 0x7, 0xff, 0xff, 0xff, 0xff, 0xfe, 0x0,
    0x3f, 0xff, 0xff, 0xff, 0xff, 0xc0, 0x1, 0xff,
    0xff, 0xff, 0xff, 0xf8, 0x0, 0x7, 0xff, 0xff,
    0xff, 0xfe, 0x0, 0x0, 0x1f, 0xff, 0xff, 0xff,
    0x80, 0x0, 0x0, 0x3f, 0xff, 0xff, 0xc0, 0x0,
    0x0, 0x0, 0x1f, 0xff, 0x80, 0x0, 0x0,

    /* U+0039 "9" */
    0x0, 0x0, 0xf, 0xff, 0x80, 0x0, 0x0, 0x0,
    0x3, 0xff, 0xff, 0xe0, 0x0, 0x0, 0x0, 0x7f,
    0xff, 0xff, 0xf0, 0x0, 0x0, 0x7, 0xff, 0xff,
    0xff, 0xf0, 0x0, 0x0, 0x7f, 0xff, 0xff, 0xff,
    0xf0, 0x0, 0x3, 0xff, 0xff, 0xff, 0xff, 0xe0,
    0x0, 0x1f, 0xff, 0xff, 0xff, 0xff, 0xc0, 0x0,
    0xff, 0xff, 0xff, 0xff, 0xff, 0x80, 0x7, 0xff,
    0xff, 0xff, 0xff, 0xff, 0x0, 0x3f, 0xff, 0xff,
    0xff, 0xff, 0xfe, 0x1, 0xff, 0xff, 0xff, 0xff,
    0xff, 0xfc, 0x7, 0xff, 0xff, 0xff, 0xff, 0xff,
    0xf0, 0x3f, 0xff, 0xfe, 0x0, 0xff, 0xff, 0xe0,
    0xff, 0xff, 0xc0, 0x0, 0xff, 0xff, 0x87, 0xff,
    0xfe, 0x0, 0x0, 0xff, 0xff, 0x1f, 0xff, 0xf0,
    0x0, 0x1, 0xff, 0xfc, 0x7f, 0xff, 0x80, 0x0,
    0x7, 0xff, 0xfb, 0xff, 0xfc, 0x0, 0x0, 0xf,
    0xff, 0xef, 0xff, 0xf0, 0x0, 0x0, 0x3f, 0xff,
    0xbf, 0xff, 0x80, 0x0, 0x0, 0x7f, 0xfe, 0xff,
    0xfe, 0x0, 0x0, 0x1, 0xff, 0xff, 0xff, 0xf8,
    0x0, 0x0, 0x7, 0xff, 0xff, 0xff, 0xe0, 0x0,
    0x0, 0x1f, 0xff, 0xff, 0xff, 0x80, 0x0, 0x0,
    0x7f, 0xff, 0xff, 0xfe, 0x0, 0x0, 0x1, 0xff,
    0xff, 0xff, 0xf8, 0x0, 0x0, 0x7, 0xff, 0xff,
    0xff, 0xf0, 0x0, 0x0, 0x3f, 0xff, 0xff, 0xff,
    0xc0, 0x0, 0x0, 0xff, 0xff, 0x7f, 0xff, 0x80,
    0x0, 0x7, 0xff, 0xfd, 0xff, 0xff, 0x0, 0x0,
    0x1f, 0xff, 0xf7, 0xff, 0xfe, 0x0, 0x1, 0xff,
    0xff, 0xcf, 0xff, 0xfc, 0x0, 0xf, 0xff, 0xff,
    0x3f, 0xff, 0xfe, 0x1, 0xff, 0xff, 0xfc, 0xff,
    0xff, 0xff, 0xff, 0xff, 0xff, 0xe1, 0xff, 0xff,
    0xff, 0xff, 0xff, 0xff, 0x83, 0xff, 0xff, 0xff,
    0xff, 0xff, 0xfe, 0xf, 0xff, 0xff, 0xff, 0xff,
    0xff, 0xf8, 0x1f, 0xff, 0xff, 0xff, 0xff, 0xff,
    0xe0, 0x3f, 0xff, 0xff, 0xff, 0xff, 0xff, 0x0,
    0x7f, 0xff, 0xff, 0xff, 0xff, 0xfc, 0x0, 0x7f,
    0xff, 0xff, 0xff, 0xff, 0xf0, 0x0, 0xff, 0xff,
    0xff, 0xff, 0xff, 0x80, 0x0, 0xff, 0xff, 0xff,
    0xff, 0xfe, 0x0, 0x0, 0xff, 0xff, 0xe7, 0xff,
    0xf0, 0x0, 0x0, 0x3f, 0xfc, 0x3f, 0xff, 0xc0,
    0x0, 0x0, 0x0, 0x1, 0xff, 0xfe, 0x0, 0x0,
    0x0, 0x0, 0x1f, 0xff, 0xf8, 0x0, 0x0, 0x0,
    0x0, 0xff, 0xff, 0xc0, 0x0, 0x0, 0x0, 0xf,
    0xff, 0xff, 0x0, 0x0, 0x0, 0x1, 0xff, 0xff,
    0xf8, 0x0, 0x0, 0x0, 0xff, 0xff, 0xff, 0xc0,
    0x1, 0xff, 0xff, 0xff, 0xff, 0xfe, 0x0, 0x7,
    0xff, 0xff, 0xff, 0xff, 0xf0, 0x0, 0x1f, 0xff,
    0xff, 0xff, 0xff, 0x80, 0x0, 0x7f, 0xff, 0xff,
    0xff, 0xfc, 0x0, 0x1, 0xff, 0xff, 0xff, 0xff,
    0xc0, 0x0, 0x7, 0xff, 0xff, 0xff, 0xfe, 0x0,
    0x0, 0x1f, 0xff, 0xff, 0xff, 0xe0, 0x0, 0x0,
    0x7f, 0xff, 0xff, 0xff, 0x0, 0x0, 0x1, 0xff,
    0xff, 0xff, 0xe0, 0x0, 0x0, 0x7, 0xff, 0xff,
    0xfe, 0x0, 0x0, 0x0, 0x1f, 0xff, 0xff, 0xc0,
    0x0, 0x0, 0x0, 0x7f, 0xff, 0xf0, 0x0, 0x0,
    0x0, 0x1, 0xff, 0xf0, 0x0, 0x0, 0x0, 0x0,

    /* U+003A ":" */
    0xff, 0xff, 0xff, 0xff, 0xff, 0xff, 0xff, 0xff,
    0xff, 0xff, 0xff, 0xff, 0xff, 0xff, 0xff, 0xff,
    0xff, 0xff, 0xff, 0xff, 0xff, 0xff, 0xff, 0xff,
    0xff, 0xff, 0xff, 0xff, 0x80, 0x0, 0x0, 0x0,
    0x0, 0x0, 0x0, 0x0, 0x0, 0x0, 0x0, 0x0,
    0x0, 0x0, 0x0, 0x0, 0x0, 0x0, 0x0, 0x0,
    0x0, 0x0, 0x0, 0x0, 0x0, 0x0, 0x0, 0x0,
    0x0, 0x0, 0x7f, 0xff, 0xff, 0xff, 0xff, 0xff,
    0xff, 0xff, 0xff, 0xff, 0xff, 0xff, 0xff, 0xff,
    0xff, 0xff, 0xff, 0xff, 0xff, 0xff, 0xff, 0xff,
    0xff, 0xff, 0xff, 0xff, 0xff, 0xff, 0xc0,

    /* U+003B ";" */
    0x3, 0xff, 0xf8, 0x1f, 0xff, 0xc0, 0xff, 0xfe,
    0x7, 0xff, 0xf0, 0x3f, 0xff, 0x81, 0xff, 0xfc,
    0xf, 0xff, 0xe0, 0x7f, 0xff, 0x3, 0xff, 0xf8,
    0x1f, 0xff, 0xc0, 0xff, 0xfe, 0x7, 0xff, 0xf0,
    0x3f, 0xff, 0x81, 0xff, 0xfc, 0xf, 0xff, 0xe0,
    0x0, 0x0, 0x0, 0x0, 0x0, 0x0, 0x0, 0x0,
    0x0, 0x0, 0x0, 0x0, 0x0, 0x0, 0x0, 0x0,
    0x0, 0x0, 0x0, 0x0, 0x0, 0x0, 0x0, 0x0,
    0x0, 0x0, 0x0, 0x0, 0x0, 0x0, 0x0, 0x0,
    0x0, 0x0, 0x0, 0x0, 0x0, 0x0, 0x0, 0x0,
    0x0, 0x0, 0x7f, 0xff, 0x7, 0xff, 0xf0, 0x3f,
    0xff, 0x81, 0xff, 0xfc, 0xf, 0xff, 0xe0, 0x7f,
    0xfe, 0x7, 0xff, 0xf0, 0x3f, 0xff, 0x81, 0xff,
    0xf8, 0xf, 0xff, 0xc0, 0x7f, 0xfe, 0x3, 0xff,
    0xe0, 0x3f, 0xff, 0x1, 0xff, 0xf8, 0xf, 0xff,
    0xc0, 0x7f, 0xfc, 0x3, 0xff, 0xe0, 0x3f, 0xff,
    0x1, 0xff, 0xf0, 0xf, 0xff, 0x80, 0x7f, 0xfc,
    0x3, 0xff, 0xe0, 0x3f, 0xfe, 0x1, 0xff, 0xf0,
    0xf, 0xff, 0x80, 0x7f, 0xf8, 0x3, 0xff, 0xc0,
    0x0,

    /* U+003C "<" */
    0x0, 0x0, 0x0, 0x0, 0x0, 0x0, 0xe0, 0x0,
    0x0, 0x0, 0x0, 0x0, 0x7c, 0x0, 0x0, 0x0,
    0x0, 0x0, 0x7f, 0x80, 0x0, 0x0, 0x0, 0x0,
    0x7f, 0xf0, 0x0, 0x0, 0x0, 0x0, 0x7f, 0xfe,
    0x0, 0x0, 0x0, 0x0, 0x3f, 0xff, 0xc0, 0x0,
    0x0, 0x0, 0x3f, 0xff, 0xf8, 0x0, 0x0, 0x0,
    0x3f, 0xff, 0xff, 0x0, 0x0, 0x0, 0x1f, 0xff,
    0xff, 0xe0, 0x0, 0x0, 0x1f, 0xff, 0xff, 0xfc,
    0x0, 0x0, 0x1f, 0xff, 0xff, 0xff, 0x80, 0x0,
    0xf, 0xff, 0xff, 0xff, 0xf0, 0x0, 0xf, 0xff,
    0xff, 0xff, 0xfe, 0x0, 0xf, 0xff, 0xff, 0xff,
    0xff, 0x0, 0x7, 0xff, 0xff, 0xff, 0xff, 0x0,
    0x7, 0xff, 0xff, 0xff, 0xff, 0x0, 0x7, 0xff,
    0xff, 0xff, 0xff, 0x0, 0x7, 0xff, 0xff, 0xff,
    0xff, 0x80, 0x3, 0xff, 0xff, 0xff, 0xff, 0x80,
    0x0, 0x7f, 0xff, 0xff, 0xff, 0x80, 0x0, 0xf,
    0xff, 0xff, 0xff, 0x80, 0x0, 0x1, 0xff, 0xff,
    0xff, 0x80, 0x0, 0x0, 0x3f, 0xff, 0xff, 0x80,
    0x0, 0x0, 0x7, 0xff, 0xff, 0x80, 0x0, 0x0,
    0x0, 0xff, 0xff, 0x80, 0x0, 0x0, 0x0, 0x1f,
    0xff, 0x80, 0x0, 0x0, 0x0, 0x3, 0xff, 0xf8,
    0x0, 0x0, 0x0, 0x0, 0x7f, 0xff, 0xe0, 0x0,
    0x0, 0x0, 0xf, 0xff, 0xff, 0x80, 0x0, 0x0,
    0x1, 0xff, 0xff, 0xfc, 0x0, 0x0, 0x0, 0x3f,
    0xff, 0xff, 0xf0, 0x0, 0x0, 0x7, 0xff, 0xff,
    0xff, 0xc0, 0x0, 0x0, 0xff, 0xff, 0xff, 0xff,
    0x0, 0x0, 0x1f, 0xff, 0xff, 0xff, 0xfc, 0x0,
    0x0, 0x7f, 0xff, 0xff, 0xff, 0xf0, 0x0, 0x1,
    0xff, 0xff, 0xff, 0xff, 0xc0, 0x0, 0xf, 0xff,
    0xff, 0xff, 0xff, 0x0, 0x0, 0x3f, 0xff, 0xff,
    0xff, 0xfc, 0x0, 0x0, 0xff, 0xff, 0xff, 0xff,
    0xf0, 0x0, 0x7, 0xff, 0xff, 0xff, 0xff, 0x0,
    0x0, 0x1f, 0xff, 0xff, 0xff, 0xe0, 0x0, 0x0,
    0x7f, 0xff, 0xff, 0xfc, 0x0, 0x0, 0x1, 0xff,
    0xff, 0xff, 0x80, 0x0, 0x0, 0xf, 0xff, 0xff,
    0xf0, 0x0, 0x0, 0x0, 0x3f, 0xff, 0xfe, 0x0,
    0x0, 0x0, 0x0, 0xff, 0xff, 0xc0, 0x0, 0x0,
    0x0, 0x7, 0xff, 0xf8, 0x0, 0x0, 0x0, 0x0,
    0x1f, 0xff, 0x0, 0x0, 0x0, 0x0, 0x0, 0x7f,
    0xe0, 0x0, 0x0, 0x0, 0x0, 0x3, 0xfc, 0x0,
    0x0, 0x0, 0x0, 0x0, 0xf, 0x80, 0x0, 0x0,
    0x0, 0x0, 0x0, 0x30,

    /* U+003D "=" */
    0xff, 0xff, 0xff, 0xff, 0xff, 0xff, 0xff, 0xff,
    0xff, 0xff, 0xff, 0xff, 0xff, 0xff, 0xff, 0xff,
    0xff, 0xff, 0xff, 0xff, 0xff, 0xff, 0xff, 0xff,
    0xff, 0xff, 0xff, 0xff, 0xff, 0xff, 0xff, 0xff,
    0xff, 0xff, 0xff, 0xff, 0xff, 0xff, 0xff, 0xff,
    0xff, 0xff, 0xff, 0xff, 0xff, 0xff, 0xff, 0xff,
    0xff, 0xff, 0xff, 0xff, 0xff, 0xff, 0xff, 0xff,
    0xff, 0xff, 0xff, 0xff, 0xff, 0xff, 0xff, 0xff,
    0xff, 0xff, 0xff, 0xff, 0xff, 0xff, 0xff, 0xff,
    0xff, 0xff, 0xff, 0xff, 0xff, 0xff, 0xff, 0xff,
    0xff, 0xff, 0xc0, 0x0, 0x0, 0x0, 0x0, 0x0,
    0x0, 0x0, 0x0, 0x0, 0x0, 0x0, 0x0, 0x0,
    0x0, 0x0, 0x0, 0x0, 0x0, 0x0, 0x0, 0x0,
    0x0, 0x0, 0x0, 0x0, 0x0, 0x0, 0x0, 0x0,
    0x0, 0x0, 0x0, 0x0, 0x0, 0x0, 0x0, 0x0,
    0x0, 0x0, 0x0, 0x0, 0x0, 0x0, 0x0, 0x0,
    0x0, 0x0, 0x0, 0x0, 0x0, 0x0, 0x0, 0x0,
    0x0, 0x0, 0x0, 0x0, 0x0, 0xff, 0xff, 0xff,
    0xff, 0xff, 0xff, 0xff, 0xff, 0xff, 0xff, 0xff,
    0xff, 0xff, 0xff, 0xff, 0xff, 0xff, 0xff, 0xff,
    0xff, 0xff, 0xff, 0xff, 0xff, 0xff, 0xff, 0xff,
    0xff, 0xff, 0xff, 0xff, 0xff, 0xff, 0xff, 0xff,
    0xff, 0xff, 0xff, 0xff, 0xff, 0xff, 0xff, 0xff,
    0xff, 0xff, 0xff, 0xff, 0xff, 0xff, 0xff, 0xff,
    0xff, 0xff, 0xff, 0xff, 0xff, 0xff, 0xff, 0xff,
    0xff, 0xff, 0xff, 0xff, 0xff, 0xff, 0xff, 0xff,
    0xff, 0xff, 0xff, 0xff, 0xff, 0xff, 0xff, 0xff,
    0xff, 0xff, 0xff, 0xff, 0xff, 0xff, 0xff, 0xc0,

    /* U+003E ">" */
    0xc0, 0x0, 0x0, 0x0, 0x0, 0x0, 0x1f, 0x0,
    0x0, 0x0, 0x0, 0x0, 0x3, 0xfc, 0x0, 0x0,
    0x0, 0x0, 0x0, 0x7f, 0xe0, 0x0, 0x0, 0x0,
    0x0, 0xf, 0xff, 0x80, 0x0, 0x0, 0x0, 0x1,
    0xff, 0xfe, 0x0, 0x0, 0x0, 0x0, 0x3f, 0xff,
    0xf0, 0x0, 0x0, 0x0, 0x7, 0xff, 0xff, 0xc0,
    0x0, 0x0, 0x0, 0xff, 0xff, 0xff, 0x0, 0x0,
    0x0, 0x1f, 0xff, 0xff, 0xfc, 0x0, 0x0, 0x3,
    0xff, 0xff, 0xff, 0xe0, 0x0, 0x0, 0x7f, 0xff,
    0xff, 0xff, 0x80, 0x0, 0xf, 0xff, 0xff, 0xff,
    0xfe, 0x0, 0x0, 0xff, 0xff, 0xff, 0xff, 0xf0,
    0x0, 0x3, 0xff, 0xff, 0xff, 0xff, 0xc0, 0x0,
    0xf, 0xff, 0xff, 0xff, 0xff, 0x0, 0x0, 0x3f,
    0xff, 0xff, 0xff, 0xf8, 0x0, 0x0, 0xff, 0xff,
    0xff, 0xff, 0xe0, 0x0, 0x3, 0xff, 0xff, 0xff,
    0xff, 0x80, 0x0, 0xf, 0xff, 0xff, 0xff, 0xf0,
    0x0, 0x0, 0x3f, 0xff, 0xff, 0xfe, 0x0, 0x0,
    0x0, 0xff, 0xff, 0xff, 0xc0, 0x0, 0x0, 0x3,
    0xff, 0xff, 0xf8, 0x0, 0x0, 0x0, 0xf, 0xff,
    0xff, 0x0, 0x0, 0x0, 0x0, 0x7f, 0xff, 0xe0,
    0x0, 0x0, 0x0, 0x1, 0xff, 0xfc, 0x0, 0x0,
    0x0, 0x0, 0x3f, 0xff, 0x80, 0x0, 0x0, 0x0,
    0x3f, 0xff, 0xf0, 0x0, 0x0, 0x0, 0x3f, 0xff,
    0xfe, 0x0, 0x0, 0x0, 0x3f, 0xff, 0xff, 0xc0,
    0x0, 0x0, 0x3f, 0xff, 0xff, 0xf8, 0x0, 0x0,
    0x3f, 0xff, 0xff, 0xff, 0x0, 0x0, 0x3f, 0xff,
    0xff, 0xff, 0xe0, 0x0, 0x3f, 0xff, 0xff, 0xff,
    0xf8, 0x0, 0x3f, 0xff, 0xff, 0xff, 0xf8, 0x0,
    0x1f, 0xff, 0xff, 0xff, 0xfc, 0x0, 0x1f, 0xff,
    0xff, 0xff, 0xfc, 0x0, 0x1f, 0xff, 0xff, 0xff,
    0xfc, 0x0, 0x1f, 0xff, 0xff, 0xff, 0xfe, 0x0,
    0x7, 0xff, 0xff, 0xff, 0xfe, 0x0, 0x0, 0xff,
    0xff, 0xff, 0xfe, 0x0, 0x0, 0x1f, 0xff, 0xff,
    0xff, 0x0, 0x0, 0x3, 0xff, 0xff, 0xff, 0x0,
    0x0, 0x0, 0x7f, 0xff, 0xff, 0x0, 0x0, 0x0,
    0xf, 0xff, 0xff, 0x0, 0x0, 0x0, 0x1, 0xff,
    0xff, 0x80, 0x0, 0x0, 0x0, 0x3f, 0xff, 0x80,
    0x0, 0x0, 0x0, 0x7, 0xff, 0x80, 0x0, 0x0,
    0x0, 0x0, 0xff, 0xc0, 0x0, 0x0, 0x0, 0x0,
    0x1f, 0xc0, 0x0, 0x0, 0x0, 0x0, 0x3, 0xc0,
    0x0, 0x0, 0x0, 0x0, 0x0, 0x60, 0x0, 0x0,
    0x0, 0x0, 0x0, 0x0,

    /* U+003F "?" */
    0x0, 0x3, 0xff, 0xfc, 0x0, 0x0, 0x0, 0xff,
    0xff, 0xff, 0xf0, 0x0, 0xf, 0xff, 0xff, 0xff,
    0xff, 0x0, 0x1f, 0xff, 0xff, 0xff, 0xff, 0xf0,
    0xf, 0xff, 0xff, 0xff, 0xff, 0xfc, 0x7, 0xff,
    0xff, 0xff, 0xff, 0xff, 0x83, 0xff, 0xff, 0xff,
    0xff, 0xff, 0xe1, 0xff, 0xff, 0xff, 0xff, 0xff,
    0xf8, 0xff, 0xff, 0xff, 0xff, 0xff, 0xfe, 0x7f,
    0xff, 0xff, 0xff, 0xff, 0xff, 0x3f, 0xff, 0xff,
    0xff, 0xff, 0xff, 0xdf, 0xff, 0xff, 0xff, 0xff,
    0xff, 0xef, 0xff, 0xff, 0xff, 0xff, 0xff, 0xf7,
    0xff, 0xe0, 0x0, 0x7f, 0xff, 0xff, 0xfc, 0x0,
    0x0, 0x7, 0xff, 0xff, 0xc0, 0x0, 0x0, 0x1,
    0xff, 0xff, 0x0, 0x0, 0x0, 0x0, 0x7f, 0xff,
    0x80, 0x0, 0x0, 0x0, 0x3f, 0xff, 0xc0, 0x0,
    0x0, 0x0, 0x1f, 0xff, 0xe0, 0x0, 0x0, 0x0,
    0xf, 0xff, 0xf0, 0x0, 0x0, 0x0, 0xf, 0xff,
    0xf8, 0x0, 0x0, 0x0, 0xf, 0xff, 0xf8, 0x0,
    0x0, 0x0, 0xf, 0xff, 0xfc, 0x0, 0x0, 0x0,
    0x1f, 0xff, 0xfe, 0x0, 0x0, 0x0, 0x3f, 0xff,
    0xfe, 0x0, 0x0, 0x0, 0xff, 0xff, 0xff, 0x0,
    0x0, 0x1, 0xff, 0xff, 0xff, 0x0, 0x0, 0x3,
    0xff, 0xff, 0xff, 0x0, 0x0, 0x7, 0xff, 0xff,
    0xff, 0x0, 0x0, 0x7, 0xff, 0xff, 0xff, 0x0,
    0x0, 0x7, 0xff, 0xff, 0xff, 0x0, 0x0, 0x7,
    0xff, 0xff, 0xfe, 0x0, 0x0, 0x7, 0xff, 0xff,
    0xfc, 0x0, 0x0, 0x3, 0xff, 0xff, 0xf8, 0x0,
    0x0, 0x3, 0xff, 0xff, 0xf8, 0x0, 0x0, 0x1,
    0xff, 0xff, 0xe0, 0x0, 0x0, 0x0, 0xff, 0xff,
    0xe0, 0x0, 0x0, 0x0, 0x7f, 0xff, 0xc0, 0x0,
    0x0, 0x0, 0x3f, 0xff, 0xc0, 0x0, 0x0, 0x0,
    0x1f, 0xff, 0xc0, 0x0, 0x0, 0x0, 0xf, 0xff,
    0xe0, 0x0, 0x0, 0x0, 0x0, 0x0, 0x0, 0x0,
    0x0, 0x0, 0x0, 0x0, 0x0, 0x0, 0x0, 0x0,
    0x0, 0x0, 0x0, 0x0, 0x0, 0x0, 0x0, 0x0,
    0x0, 0x0, 0x0, 0x0, 0x0, 0x0, 0x0, 0x0,
    0x0, 0x0, 0x0, 0x0, 0x0, 0x0, 0x0, 0x0,
    0x0, 0x0, 0x0, 0x0, 0x0, 0x0, 0x0, 0xf,
    0xff, 0xf0, 0x0, 0x0, 0x0, 0x7, 0xff, 0xf8,
    0x0, 0x0, 0x0, 0x3, 0xff, 0xfc, 0x0, 0x0,
    0x0, 0x1, 0xff, 0xfe, 0x0, 0x0, 0x0, 0x0,
    0xff, 0xff, 0x0, 0x0, 0x0, 0x0, 0x7f, 0xff,
    0x80, 0x0, 0x0, 0x0, 0x3f, 0xff, 0xc0, 0x0,
    0x0, 0x0, 0x1f, 0xff, 0xe0, 0x0, 0x0, 0x0,
    0xf, 0xff, 0xf0, 0x0, 0x0, 0x0, 0x7, 0xff,
    0xf8, 0x0, 0x0, 0x0, 0x3, 0xff, 0xfc, 0x0,
    0x0, 0x0, 0x1, 0xff, 0xfe, 0x0, 0x0, 0x0,
    0x0, 0xff, 0xff, 0x0, 0x0, 0x0, 0x0, 0x7f,
    0xff, 0x80, 0x0, 0x0, 0x0, 0x3f, 0xff, 0xc0,
    0x0, 0x0,

    /* U+0040 "@" */
    0x0, 0x0, 0x0, 0x0, 0xf, 0xff, 0xe0, 0x0,
    0x0, 0x0, 0x0, 0x0, 0x0, 0x0, 0x3f, 0xff,
    0xff, 0xf0, 0x0, 0x0, 0x0, 0x0, 0x0, 0x0,
    0x1f, 0xff, 0xff, 0xff, 0xe0, 0x0, 0x0, 0x0,
    0x0, 0x0, 0xf, 0xff, 0xff, 0xff, 0xff, 0xc0,
    0x0, 0x0, 0x0, 0x0, 0x3, 0xff, 0xff, 0xff,
    0xff, 0xff, 0x0, 0x0, 0x0, 0x0, 0x0, 0xff,
    0xff, 0xff, 0xff, 0xff, 0xfc, 0x0, 0x0, 0x0,
    0x0, 0x3f, 0xff, 0xff, 0xff, 0xff, 0xff, 0xf0,
    0x0, 0x0, 0x0, 0xf, 0xff, 0xff, 0xff, 0xff,
    0xff, 0xff, 0xc0, 0x0, 0x0, 0x1, 0xff, 0xff,
    0xff, 0xff, 0xff, 0xff, 0xfe, 0x0, 0x0, 0x0,
    0x3f, 0xff, 0xff, 0xff, 0xff, 0xff, 0xff, 0xf0,
    0x0, 0x0, 0x7, 0xff, 0xff, 0xff, 0xff, 0xff,
    0xff, 0xff, 0x80, 0x0, 0x1, 0xff, 0xff, 0xff,
    0xff, 0xff, 0xff, 0xff, 0xfc, 0x0, 0x0, 0x3f,
    0xff, 0xff, 0xf0, 0x0, 0x3f, 0xff, 0xff, 0xe0,
    0x0, 0x3, 0xff, 0xff, 0xf0, 0x0, 0x0, 0x3f,
    0xff, 0xff, 0x0, 0x0, 0x7f, 0xff, 0xf8, 0x0,
    0x0, 0x0, 0x7f, 0xff, 0xf8, 0x0, 0xf, 0xff,
    0xfe, 0x0, 0x0, 0x0, 0x0, 0xff, 0xff, 0xc0,
    0x1, 0xff, 0xff, 0x80, 0x0, 0x0, 0x0, 0x7,
    0xff, 0xfc, 0x0, 0x1f, 0xff, 0xe0, 0x0, 0x0,
    0x0, 0x0, 0x1f, 0xff, 0xe0, 0x3, 0xff, 0xfc,
    0x0, 0x0, 0x0, 0x0, 0x0, 0xff, 0xff, 0x0,
    0x7f, 0xff, 0x80, 0x0, 0x0, 0x0, 0x0, 0x7,
    0xff, 0xf0, 0x7, 0xff, 0xf0, 0x0, 0x0, 0x0,
    0x0, 0x0, 0x3f, 0xff, 0x80, 0xff, 0xfe, 0x0,
    0x1, 0xff, 0x80, 0x0, 0x1, 0xff, 0xf8, 0xf,
    0xff, 0xc0, 0x0, 0xff, 0xff, 0x7, 0xfc, 0xf,
    0xff, 0x81, 0xff, 0xf8, 0x0, 0x3f, 0xff, 0xfc,
    0x7f, 0xc0, 0x7f, 0xfc, 0x1f, 0xff, 0x80, 0xf,
    0xff, 0xff, 0xff, 0xfc, 0x7, 0xff, 0xc3, 0xff,
    0xf0, 0x1, 0xff, 0xff, 0xff, 0xff, 0xc0, 0x3f,
    0xfc, 0x3f, 0xfe, 0x0, 0x3f, 0xff, 0xff, 0xff,
    0xfc, 0x3, 0xff, 0xe3, 0xff, 0xe0, 0x7, 0xff,
    0xff, 0xff, 0xff, 0xc0, 0x1f, 0xfe, 0x3f, 0xfc,
    0x0, 0xff, 0xff, 0xff, 0xff, 0xfc, 0x1, 0xff,
    0xe7, 0xff, 0xc0, 0xf, 0xff, 0xff, 0xff, 0xff,
    0xc0, 0x1f, 0xfe, 0x7f, 0xfc, 0x1, 0xff, 0xff,
    0xff, 0xff, 0xfc, 0x1, 0xff, 0xf7, 0xff, 0x80,
    0x3f, 0xff, 0xff, 0xff, 0xff, 0xc0, 0xf, 0xff,
    0x7f, 0xf8, 0x3, 0xff, 0xfc, 0x3, 0xff, 0xfc,
    0x0, 0xff, 0xf7, 0xff, 0x80, 0x7f, 0xff, 0x0,
    0x7, 0xff, 0xc0, 0xf, 0xff, 0xff, 0xf8, 0x7,
    0xff, 0xe0, 0x0, 0x3f, 0xfc, 0x0, 0xff, 0xff,
    0xff, 0x0, 0x7f, 0xfc, 0x0, 0x3, 0xff, 0xc0,
    0xf, 0xff, 0xff, 0xf0, 0xf, 0xff, 0x80, 0x0,
    0x3f, 0xfc, 0x0, 0xff, 0xff, 0xff, 0x0, 0xff,
    0xf8, 0x0, 0x3, 0xff, 0xc0, 0xf, 0xff, 0xff,
    0xf0, 0xf, 0xff, 0x0, 0x0, 0x3f, 0xfc, 0x0,
    0xff, 0xff, 0xff, 0x0, 0xff, 0xf0, 0x0, 0x3,
    0xff, 0xc0, 0xf, 0xff, 0xff, 0xf0, 0xf, 0xff,
    0x0, 0x0, 0x3f, 0xfc, 0x0, 0xff, 0xff, 0xff,
    0x0, 0xff, 0xf0, 0x0, 0x3, 0xff, 0xc0, 0xf,
    0xff, 0xff, 0xf0, 0xf, 0xff, 0x0, 0x0, 0x3f,
    0xfc, 0x0, 0xff, 0xff, 0xff, 0x0, 0xff, 0xf0,
    0x0, 0x3, 0xff, 0xc0, 0x1f, 0xff, 0xff, 0xf0,
    0xf, 0xff, 0x0, 0x0, 0x3f, 0xfc, 0x1, 0xff,
    0xef, 0xff, 0x0, 0xff, 0xf8, 0x0, 0x3, 0xff,
    0xc0, 0x1f, 0xfe, 0xff, 0xf0, 0xf, 0xff, 0x80,
    0x0, 0x3f, 0xfc, 0x3, 0xff, 0xef, 0xff, 0x80,
    0x7f, 0xfc, 0x0, 0x3, 0xff, 0xc0, 0x3f, 0xfe,
    0x7f, 0xf8, 0x7, 0xff, 0xe0, 0x0, 0x3f, 0xfc,
    0x7, 0xff, 0xe7, 0xff, 0x80, 0x7f, 0xff, 0x0,
    0x7, 0xff, 0xc0, 0x7f, 0xfc, 0x7f, 0xf8, 0x3,
    0xff, 0xfe, 0x1, 0xff, 0xfc, 0xf, 0xff, 0xc7,
    0xff, 0xc0, 0x3f, 0xff, 0xff, 0xff, 0xff, 0xe1,
    0xff, 0xf8, 0x7f, 0xfc, 0x1, 0xff, 0xff, 0xff,
    0xff, 0xff, 0xff, 0xff, 0x83, 0xff, 0xc0, 0xf,
    0xff, 0xff, 0xff, 0xff, 0xff, 0xff, 0xf8, 0x3f,
    0xfe, 0x0, 0xff, 0xff, 0xff, 0xff, 0xff, 0xff,
    0xff, 0x3, 0xff, 0xe0, 0x7, 0xff, 0xff, 0xff,
    0xff, 0xff, 0xff, 0xe0, 0x1f, 0xff, 0x0, 0x3f,
    0xff, 0xff, 0xff, 0xff, 0xff, 0xfe, 0x1, 0xff,
    0xf8, 0x1, 0xff, 0xff, 0xff, 0xff, 0xff, 0xff,
    0xc0, 0xf, 0xff, 0x80, 0x7, 0xff, 0xff, 0xf9,
    0xff, 0xff, 0xf8, 0x0, 0xff, 0xfc, 0x0, 0x1f,
    0xff, 0xfe, 0xf, 0xff, 0xff, 0x0, 0x7, 0xff,
    0xe0, 0x0, 0x7f, 0xff, 0x80, 0x7f, 0xff, 0xe0,
    0x0, 0x7f, 0xff, 0x0, 0x0, 0xff, 0xc0, 0x3,
    0xff, 0xfc, 0x0, 0x3, 0xff, 0xf8, 0x0, 0x0,
    0x0, 0x0, 0x1f, 0xff, 0x0, 0x0, 0x3f, 0xff,
    0xc0, 0x0, 0x0, 0x0, 0x0, 0x3f, 0x80, 0x0,
    0x1, 0xff, 0xfe, 0x0, 0x0, 0x0, 0x0, 0x0,
    0x0, 0x0, 0x0, 0xf, 0xff, 0xf0, 0x0, 0x0,
    0x0, 0x0, 0x0, 0x0, 0x0, 0x0, 0xff, 0xff,
    0xc0, 0x0, 0x0, 0x0, 0x0, 0x0, 0x0, 0x0,
    0x7, 0xff, 0xfe, 0x0, 0x0, 0x0, 0x0, 0x0,
    0x0, 0x0, 0x0, 0x3f, 0xff, 0xf8, 0x0, 0x0,
    0x0, 0x0, 0x0, 0x0, 0x0, 0x1, 0xff, 0xff,
    0xf0, 0x0, 0x0, 0x0, 0x0, 0x0, 0x0, 0x0,
    0xf, 0xff, 0xff, 0xe0, 0x0, 0x0, 0x0, 0x0,
    0x0, 0x0, 0x0, 0x7f, 0xff, 0xff, 0xf0, 0x0,
    0xc, 0x0, 0x0, 0x0, 0x0, 0x3, 0xff, 0xff,
    0xff, 0xff, 0xff, 0xc0, 0x0, 0x0, 0x0, 0x0,
    0x1f, 0xff, 0xff, 0xff, 0xff, 0xfc, 0x0, 0x0,
    0x0, 0x0, 0x0, 0x7f, 0xff, 0xff, 0xff, 0xff,
    0xc0, 0x0, 0x0, 0x0, 0x0, 0x3, 0xff, 0xff,
    0xff, 0xff, 0xfc, 0x0, 0x0, 0x0, 0x0, 0x0,
    0xf, 0xff, 0xff, 0xff, 0xff, 0xc0, 0x0, 0x0,
    0x0, 0x0, 0x0, 0x3f, 0xff, 0xff, 0xff, 0xfc,
    0x0, 0x0, 0x0, 0x0, 0x0, 0x0, 0xff, 0xff,
    0xff, 0xff, 0xc0, 0x0, 0x0, 0x0, 0x0, 0x0,
    0x3, 0xff, 0xff, 0xff, 0xfc, 0x0, 0x0, 0x0,
    0x0, 0x0, 0x0, 0x7, 0xff, 0xff, 0xff, 0xc0,
    0x0, 0x0, 0x0, 0x0, 0x0, 0x0, 0x7, 0xff,
    0xff, 0xfc, 0x0, 0x0, 0x0, 0x0, 0x0, 0x0,
    0x0, 0x1, 0xff, 0xfc, 0x0, 0x0, 0x0, 0x0,

    /* U+0041 "A" */
    0x0, 0x0, 0x1, 0xff, 0xff, 0xf0, 0x0, 0x0,
    0x0, 0x0, 0x0, 0x3f, 0xff, 0xff, 0x80, 0x0,
    0x0, 0x0, 0x0, 0x3, 0xff, 0xff, 0xf8, 0x0,
    0x0, 0x0, 0x0, 0x0, 0x3f, 0xff, 0xff, 0xc0,
    0x0, 0x0, 0x0, 0x0, 0x7, 0xff, 0xff, 0xfc,
    0x0, 0x0, 0x0, 0x0, 0x0, 0x7f, 0xff, 0xff,
    0xc0, 0x0, 0x0, 0x0, 0x0, 0xf, 0xff, 0xff,
    0xfe, 0x0, 0x0, 0x0, 0x0, 0x0, 0xff, 0xff,
    0xff, 0xe0, 0x0, 0x0, 0x0, 0x0, 0x1f, 0xff,
    0xff, 0xff, 0x0, 0x0, 0x0, 0x0, 0x1, 0xff,
    0xff, 0xff, 0xf0, 0x0, 0x0, 0x0, 0x0, 0x3f,
    0xff, 0xff, 0xff, 0x80, 0x0, 0x0, 0x0, 0x3,
    0xff, 0xff, 0xff, 0xf8, 0x0, 0x0, 0x0, 0x0,
    0x3f, 0xff, 0xbf, 0xff, 0xc0, 0x0, 0x0, 0x0,
    0x7, 0xff, 0xf3, 0xff, 0xfc, 0x0, 0x0, 0x0,
    0x0, 0x7f, 0xff, 0x3f, 0xff, 0xc0, 0x0, 0x0,
    0x0, 0xf, 0xff, 0xe1, 0xff, 0xfe, 0x0, 0x0,
    0x0, 0x0, 0xff, 0xfe, 0x1f, 0xff, 0xe0, 0x0,
    0x0, 0x0, 0xf, 0xff, 0xc0, 0xff, 0xff, 0x0,
    0x0, 0x0, 0x1, 0xff, 0xfc, 0xf, 0xff, 0xf0,
    0x0, 0x0, 0x0, 0x1f, 0xff, 0xc0, 0xff, 0xff,
    0x0, 0x0, 0x0, 0x3, 0xff, 0xf8, 0x7, 0xff,
    0xf8, 0x0, 0x0, 0x0, 0x3f, 0xff, 0x80, 0x7f,
    0xff, 0x80, 0x0, 0x0, 0x7, 0xff, 0xf0, 0x3,
    0xff, 0xfc, 0x0, 0x0, 0x0, 0x7f, 0xff, 0x0,
    0x3f, 0xff, 0xc0, 0x0, 0x0, 0x7, 0xff, 0xf0,
    0x3, 0xff, 0xfe, 0x0, 0x0, 0x0, 0xff, 0xfe,
    0x0, 0x1f, 0xff, 0xe0, 0x0, 0x0, 0xf, 0xff,
    0xe0, 0x1, 0xff, 0xfe, 0x0, 0x0, 0x0, 0xff,
    0xfe, 0x0, 0xf, 0xff, 0xf0, 0x0, 0x0, 0x1f,
    0xff, 0xc0, 0x0, 0xff, 0xff, 0x0, 0x0, 0x1,
    0xff, 0xfc, 0x0, 0xf, 0xff, 0xf0, 0x0, 0x0,
    0x3f, 0xff, 0xc0, 0x0, 0x7f, 0xff, 0x80, 0x0,
    0x3, 0xff, 0xf8, 0x0, 0x7, 0xff, 0xf8, 0x0,
    0x0, 0x3f, 0xff, 0x80, 0x0, 0x7f, 0xff, 0xc0,
    0x0, 0x7, 0xff, 0xf0, 0x0, 0x3, 0xff, 0xfc,
    0x0, 0x0, 0x7f, 0xff, 0x0, 0x0, 0x3f, 0xff,
    0xc0, 0x0, 0x7, 0xff, 0xf0, 0x0, 0x3, 0xff,
    0xfe, 0x0, 0x0, 0xff, 0xfe, 0x0, 0x0, 0x1f,
    0xff, 0xe0, 0x0, 0xf, 0xff, 0xe0, 0x0, 0x1,
    0xff, 0xff, 0x0, 0x1, 0xff, 0xfe, 0x0, 0x0,
    0xf, 0xff, 0xf0, 0x0, 0x1f, 0xff, 0xff, 0xff,
    0xff, 0xff, 0xff, 0x0, 0x1, 0xff, 0xff, 0xff,
    0xff, 0xff, 0xff, 0xf8, 0x0, 0x3f, 0xff, 0xff,
    0xff, 0xff, 0xff, 0xff, 0x80, 0x3, 0xff, 0xff,
    0xff, 0xff, 0xff, 0xff, 0xf8, 0x0, 0x3f, 0xff,
    0xff, 0xff, 0xff, 0xff, 0xff, 0xc0, 0x7, 0xff,
    0xff, 0xff, 0xff, 0xff, 0xff, 0xfc, 0x0, 0x7f,
    0xff, 0xff, 0xff, 0xff, 0xff, 0xff, 0xc0, 0x7,
    0xff, 0xff, 0xff, 0xff, 0xff, 0xff, 0xfe, 0x0,
    0xff, 0xff, 0xff, 0xff, 0xff, 0xff, 0xff, 0xe0,
    0xf, 0xff, 0xff, 0xff, 0xff, 0xff, 0xff, 0xfe,
    0x0, 0xff, 0xff, 0xff, 0xff, 0xff, 0xff, 0xff,
    0xf0, 0x1f, 0xff, 0xff, 0xff, 0xff, 0xff, 0xff,
    0xff, 0x1, 0xff, 0xfc, 0x0, 0x0, 0x0, 0xf,
    0xff, 0xf0, 0x1f, 0xff, 0xc0, 0x0, 0x0, 0x0,
    0xff, 0xff, 0x83, 0xff, 0xfc, 0x0, 0x0, 0x0,
    0x7, 0xff, 0xf8, 0x3f, 0xff, 0x80, 0x0, 0x0,
    0x0, 0x7f, 0xff, 0x83, 0xff, 0xf8, 0x0, 0x0,
    0x0, 0x7, 0xff, 0xfc, 0x7f, 0xff, 0x80, 0x0,
    0x0, 0x0, 0x3f, 0xff, 0xc7, 0xff, 0xf8, 0x0,
    0x0, 0x0, 0x3, 0xff, 0xfc, 0x7f, 0xff, 0x0,
    0x0, 0x0, 0x0, 0x3f, 0xff, 0xef, 0xff, 0xf0,
    0x0, 0x0, 0x0, 0x1, 0xff, 0xfe, 0xff, 0xff,
    0x0, 0x0, 0x0, 0x0, 0x1f, 0xff, 0xef, 0xff,
    0xe0, 0x0, 0x0, 0x0, 0x1, 0xff, 0xff, 0xff,
    0xfe, 0x0, 0x0, 0x0, 0x0, 0xf, 0xff, 0xf0,

    /* U+0042 "B" */
    0xff, 0xff, 0xff, 0xff, 0xc0, 0x0, 0x0, 0xff,
    0xff, 0xff, 0xff, 0xfe, 0x0, 0x0, 0xff, 0xff,
    0xff, 0xff, 0xff, 0xe0, 0x0, 0xff, 0xff, 0xff,
    0xff, 0xff, 0xf8, 0x0, 0xff, 0xff, 0xff, 0xff,
    0xff, 0xfe, 0x0, 0xff, 0xff, 0xff, 0xff, 0xff,
    0xff, 0x80, 0xff, 0xff, 0xff, 0xff, 0xff, 0xff,
    0xc0, 0xff, 0xff, 0xff, 0xff, 0xff, 0xff, 0xe0,
    0xff, 0xff, 0xff, 0xff, 0xff, 0xff, 0xe0, 0xff,
    0xff, 0xff, 0xff, 0xff, 0xff, 0xf0, 0xff, 0xff,
    0xff, 0xff, 0xff, 0xff, 0xf0, 0xff, 0xff, 0xff,
    0xff, 0xff, 0xff, 0xf0, 0xff, 0xfe, 0x0, 0x0,
    0xff, 0xff, 0xf8, 0xff, 0xfe, 0x0, 0x0, 0x1f,
    0xff, 0xf8, 0xff, 0xfe, 0x0, 0x0, 0x7, 0xff,
    0xf8, 0xff, 0xfe, 0x0, 0x0, 0x7, 0xff, 0xf8,
    0xff, 0xfe, 0x0, 0x0, 0x3, 0xff, 0xf8, 0xff,
    0xfe, 0x0, 0x0, 0x3, 0xff, 0xf8, 0xff, 0xfe,
    0x0, 0x0, 0x3, 0xff, 0xf8, 0xff, 0xfe, 0x0,
    0x0, 0x3, 0xff, 0xf0, 0xff, 0xfe, 0x0, 0x0,
    0x3, 0xff, 0xf0, 0xff, 0xfe, 0x0, 0x0, 0x7,
    0xff, 0xf0, 0xff, 0xfe, 0x0, 0x0, 0x7, 0xff,
    0xe0, 0xff, 0xfe, 0x0, 0x0, 0x1f, 0xff, 0xe0,
    0xff, 0xfe, 0x0, 0x0, 0xff, 0xff, 0xc0, 0xff,
    0xff, 0xff, 0xff, 0xff, 0xff, 0x80, 0xff, 0xff,
    0xff, 0xff, 0xff, 0xff, 0x0, 0xff, 0xff, 0xff,
    0xff, 0xff, 0xfc, 0x0, 0xff, 0xff, 0xff, 0xff,
    0xff, 0xf8, 0x0, 0xff, 0xff, 0xff, 0xff, 0xff,
    0xe0, 0x0, 0xff, 0xff, 0xff, 0xff, 0xff, 0xfc,
    0x0, 0xff, 0xff, 0xff, 0xff, 0xff, 0xff, 0x0,
    0xff, 0xff, 0xff, 0xff, 0xff, 0xff, 0xc0, 0xff,
    0xff, 0xff, 0xff, 0xff, 0xff, 0xe0, 0xff, 0xff,
    0xff, 0xff, 0xff, 0xff, 0xf0, 0xff, 0xfe, 0x0,
    0x0, 0x3f, 0xff, 0xf8, 0xff, 0xfe, 0x0, 0x0,
    0x7, 0xff, 0xfc, 0xff, 0xfe, 0x0, 0x0, 0x1,
    0xff, 0xfe, 0xff, 0xfe, 0x0, 0x0, 0x0, 0xff,
    0xfe, 0xff, 0xfe, 0x0, 0x0, 0x0, 0xff, 0xfe,
    0xff, 0xfe, 0x0, 0x0, 0x0, 0x7f, 0xff, 0xff,
    0xfe, 0x0, 0x0, 0x0, 0x7f, 0xff, 0xff, 0xfe,
    0x0, 0x0, 0x0, 0x7f, 0xff, 0xff, 0xfe, 0x0,
    0x0, 0x0, 0x7f, 0xff, 0xff, 0xfe, 0x0, 0x0,
    0x0, 0x7f, 0xff, 0xff, 0xfe, 0x0, 0x0, 0x0,
    0x7f, 0xff, 0xff, 0xfe, 0x0, 0x0, 0x0, 0xff,
    0xff, 0xff, 0xfe, 0x0, 0x0, 0x1, 0xff, 0xff,
    0xff, 0xfe, 0x0, 0x0, 0x3, 0xff, 0xff, 0xff,
    0xfe, 0x0, 0x0, 0x1f, 0xff, 0xfe, 0xff, 0xff,
    0xff, 0xff, 0xff, 0xff, 0xfe, 0xff, 0xff, 0xff,
    0xff, 0xff, 0xff, 0xfe, 0xff, 0xff, 0xff, 0xff,
    0xff, 0xff, 0xfc, 0xff, 0xff, 0xff, 0xff, 0xff,
    0xff, 0xf8, 0xff, 0xff, 0xff, 0xff, 0xff, 0xff,
    0xf8, 0xff, 0xff, 0xff, 0xff, 0xff, 0xff, 0xf0,
    0xff, 0xff, 0xff, 0xff, 0xff, 0xff, 0xe0, 0xff,
    0xff, 0xff, 0xff, 0xff, 0xff, 0x80, 0xff, 0xff,
    0xff, 0xff, 0xff, 0xfe, 0x0, 0xff, 0xff, 0xff,
    0xff, 0xff, 0xf8, 0x0, 0xff, 0xff, 0xff, 0xff,
    0xff, 0xc0, 0x0, 0xff, 0xff, 0xff, 0xff, 0xf8,
    0x0, 0x0,

    /* U+0043 "C" */
    0x0, 0x0, 0x0, 0x3, 0xff, 0xf0, 0x0, 0x0,
    0x0, 0x0, 0x7f, 0xff, 0xff, 0xe0, 0x0, 0x0,
    0x7, 0xff, 0xff, 0xff, 0xfe, 0x0, 0x0, 0x1f,
    0xff, 0xff, 0xff, 0xff, 0x0, 0x0, 0xff, 0xff,
    0xff, 0xff, 0xff, 0x0, 0x1, 0xff, 0xff, 0xff,
    0xff, 0xff, 0x0, 0x7, 0xff, 0xff, 0xff, 0xff,
    0xff, 0x0, 0xf, 0xff, 0xff, 0xff, 0xff, 0xff,
    0x0, 0x3f, 0xff, 0xff, 0xff, 0xff, 0xff, 0x0,
    0x7f, 0xff, 0xff, 0xff, 0xff, 0xff, 0x0, 0xff,
    0xff, 0xff, 0xff, 0xff, 0xff, 0x1, 0xff, 0xff,
    0xff, 0xff, 0xff, 0xff, 0x3, 0xff, 0xff, 0xff,
    0xff, 0xff, 0xff, 0x3, 0xff, 0xff, 0xfe, 0x0,
    0x7, 0xff, 0x7, 0xff, 0xff, 0xe0, 0x0, 0x0,
    0x1f, 0xf, 0xff, 0xff, 0x80, 0x0, 0x0, 0x3,
    0xf, 0xff, 0xfe, 0x0, 0x0, 0x0, 0x0, 0x1f,
    0xff, 0xf8, 0x0, 0x0, 0x0, 0x0, 0x1f, 0xff,
    0xf0, 0x0, 0x0, 0x0, 0x0, 0x3f, 0xff, 0xe0,
    0x0, 0x0, 0x0, 0x0, 0x3f, 0xff, 0xc0, 0x0,
    0x0, 0x0, 0x0, 0x7f, 0xff, 0xc0, 0x0, 0x0,
    0x0, 0x0, 0x7f, 0xff, 0x80, 0x0, 0x0, 0x0,
    0x0, 0x7f, 0xff, 0x80, 0x0, 0x0, 0x0, 0x0,
    0x7f, 0xff, 0x0, 0x0, 0x0, 0x0, 0x0, 0x7f,
    0xff, 0x0, 0x0, 0x0, 0x0, 0x0, 0xff, 0xff,
    0x0, 0x0, 0x0, 0x0, 0x0, 0xff, 0xfe, 0x0,
    0x0, 0x0, 0x0, 0x0, 0xff, 0xfe, 0x0, 0x0,
    0x0, 0x0, 0x0, 0xff, 0xfe, 0x0, 0x0, 0x0,
    0x0, 0x0, 0xff, 0xfe, 0x0, 0x0, 0x0, 0x0,
    0x0, 0xff, 0xfe, 0x0, 0x0, 0x0, 0x0, 0x0,
    0xff, 0xfe, 0x0, 0x0, 0x0, 0x0, 0x0, 0xff,
    0xfe, 0x0, 0x0, 0x0, 0x0, 0x0, 0xff, 0xfe,
    0x0, 0x0, 0x0, 0x0, 0x0, 0xff, 0xfe, 0x0,
    0x0, 0x0, 0x0, 0x0, 0xff, 0xfe, 0x0, 0x0,
    0x0, 0x0, 0x0, 0xff, 0xff, 0x0, 0x0, 0x0,
    0x0, 0x0, 0xff, 0xff, 0x0, 0x0, 0x0, 0x0,
    0x0, 0x7f, 0xff, 0x0, 0x0, 0x0, 0x0, 0x0,
    0x7f, 0xff, 0x80, 0x0, 0x0, 0x0, 0x0, 0x7f,
    0xff, 0x80, 0x0, 0x0, 0x0, 0x0, 0x7f, 0xff,
    0xc0, 0x0, 0x0, 0x0, 0x0, 0x3f, 0xff, 0xc0,
    0x0, 0x0, 0x0, 0x0, 0x3f, 0xff, 0xe0, 0x0,
    0x0, 0x0, 0x0, 0x3f, 0xff, 0xf0, 0x0, 0x0,
    0x0, 0x0, 0x1f, 0xff, 0xfc, 0x0, 0x0, 0x0,
    0x0, 0x1f, 0xff, 0xfe, 0x0, 0x0, 0x0, 0x0,
    0xf, 0xff, 0xff, 0x80, 0x0, 0x0, 0x3, 0xf,
    0xff, 0xff, 0xe0, 0x0, 0x0, 0x3f, 0x7, 0xff,
    0xff, 0xfe, 0x0, 0xf, 0xff, 0x3, 0xff, 0xff,
    0xff, 0xff, 0xff, 0xff, 0x1, 0xff, 0xff, 0xff,
    0xff, 0xff, 0xff, 0x1, 0xff, 0xff, 0xff, 0xff,
    0xff, 0xff, 0x0, 0xff, 0xff, 0xff, 0xff, 0xff,
    0xff, 0x0, 0x7f, 0xff, 0xff, 0xff, 0xff, 0xff,
    0x0, 0x1f, 0xff, 0xff, 0xff, 0xff, 0xff, 0x0,
    0xf, 0xff, 0xff, 0xff, 0xff, 0xff, 0x0, 0x3,
    0xff, 0xff, 0xff, 0xff, 0xff, 0x0, 0x1, 0xff,
    0xff, 0xff, 0xff, 0xff, 0x0, 0x0, 0x7f, 0xff,
    0xff, 0xff, 0xff, 0x0, 0x0, 0xf, 0xff, 0xff,
    0xff, 0xff, 0x0, 0x0, 0x1, 0xff, 0xff, 0xff,
    0xf0, 0x0, 0x0, 0x0, 0xf, 0xff, 0xf8, 0x0,

    /* U+0044 "D" */
    0xff, 0xff, 0xff, 0xff, 0x0, 0x0, 0x0, 0x3f,
    0xff, 0xff, 0xff, 0xfe, 0x0, 0x0, 0xf, 0xff,
    0xff, 0xff, 0xff, 0xf0, 0x0, 0x3, 0xff, 0xff,
    0xff, 0xff, 0xff, 0x80, 0x0, 0xff, 0xff, 0xff,
    0xff, 0xff, 0xf8, 0x0, 0x3f, 0xff, 0xff, 0xff,
    0xff, 0xff, 0x80, 0xf, 0xff, 0xff, 0xff, 0xff,
    0xff, 0xf0, 0x3, 0xff, 0xff, 0xff, 0xff, 0xff,
    0xfe, 0x0, 0xff, 0xff, 0xff, 0xff, 0xff, 0xff,
    0xe0, 0x3f, 0xff, 0xff, 0xff, 0xff, 0xff, 0xfc,
    0xf, 0xff, 0xff, 0xff, 0xff, 0xff, 0xff, 0x3,
    0xff, 0xff, 0xff, 0xff, 0xff, 0xff, 0xe0, 0xff,
    0xfe, 0x0, 0x7, 0xff, 0xff, 0xfc, 0x3f, 0xff,
    0x80, 0x0, 0x1f, 0xff, 0xff, 0xf, 0xff, 0xe0,
    0x0, 0x1, 0xff, 0xff, 0xe3, 0xff, 0xf8, 0x0,
    0x0, 0x3f, 0xff, 0xf8, 0xff, 0xfe, 0x0, 0x0,
    0x3, 0xff, 0xff, 0x3f, 0xff, 0x80, 0x0, 0x0,
    0x7f, 0xff, 0xcf, 0xff, 0xe0, 0x0, 0x0, 0x1f,
    0xff, 0xf3, 0xff, 0xf8, 0x0, 0x0, 0x3, 0xff,
    0xfe, 0xff, 0xfe, 0x0, 0x0, 0x0, 0x7f, 0xff,
    0xbf, 0xff, 0x80, 0x0, 0x0, 0x1f, 0xff, 0xef,
    0xff, 0xe0, 0x0, 0x0, 0x3, 0xff, 0xfb, 0xff,
    0xf8, 0x0, 0x0, 0x0, 0xff, 0xff, 0xff, 0xfe,
    0x0, 0x0, 0x0, 0x3f, 0xff, 0xff, 0xff, 0x80,
    0x0, 0x0, 0xf, 0xff, 0xff, 0xff, 0xe0, 0x0,
    0x0, 0x1, 0xff, 0xff, 0xff, 0xf8, 0x0, 0x0,
    0x0, 0x7f, 0xff, 0xff, 0xfe, 0x0, 0x0, 0x0,
    0x1f, 0xff, 0xff, 0xff, 0x80, 0x0, 0x0, 0x7,
    0xff, 0xff, 0xff, 0xe0, 0x0, 0x0, 0x1, 0xff,
    0xff, 0xff, 0xf8, 0x0, 0x0, 0x0, 0x7f, 0xff,
    0xff, 0xfe, 0x0, 0x0, 0x0, 0x1f, 0xff, 0xff,
    0xff, 0x80, 0x0, 0x0, 0x7, 0xff, 0xff, 0xff,
    0xe0, 0x0, 0x0, 0x1, 0xff, 0xff, 0xff, 0xf8,
    0x0, 0x0, 0x0, 0x7f, 0xff, 0xff, 0xfe, 0x0,
    0x0, 0x0, 0x3f, 0xff, 0xff, 0xff, 0x80, 0x0,
    0x0, 0xf, 0xff, 0xef, 0xff, 0xe0, 0x0, 0x0,
    0x3, 0xff, 0xfb, 0xff, 0xf8, 0x0, 0x0, 0x0,
    0xff, 0xfe, 0xff, 0xfe, 0x0, 0x0, 0x0, 0x7f,
    0xff, 0xbf, 0xff, 0x80, 0x0, 0x0, 0x1f, 0xff,
    0xef, 0xff, 0xe0, 0x0, 0x0, 0xf, 0xff, 0xf3,
    0xff, 0xf8, 0x0, 0x0, 0x3, 0xff, 0xfc, 0xff,
    0xfe, 0x0, 0x0, 0x1, 0xff, 0xff, 0x3f, 0xff,
    0x80, 0x0, 0x0, 0xff, 0xff, 0x8f, 0xff, 0xe0,
    0x0, 0x0, 0x7f, 0xff, 0xe3, 0xff, 0xf8, 0x0,
    0x0, 0x7f, 0xff, 0xf0, 0xff, 0xfe, 0x0, 0x0,
    0x7f, 0xff, 0xfc, 0x3f, 0xff, 0x80, 0x1, 0xff,
    0xff, 0xfe, 0xf, 0xff, 0xff, 0xff, 0xff, 0xff,
    0xff, 0x3, 0xff, 0xff, 0xff, 0xff, 0xff, 0xff,
    0x80, 0xff, 0xff, 0xff, 0xff, 0xff, 0xff, 0xe0,
    0x3f, 0xff, 0xff, 0xff, 0xff, 0xff, 0xe0, 0xf,
    0xff, 0xff, 0xff, 0xff, 0xff, 0xf0, 0x3, 0xff,
    0xff, 0xff, 0xff, 0xff, 0xf8, 0x0, 0xff, 0xff,
    0xff, 0xff, 0xff, 0xf8, 0x0, 0x3f, 0xff, 0xff,
    0xff, 0xff, 0xfc, 0x0, 0xf, 0xff, 0xff, 0xff,
    0xff, 0xfc, 0x0, 0x3, 0xff, 0xff, 0xff, 0xff,
    0xf8, 0x0, 0x0, 0xff, 0xff, 0xff, 0xff, 0xf0,
    0x0, 0x0, 0x3f, 0xff, 0xff, 0xff, 0x80, 0x0,
    0x0, 0x0,

    /* U+0045 "E" */
    0xff, 0xff, 0xff, 0xff, 0xff, 0xff, 0xff, 0xff,
    0xff, 0xff, 0xff, 0xff, 0xff, 0xff, 0xff, 0xff,
    0xff, 0xff, 0xff, 0xff, 0xff, 0xff, 0xff, 0xff,
    0xff, 0xff, 0xff, 0xff, 0xff, 0xff, 0xff, 0xff,
    0xff, 0xff, 0xff, 0xff, 0xff, 0xff, 0xff, 0xff,
    0xff, 0xff, 0xff, 0xff, 0xff, 0xff, 0xff, 0xff,
    0xff, 0xff, 0xff, 0xff, 0xff, 0xff, 0xff, 0xff,
    0xff, 0xff, 0xff, 0xff, 0xff, 0xff, 0xff, 0xff,
    0xff, 0xff, 0xff, 0xff, 0xff, 0xff, 0xff, 0xff,
    0xff, 0xff, 0xff, 0xe0, 0x0, 0x0, 0x0, 0x7,
    0xff, 0xf0, 0x0, 0x0, 0x0, 0x3, 0xff, 0xf8,
    0x0, 0x0, 0x0, 0x1, 0xff, 0xfc, 0x0, 0x0,
    0x0, 0x0, 0xff, 0xfe, 0x0, 0x0, 0x0, 0x0,
    0x7f, 0xff, 0x0, 0x0, 0x0, 0x0, 0x3f, 0xff,
    0x80, 0x0, 0x0, 0x0, 0x1f, 0xff, 0xc0, 0x0,
    0x0, 0x0, 0xf, 0xff, 0xe0, 0x0, 0x0, 0x0,
    0x7, 0xff, 0xf0, 0x0, 0x0, 0x0, 0x3, 0xff,
    0xf8, 0x0, 0x0, 0x0, 0x1, 0xff, 0xfc, 0x0,
    0x0, 0x0, 0x0, 0xff, 0xff, 0xff, 0xff, 0xff,
    0xfc, 0x7f, 0xff, 0xff, 0xff, 0xff, 0xfe, 0x3f,
    0xff, 0xff, 0xff, 0xff, 0xff, 0x1f, 0xff, 0xff,
    0xff, 0xff, 0xff, 0x8f, 0xff, 0xff, 0xff, 0xff,
    0xff, 0xc7, 0xff, 0xff, 0xff, 0xff, 0xff, 0xe3,
    0xff, 0xff, 0xff, 0xff, 0xff, 0xf1, 0xff, 0xff,
    0xff, 0xff, 0xff, 0xf8, 0xff, 0xff, 0xff, 0xff,
    0xff, 0xfc, 0x7f, 0xff, 0xff, 0xff, 0xff, 0xfe,
    0x3f, 0xff, 0xff, 0xff, 0xff, 0xff, 0x1f, 0xff,
    0xff, 0xff, 0xff, 0xff, 0x8f, 0xff, 0xe0, 0x0,
    0x0, 0x0, 0x7, 0xff, 0xf0, 0x0, 0x0, 0x0,
    0x3, 0xff, 0xf8, 0x0, 0x0, 0x0, 0x1, 0xff,
    0xfc, 0x0, 0x0, 0x0, 0x0, 0xff, 0xfe, 0x0,
    0x0, 0x0, 0x0, 0x7f, 0xff, 0x0, 0x0, 0x0,
    0x0, 0x3f, 0xff, 0x80, 0x0, 0x0, 0x0, 0x1f,
    0xff, 0xc0, 0x0, 0x0, 0x0, 0xf, 0xff, 0xe0,
    0x0, 0x0, 0x0, 0x7, 0xff, 0xf0, 0x0, 0x0,
    0x0, 0x3, 0xff, 0xf8, 0x0, 0x0, 0x0, 0x1,
    0xff, 0xfc, 0x0, 0x0, 0x0, 0x0, 0xff, 0xfe,
    0x0, 0x0, 0x0, 0x0, 0x7f, 0xff, 0x0, 0x0,
    0x0, 0x0, 0x3f, 0xff, 0xff, 0xff, 0xff, 0xff,
    0xff, 0xff, 0xff, 0xff, 0xff, 0xff, 0xff, 0xff,
    0xff, 0xff, 0xff, 0xff, 0xff, 0xff, 0xff, 0xff,
    0xff, 0xff, 0xff, 0xff, 0xff, 0xff, 0xff, 0xff,
    0xff, 0xff, 0xff, 0xff, 0xff, 0xff, 0xff, 0xff,
    0xff, 0xff, 0xff, 0xff, 0xff, 0xff, 0xff, 0xff,
    0xff, 0xff, 0xff, 0xff, 0xff, 0xff, 0xff, 0xff,
    0xff, 0xff, 0xff, 0xff, 0xff, 0xff, 0xff, 0xff,
    0xff, 0xff, 0xff, 0xff, 0xff, 0xff, 0xff, 0xff,
    0xff, 0xff, 0xff, 0xfc,

    /* U+0046 "F" */
    0xff, 0xff, 0xff, 0xff, 0xff, 0xff, 0xff, 0xff,
    0xff, 0xff, 0xff, 0xff, 0xff, 0xff, 0xff, 0xff,
    0xff, 0xff, 0xff, 0xff, 0xff, 0xff, 0xff, 0xff,
    0xff, 0xff, 0xff, 0xff, 0xff, 0xff, 0xff, 0xff,
    0xff, 0xff, 0xff, 0xff, 0xff, 0xff, 0xff, 0xff,
    0xff, 0xff, 0xff, 0xff, 0xff, 0xff, 0xff, 0xff,
    0xff, 0xff, 0xff, 0xff, 0xff, 0xff, 0xff, 0xff,
    0xff, 0xff, 0xff, 0xff, 0xff, 0xff, 0xff, 0xff,
    0xff, 0xff, 0xff, 0xff, 0xff, 0xff, 0xff, 0xff,
    0xff, 0xff, 0xff, 0xe0, 0x0, 0x0, 0x0, 0x7,
    0xff, 0xf0, 0x0, 0x0, 0x0, 0x3, 0xff, 0xf8,
    0x0, 0x0, 0x0, 0x1, 0xff, 0xfc, 0x0, 0x0,
    0x0, 0x0, 0xff, 0xfe, 0x0, 0x0, 0x0, 0x0,
    0x7f, 0xff, 0x0, 0x0, 0x0, 0x0, 0x3f, 0xff,
    0x80, 0x0, 0x0, 0x0, 0x1f, 0xff, 0xc0, 0x0,
    0x0, 0x0, 0xf, 0xff, 0xe0, 0x0, 0x0, 0x0,
    0x7, 0xff, 0xf0, 0x0, 0x0, 0x0, 0x3, 0xff,
    0xf8, 0x0, 0x0, 0x0, 0x1, 0xff, 0xfc, 0x0,
    0x0, 0x0, 0x0, 0xff, 0xfe, 0x0, 0x0, 0x0,
    0x0, 0x7f, 0xff, 0x0, 0x0, 0x0, 0x0, 0x3f,
    0xff, 0x80, 0x0, 0x0, 0x0, 0x1f, 0xff, 0xc0,
    0x0, 0x0, 0x0, 0xf, 0xff, 0xff, 0xff, 0xff,
    0xff, 0xc7, 0xff, 0xff, 0xff, 0xff, 0xff, 0xe3,
    0xff, 0xff, 0xff, 0xff, 0xff, 0xf1, 0xff, 0xff,
    0xff, 0xff, 0xff, 0xf8, 0xff, 0xff, 0xff, 0xff,
    0xff, 0xfc, 0x7f, 0xff, 0xff, 0xff, 0xff, 0xfe,
    0x3f, 0xff, 0xff, 0xff, 0xff, 0xff, 0x1f, 0xff,
    0xff, 0xff, 0xff, 0xff, 0x8f, 0xff, 0xff, 0xff,
    0xff, 0xff, 0xc7, 0xff, 0xff, 0xff, 0xff, 0xff,
    0xe3, 0xff, 0xff, 0xff, 0xff, 0xff, 0xf1, 0xff,
    0xff, 0xff, 0xff, 0xff, 0xf8, 0xff, 0xfe, 0x0,
    0x0, 0x0, 0x0, 0x7f, 0xff, 0x0, 0x0, 0x0,
    0x0, 0x3f, 0xff, 0x80, 0x0, 0x0, 0x0, 0x1f,
    0xff, 0xc0, 0x0, 0x0, 0x0, 0xf, 0xff, 0xe0,
    0x0, 0x0, 0x0, 0x7, 0xff, 0xf0, 0x0, 0x0,
    0x0, 0x3, 0xff, 0xf8, 0x0, 0x0, 0x0, 0x1,
    0xff, 0xfc, 0x0, 0x0, 0x0, 0x0, 0xff, 0xfe,
    0x0, 0x0, 0x0, 0x0, 0x7f, 0xff, 0x0, 0x0,
    0x0, 0x0, 0x3f, 0xff, 0x80, 0x0, 0x0, 0x0,
    0x1f, 0xff, 0xc0, 0x0, 0x0, 0x0, 0xf, 0xff,
    0xe0, 0x0, 0x0, 0x0, 0x7, 0xff, 0xf0, 0x0,
    0x0, 0x0, 0x3, 0xff, 0xf8, 0x0, 0x0, 0x0,
    0x1, 0xff, 0xfc, 0x0, 0x0, 0x0, 0x0, 0xff,
    0xfe, 0x0, 0x0, 0x0, 0x0, 0x7f, 0xff, 0x0,
    0x0, 0x0, 0x0, 0x3f, 0xff, 0x80, 0x0, 0x0,
    0x0, 0x1f, 0xff, 0xc0, 0x0, 0x0, 0x0, 0xf,
    0xff, 0xe0, 0x0, 0x0, 0x0, 0x7, 0xff, 0xf0,
    0x0, 0x0, 0x0, 0x0,

    /* U+0047 "G" */
    0x0, 0x0, 0x0, 0x3, 0xff, 0xf8, 0x0, 0x0,
    0x0, 0x0, 0x1f, 0xff, 0xff, 0xfc, 0x0, 0x0,
    0x0, 0x1f, 0xff, 0xff, 0xff, 0xf8, 0x0, 0x0,
    0x1f, 0xff, 0xff, 0xff, 0xff, 0x80, 0x0, 0xf,
    0xff, 0xff, 0xff, 0xff, 0xf0, 0x0, 0x7, 0xff,
    0xff, 0xff, 0xff, 0xfe, 0x0, 0x1, 0xff, 0xff,
    0xff, 0xff, 0xff, 0xc0, 0x0, 0xff, 0xff, 0xff,
    0xff, 0xff, 0xf8, 0x0, 0x3f, 0xff, 0xff, 0xff,
    0xff, 0xff, 0x0, 0xf, 0xff, 0xff, 0xff, 0xff,
    0xff, 0xe0, 0x3, 0xff, 0xff, 0xff, 0xff, 0xff,
    0xfc, 0x0, 0xff, 0xff, 0xff, 0xff, 0xff, 0xff,
    0x80, 0x3f, 0xff, 0xff, 0xff, 0xff, 0xff, 0xf0,
    0xf, 0xff, 0xff, 0xfe, 0x0, 0x7, 0xfe, 0x1,
    0xff, 0xff, 0xf8, 0x0, 0x0, 0x7, 0xc0, 0x7f,
    0xff, 0xfc, 0x0, 0x0, 0x0, 0x8, 0x1f, 0xff,
    0xfe, 0x0, 0x0, 0x0, 0x0, 0x3, 0xff, 0xff,
    0x0, 0x0, 0x0, 0x0, 0x0, 0xff, 0xff, 0xc0,
    0x0, 0x0, 0x0, 0x0, 0x1f, 0xff, 0xf0, 0x0,
    0x0, 0x0, 0x0, 0x3, 0xff, 0xfc, 0x0, 0x0,
    0x0, 0x0, 0x0, 0xff, 0xff, 0x80, 0x0, 0x0,
    0x0, 0x0, 0x1f, 0xff, 0xe0, 0x0, 0x0, 0x0,
    0x0, 0x3, 0xff, 0xfc, 0x0, 0x0, 0x0, 0x0,
    0x0, 0x7f, 0xff, 0x0, 0x0, 0x0, 0x0, 0x0,
    0x1f, 0xff, 0xe0, 0x0, 0x0, 0x0, 0x0, 0x3,
    0xff, 0xfc, 0x0, 0x0, 0x0, 0x0, 0x0, 0x7f,
    0xff, 0x0, 0x0, 0x0, 0x0, 0x0, 0xf, 0xff,
    0xe0, 0x0, 0x0, 0x0, 0x0, 0x1, 0xff, 0xfc,
    0x0, 0x0, 0x0, 0x0, 0x0, 0x3f, 0xff, 0x80,
    0x0, 0x0, 0x3, 0xff, 0xff, 0xff, 0xf0, 0x0,
    0x0, 0x0, 0x7f, 0xff, 0xff, 0xfe, 0x0, 0x0,
    0x0, 0xf, 0xff, 0xff, 0xff, 0xc0, 0x0, 0x0,
    0x1, 0xff, 0xff, 0xff, 0xf8, 0x0, 0x0, 0x0,
    0x3f, 0xff, 0xff, 0xff, 0x0, 0x0, 0x0, 0x7,
    0xff, 0xff, 0xff, 0xe0, 0x0, 0x0, 0x0, 0xff,
    0xff, 0xff, 0xfe, 0x0, 0x0, 0x0, 0x1f, 0xff,
    0xff, 0xff, 0xc0, 0x0, 0x0, 0x3, 0xff, 0xfb,
    0xff, 0xf8, 0x0, 0x0, 0x0, 0x7f, 0xff, 0x7f,
    0xff, 0x0, 0x0, 0x0, 0xf, 0xff, 0xef, 0xff,
    0xf0, 0x0, 0x0, 0x1, 0xff, 0xfd, 0xff, 0xfe,
    0x0, 0x0, 0x0, 0x3f, 0xff, 0x9f, 0xff, 0xe0,
    0x0, 0x0, 0x7, 0xff, 0xf3, 0xff, 0xfe, 0x0,
    0x0, 0x0, 0xff, 0xfe, 0x7f, 0xff, 0xe0, 0x0,
    0x0, 0x1f, 0xff, 0xc7, 0xff, 0xfe, 0x0, 0x0,
    0x3, 0xff, 0xf8, 0xff, 0xff, 0xe0, 0x0, 0x0,
    0x7f, 0xff, 0xf, 0xff, 0xff, 0x0, 0x0, 0xf,
    0xff, 0xe1, 0xff, 0xff, 0xf8, 0x0, 0x1, 0xff,
    0xfc, 0x1f, 0xff, 0xff, 0xf0, 0x1, 0xff, 0xff,
    0x81, 0xff, 0xff, 0xff, 0xff, 0xff, 0xff, 0xf0,
    0x1f, 0xff, 0xff, 0xff, 0xff, 0xff, 0xfe, 0x3,
    0xff, 0xff, 0xff, 0xff, 0xff, 0xff, 0xc0, 0x3f,
    0xff, 0xff, 0xff, 0xff, 0xff, 0xf8, 0x3, 0xff,
    0xff, 0xff, 0xff, 0xff, 0xff, 0x0, 0x1f, 0xff,
    0xff, 0xff, 0xff, 0xff, 0xe0, 0x1, 0xff, 0xff,
    0xff, 0xff, 0xff, 0xfc, 0x0, 0x1f, 0xff, 0xff,
    0xff, 0xff, 0xff, 0x80, 0x0, 0xff, 0xff, 0xff,
    0xff, 0xff, 0xf0, 0x0, 0x7, 0xff, 0xff, 0xff,
    0xff, 0xfe, 0x0, 0x0, 0x1f, 0xff, 0xff, 0xff,
    0xfe, 0x0, 0x0, 0x0, 0x7f, 0xff, 0xff, 0xf8,
    0x0, 0x0, 0x0, 0x0, 0x7f, 0xff, 0xe0, 0x0,

    /* U+0048 "H" */
    0xff, 0xfe, 0x0, 0x0, 0x0, 0x3f, 0xff, 0xff,
    0xff, 0x0, 0x0, 0x0, 0x1f, 0xff, 0xff, 0xff,
    0x80, 0x0, 0x0, 0xf, 0xff, 0xff, 0xff, 0xc0,
    0x0, 0x0, 0x7, 0xff, 0xff, 0xff, 0xe0, 0x0,
    0x0, 0x3, 0xff, 0xff, 0xff, 0xf0, 0x0, 0x0,
    0x1, 0xff, 0xff, 0xff, 0xf8, 0x0, 0x0, 0x0,
    0xff, 0xff, 0xff, 0xfc, 0x0, 0x0, 0x0, 0x7f,
    0xff, 0xff, 0xfe, 0x0, 0x0, 0x0, 0x3f, 0xff,
    0xff, 0xff, 0x0, 0x0, 0x0, 0x1f, 0xff, 0xff,
    0xff, 0x80, 0x0, 0x0, 0xf, 0xff, 0xff, 0xff,
    0xc0, 0x0, 0x0, 0x7, 0xff, 0xff, 0xff, 0xe0,
    0x0, 0x0, 0x3, 0xff, 0xff, 0xff, 0xf0, 0x0,
    0x0, 0x1, 0xff, 0xff, 0xff, 0xf8, 0x0, 0x0,
    0x0, 0xff, 0xff, 0xff, 0xfc, 0x0, 0x0, 0x0,
    0x7f, 0xff, 0xff, 0xfe, 0x0, 0x0, 0x0, 0x3f,
    0xff, 0xff, 0xff, 0x0, 0x0, 0x0, 0x1f, 0xff,
    0xff, 0xff, 0x80, 0x0, 0x0, 0xf, 0xff, 0xff,
    0xff, 0xc0, 0x0, 0x0, 0x7, 0xff, 0xff, 0xff,
    0xe0, 0x0, 0x0, 0x3, 0xff, 0xff, 0xff, 0xf0,
    0x0, 0x0, 0x1, 0xff, 0xff, 0xff, 0xf8, 0x0,
    0x0, 0x0, 0xff, 0xff, 0xff, 0xfc, 0x0, 0x0,
    0x0, 0x7f, 0xff, 0xff, 0xfe, 0x0, 0x0, 0x0,
    0x3f, 0xff, 0xff, 0xff, 0x0, 0x0, 0x0, 0x1f,
    0xff, 0xff, 0xff, 0xff, 0xff, 0xff, 0xff, 0xff,
    0xff, 0xff, 0xff, 0xff, 0xff, 0xff, 0xff, 0xff,
    0xff, 0xff, 0xff, 0xff, 0xff, 0xff, 0xff, 0xff,
    0xff, 0xff, 0xff, 0xff, 0xff, 0xff, 0xff, 0xff,
    0xff, 0xff, 0xff, 0xff, 0xff, 0xff, 0xff, 0xff,
    0xff, 0xff, 0xff, 0xff, 0xff, 0xff, 0xff, 0xff,
    0xff, 0xff, 0xff, 0xff, 0xff, 0xff, 0xff, 0xff,
    0xff, 0xff, 0xff, 0xff, 0xff, 0xff, 0xff, 0xff,
    0xff, 0xff, 0xff, 0xff, 0xff, 0xff, 0xff, 0xff,
    0xff, 0xff, 0xff, 0xff, 0xff, 0xff, 0xff, 0xff,
    0xff, 0xff, 0xff, 0xff, 0xff, 0xff, 0xff, 0xff,
    0xf8, 0x0, 0x0, 0x0, 0xff, 0xff, 0xff, 0xfc,
    0x0, 0x0, 0x0, 0x7f, 0xff, 0xff, 0xfe, 0x0,
    0x0, 0x0, 0x3f, 0xff, 0xff, 0xff, 0x0, 0x0,
    0x0, 0x1f, 0xff, 0xff, 0xff, 0x80, 0x0, 0x0,
    0xf, 0xff, 0xff, 0xff, 0xc0, 0x0, 0x0, 0x7,
    0xff, 0xff, 0xff, 0xe0, 0x0, 0x0, 0x3, 0xff,
    0xff, 0xff, 0xf0, 0x0, 0x0, 0x1, 0xff, 0xff,
    0xff, 0xf8, 0x0, 0x0, 0x0, 0xff, 0xff, 0xff,
    0xfc, 0x0, 0x0, 0x0, 0x7f, 0xff, 0xff, 0xfe,
    0x0, 0x0, 0x0, 0x3f, 0xff, 0xff, 0xff, 0x0,
    0x0, 0x0, 0x1f, 0xff, 0xff, 0xff, 0x80, 0x0,
    0x0, 0xf, 0xff, 0xff, 0xff, 0xc0, 0x0, 0x0,
    0x7, 0xff, 0xff, 0xff, 0xe0, 0x0, 0x0, 0x3,
    0xff, 0xff, 0xff, 0xf0, 0x0, 0x0, 0x1, 0xff,
    0xff, 0xff, 0xf8, 0x0, 0x0, 0x0, 0xff, 0xff,
    0xff, 0xfc, 0x0, 0x0, 0x0, 0x7f, 0xff, 0xff,
    0xfe, 0x0, 0x0, 0x0, 0x3f, 0xff, 0xff, 0xff,
    0x0, 0x0, 0x0, 0x1f, 0xff, 0xff, 0xff, 0x80,
    0x0, 0x0, 0xf, 0xff, 0xff, 0xff, 0xc0, 0x0,
    0x0, 0x7, 0xff, 0xff, 0xff, 0xe0, 0x0, 0x0,
    0x3, 0xff, 0xff, 0xff, 0xf0, 0x0, 0x0, 0x1,
    0xff, 0xfc,

    /* U+0049 "I" */
    0xff, 0xff, 0xff, 0xff, 0xff, 0xff, 0xff, 0xff,
    0xff, 0xff, 0xff, 0xff, 0xff, 0xff, 0xff, 0xff,
    0xff, 0xff, 0xff, 0xff, 0xff, 0xff, 0xff, 0xff,
    0xff, 0xff, 0xff, 0xff, 0xff, 0xff, 0xff, 0xff,
    0xff, 0xff, 0xff, 0xff, 0xff, 0xff, 0xff, 0xff,
    0xff, 0xff, 0xff, 0xff, 0xff, 0xff, 0xff, 0xff,
    0xff, 0xff, 0xff, 0xff, 0xff, 0xff, 0xff, 0xff,
    0xff, 0xff, 0xff, 0xff, 0xff, 0xff, 0xff, 0xff,
    0xff, 0xff, 0xff, 0xff, 0xff, 0xff, 0xff, 0xff,
    0xff, 0xff, 0xff, 0xff, 0xff, 0xff, 0xff, 0xff,
    0xff, 0xff, 0xff, 0xff, 0xff, 0xff, 0xff, 0xff,
    0xff, 0xff, 0xff, 0xff, 0xff, 0xff, 0xff, 0xff,
    0xff, 0xff, 0xff, 0xff, 0xff, 0xff, 0xff, 0xff,
    0xff, 0xff, 0xff, 0xff, 0xff, 0xff, 0xff, 0xff,
    0xff, 0xff, 0xff, 0xff, 0xc0,

    /* U+004A "J" */
    0x0, 0x0, 0x0, 0x3f, 0xff, 0x80, 0x0, 0x0,
    0x1f, 0xff, 0xc0, 0x0, 0x0, 0xf, 0xff, 0xe0,
    0x0, 0x0, 0x7, 0xff, 0xf0, 0x0, 0x0, 0x3,
    0xff, 0xf8, 0x0, 0x0, 0x1, 0xff, 0xfc, 0x0,
    0x0, 0x0, 0xff, 0xfe, 0x0, 0x0, 0x0, 0x7f,
    0xff, 0x0, 0x0, 0x0, 0x3f, 0xff, 0x80, 0x0,
    0x0, 0x1f, 0xff, 0xc0, 0x0, 0x0, 0xf, 0xff,
    0xe0, 0x0, 0x0, 0x7, 0xff, 0xf0, 0x0, 0x0,
    0x3, 0xff, 0xf8, 0x0, 0x0, 0x1, 0xff, 0xfc,
    0x0, 0x0, 0x0, 0xff, 0xfe, 0x0, 0x0, 0x0,
    0x7f, 0xff, 0x0, 0x0, 0x0, 0x3f, 0xff, 0x80,
    0x0, 0x0, 0x1f, 0xff, 0xc0, 0x0, 0x0, 0xf,
    0xff, 0xe0, 0x0, 0x0, 0x7, 0xff, 0xf0, 0x0,
    0x0, 0x3, 0xff, 0xf8, 0x0, 0x0, 0x1, 0xff,
    0xfc, 0x0, 0x0, 0x0, 0xff, 0xfe, 0x0, 0x0,
    0x0, 0x7f, 0xff, 0x0, 0x0, 0x0, 0x3f, 0xff,
    0x80, 0x0, 0x0, 0x1f, 0xff, 0xc0, 0x0, 0x0,
    0xf, 0xff, 0xe0, 0x0, 0x0, 0x7, 0xff, 0xf0,
    0x0, 0x0, 0x3, 0xff, 0xf8, 0x0, 0x0, 0x1,
    0xff, 0xfc, 0x0, 0x0, 0x0, 0xff, 0xfe, 0x0,
    0x0, 0x0, 0x7f, 0xff, 0x0, 0x0, 0x0, 0x3f,
    0xff, 0x80, 0x0, 0x0, 0x1f, 0xff, 0xc0, 0x0,
    0x0, 0xf, 0xff, 0xe0, 0x0, 0x0, 0x7, 0xff,
    0xf0, 0x0, 0x0, 0x3, 0xff, 0xf8, 0x0, 0x0,
    0x1, 0xff, 0xfc, 0x0, 0x0, 0x0, 0xff, 0xfe,
    0x0, 0x0, 0x0, 0x7f, 0xff, 0x0, 0x0, 0x0,
    0x3f, 0xff, 0x80, 0x0, 0x0, 0x1f, 0xff, 0xc0,
    0x0, 0x0, 0xf, 0xff, 0xe0, 0x0, 0x0, 0x7,
    0xff, 0xf0, 0x0, 0x0, 0x7, 0xff, 0xf8, 0x0,
    0x0, 0x3, 0xff, 0xfc, 0x0, 0x0, 0x3, 0xff,
    0xfe, 0x0, 0x0, 0x1, 0xff, 0xfe, 0xe0, 0x0,
    0x3, 0xff, 0xff, 0x7f, 0x80, 0x7, 0xff, 0xff,
    0xbf, 0xff, 0xff, 0xff, 0xff, 0xdf, 0xff, 0xff,
    0xff, 0xff, 0xcf, 0xff, 0xff, 0xff, 0xff, 0xe7,
    0xff, 0xff, 0xff, 0xff, 0xe3, 0xff, 0xff, 0xff,
    0xff, 0xe1, 0xff, 0xff, 0xff, 0xff, 0xf0, 0xff,
    0xff, 0xff, 0xff, 0xf0, 0x7f, 0xff, 0xff, 0xff,
    0xf0, 0x3f, 0xff, 0xff, 0xff, 0xf0, 0x1f, 0xff,
    0xff, 0xff, 0xe0, 0xf, 0xff, 0xff, 0xff, 0xc0,
    0x0, 0xff, 0xff, 0xff, 0x80, 0x0, 0x1, 0xff,
    0xf8, 0x0, 0x0,

    /* U+004B "K" */
    0xff, 0xfe, 0x0, 0x0, 0x3, 0xff, 0xff, 0xc7,
    0xff, 0xf0, 0x0, 0x0, 0x1f, 0xff, 0xfe, 0x3f,
    0xff, 0x80, 0x0, 0x1, 0xff, 0xff, 0xe1, 0xff,
    0xfc, 0x0, 0x0, 0x1f, 0xff, 0xfe, 0xf, 0xff,
    0xe0, 0x0, 0x1, 0xff, 0xff, 0xe0, 0x7f, 0xff,
    0x0, 0x0, 0xf, 0xff, 0xfe, 0x3, 0xff, 0xf8,
    0x0, 0x0, 0xff, 0xff, 0xe0, 0x1f, 0xff, 0xc0,
    0x0, 0xf, 0xff, 0xfe, 0x0, 0xff, 0xfe, 0x0,
    0x0, 0xff, 0xff, 0xe0, 0x7, 0xff, 0xf0, 0x0,
    0x7, 0xff, 0xff, 0x0, 0x3f, 0xff, 0x80, 0x0,
    0x7f, 0xff, 0xf0, 0x1, 0xff, 0xfc, 0x0, 0x7,
    0xff, 0xff, 0x0, 0xf, 0xff, 0xe0, 0x0, 0x7f,
    0xff, 0xf0, 0x0, 0x7f, 0xff, 0x0, 0x3, 0xff,
    0xff, 0x0, 0x3, 0xff, 0xf8, 0x0, 0x3f, 0xff,
    0xf8, 0x0, 0x1f, 0xff, 0xc0, 0x3, 0xff, 0xff,
    0x80, 0x0, 0xff, 0xfe, 0x0, 0x3f, 0xff, 0xf8,
    0x0, 0x7, 0xff, 0xf0, 0x1, 0xff, 0xff, 0x80,
    0x0, 0x3f, 0xff, 0x80, 0x1f, 0xff, 0xf8, 0x0,
    0x1, 0xff, 0xfc, 0x1, 0xff, 0xff, 0x80, 0x0,
    0xf, 0xff, 0xe0, 0xf, 0xff, 0xfc, 0x0, 0x0,
    0x7f, 0xff, 0x0, 0xff, 0xff, 0xc0, 0x0, 0x3,
    0xff, 0xf8, 0xf, 0xff, 0xfc, 0x0, 0x0, 0x1f,
    0xff, 0xc0, 0x7f, 0xff, 0xc0, 0x0, 0x0, 0xff,
    0xfe, 0x7, 0xff, 0xfc, 0x0, 0x0, 0x7, 0xff,
    0xf0, 0x7f, 0xff, 0xe0, 0x0, 0x0, 0x3f, 0xff,
    0x83, 0xff, 0xfe, 0x0, 0x0, 0x1, 0xff, 0xfc,
    0x3f, 0xff, 0xe0, 0x0, 0x0, 0xf, 0xff, 0xe3,
    0xff, 0xff, 0x0, 0x0, 0x0, 0x7f, 0xff, 0x1f,
    0xff, 0xf0, 0x0, 0x0, 0x3, 0xff, 0xf9, 0xff,
    0xff, 0x0, 0x0, 0x0, 0x1f, 0xff, 0xcf, 0xff,
    0xf8, 0x0, 0x0, 0x0, 0xff, 0xfe, 0x7f, 0xff,
    0xe0, 0x0, 0x0, 0x7, 0xff, 0xf1, 0xff, 0xff,
    0x80, 0x0, 0x0, 0x3f, 0xff, 0x8f, 0xff, 0xfe,
    0x0, 0x0, 0x1, 0xff, 0xfc, 0x3f, 0xff, 0xf8,
    0x0, 0x0, 0xf, 0xff, 0xe0, 0xff, 0xff, 0xe0,
    0x0, 0x0, 0x7f, 0xff, 0x3, 0xff, 0xff, 0x80,
    0x0, 0x3, 0xff, 0xf8, 0xf, 0xff, 0xfe, 0x0,
    0x0, 0x1f, 0xff, 0xc0, 0x3f, 0xff, 0xf8, 0x0,
    0x0, 0xff, 0xfe, 0x0, 0xff, 0xff, 0xe0, 0x0,
    0x7, 0xff, 0xf0, 0x3, 0xff, 0xff, 0x80, 0x0,
    0x3f, 0xff, 0x80, 0x1f, 0xff, 0xfe, 0x0, 0x1,
    0xff, 0xfc, 0x0, 0x7f, 0xff, 0xf0, 0x0, 0xf,
    0xff, 0xe0, 0x1, 0xff, 0xff, 0xc0, 0x0, 0x7f,
    0xff, 0x0, 0x7, 0xff, 0xff, 0x0, 0x3, 0xff,
    0xf8, 0x0, 0x1f, 0xff, 0xfc, 0x0, 0x1f, 0xff,
    0xc0, 0x0, 0x7f, 0xff, 0xf0, 0x0, 0xff, 0xfe,
    0x0, 0x3, 0xff, 0xff, 0xc0, 0x7, 0xff, 0xf0,
    0x0, 0xf, 0xff, 0xff, 0x0, 0x3f, 0xff, 0x80,
    0x0, 0x3f, 0xff, 0xf8, 0x1, 0xff, 0xfc, 0x0,
    0x0, 0xff, 0xff, 0xe0, 0xf, 0xff, 0xe0, 0x0,
    0x3, 0xff, 0xff, 0x80, 0x7f, 0xff, 0x0, 0x0,
    0x1f, 0xff, 0xfe, 0x3, 0xff, 0xf8, 0x0, 0x0,
    0x7f, 0xff, 0xf8, 0x1f, 0xff, 0xc0, 0x0, 0x1,
    0xff, 0xff, 0xc0, 0xff, 0xfe, 0x0, 0x0, 0x7,
    0xff, 0xff, 0x7, 0xff, 0xf0, 0x0, 0x0, 0x1f,
    0xff, 0xfc, 0x3f, 0xff, 0x80, 0x0, 0x0, 0xff,
    0xff, 0xf1, 0xff, 0xfc, 0x0, 0x0, 0x3, 0xff,
    0xff, 0xcf, 0xff, 0xe0, 0x0, 0x0, 0xf, 0xff,
    0xfe, 0x7f, 0xff, 0x0, 0x0, 0x0, 0x3f, 0xff,
    0xf8,

    /* U+004C "L" */
    0xff, 0xfe, 0x0, 0x0, 0x0, 0x7, 0xff, 0xf0,
    0x0, 0x0, 0x0, 0x3f, 0xff, 0x80, 0x0, 0x0,
    0x1, 0xff, 0xfc, 0x0, 0x0, 0x0, 0xf, 0xff,
    0xe0, 0x0, 0x0, 0x0, 0x7f, 0xff, 0x0, 0x0,
    0x0, 0x3, 0xff, 0xf8, 0x0, 0x0, 0x0, 0x1f,
    0xff, 0xc0, 0x0, 0x0, 0x0, 0xff, 0xfe, 0x0,
    0x0, 0x0, 0x7, 0xff, 0xf0, 0x0, 0x0, 0x0,
    0x3f, 0xff, 0x80, 0x0, 0x0, 0x1, 0xff, 0xfc,
    0x0, 0x0, 0x0, 0xf, 0xff, 0xe0, 0x0, 0x0,
    0x0, 0x7f, 0xff, 0x0, 0x0, 0x0, 0x3, 0xff,
    0xf8, 0x0, 0x0, 0x0, 0x1f, 0xff, 0xc0, 0x0,
    0x0, 0x0, 0xff, 0xfe, 0x0, 0x0, 0x0, 0x7,
    0xff, 0xf0, 0x0, 0x0, 0x0, 0x3f, 0xff, 0x80,
    0x0, 0x0, 0x1, 0xff, 0xfc, 0x0, 0x0, 0x0,
    0xf, 0xff, 0xe0, 0x0, 0x0, 0x0, 0x7f, 0xff,
    0x0, 0x0, 0x0, 0x3, 0xff, 0xf8, 0x0, 0x0,
    0x0, 0x1f, 0xff, 0xc0, 0x0, 0x0, 0x0, 0xff,
    0xfe, 0x0, 0x0, 0x0, 0x7, 0xff, 0xf0, 0x0,
    0x0, 0x0, 0x3f, 0xff, 0x80, 0x0, 0x0, 0x1,
    0xff, 0xfc, 0x0, 0x0, 0x0, 0xf, 0xff, 0xe0,
    0x0, 0x0, 0x0, 0x7f, 0xff, 0x0, 0x0, 0x0,
    0x3, 0xff, 0xf8, 0x0, 0x0, 0x0, 0x1f, 0xff,
    0xc0, 0x0, 0x0, 0x0, 0xff, 0xfe, 0x0, 0x0,
    0x0, 0x7, 0xff, 0xf0, 0x0, 0x0, 0x0, 0x3f,
    0xff, 0x80, 0x0, 0x0, 0x1, 0xff, 0xfc, 0x0,
    0x0, 0x0, 0xf, 0xff, 0xe0, 0x0, 0x0, 0x0,
    0x7f, 0xff, 0x0, 0x0, 0x0, 0x3, 0xff, 0xf8,
    0x0, 0x0, 0x0, 0x1f, 0xff, 0xc0, 0x0, 0x0,
    0x0, 0xff, 0xfe, 0x0, 0x0, 0x0, 0x7, 0xff,
    0xf0, 0x0, 0x0, 0x0, 0x3f, 0xff, 0x80, 0x0,
    0x0, 0x1, 0xff, 0xfc, 0x0, 0x0, 0x0, 0xf,
    0xff, 0xe0, 0x0, 0x0, 0x0, 0x7f, 0xff, 0x0,
    0x0, 0x0, 0x3, 0xff, 0xf8, 0x0, 0x0, 0x0,
    0x1f, 0xff, 0xc0, 0x0, 0x0, 0x0, 0xff, 0xfe,
    0x0, 0x0, 0x0, 0x7, 0xff, 0xf0, 0x0, 0x0,
    0x0, 0x3f, 0xff, 0xff, 0xff, 0xff, 0xff, 0xff,
    0xff, 0xff, 0xff, 0xff, 0xff, 0xff, 0xff, 0xff,
    0xff, 0xff, 0xff, 0xff, 0xff, 0xff, 0xff, 0xff,
    0xff, 0xff, 0xff, 0xff, 0xff, 0xff, 0xff, 0xff,
    0xff, 0xff, 0xff, 0xff, 0xff, 0xff, 0xff, 0xff,
    0xff, 0xff, 0xff, 0xff, 0xff, 0xff, 0xff, 0xff,
    0xff, 0xff, 0xff, 0xff, 0xff, 0xff, 0xff, 0xff,
    0xff, 0xff, 0xff, 0xff, 0xff, 0xff, 0xff, 0xff,
    0xff, 0xff, 0xff, 0xff, 0xfc,

    /* U+004D "M" */
    0x0, 0x7f, 0xff, 0xfc, 0x0, 0x0, 0x1f, 0xff,
    0xff, 0x80, 0x0, 0x7f, 0xff, 0xff, 0x0, 0x0,
    0xf, 0xff, 0xff, 0xc0, 0x0, 0x3f, 0xff, 0xff,
    0x80, 0x0, 0xf, 0xff, 0xff, 0xe0, 0x0, 0x1f,
    0xff, 0xff, 0xc0, 0x0, 0x7, 0xff, 0xff, 0xf0,
    0x0, 0xf, 0xff, 0xff, 0xf0, 0x0, 0x3, 0xff,
    0xff, 0xf8, 0x0, 0x7, 0xff, 0xff, 0xf8, 0x0,
    0x3, 0xff, 0xff, 0xfe, 0x0, 0x7, 0xff, 0xff,
    0xfc, 0x0, 0x1, 0xff, 0xff, 0xff, 0x0, 0x3,
    0xff, 0xff, 0xff, 0x0, 0x0, 0xff, 0xff, 0xff,
    0x80, 0x1, 0xff, 0xff, 0xff, 0x80, 0x0, 0xff,
    0xff, 0xff, 0xc0, 0x0, 0xff, 0xff, 0xff, 0xc0,
    0x0, 0x7f, 0xff, 0xff, 0xe0, 0x0, 0x7f, 0xff,
    0xff, 0xf0, 0x0, 0x3f, 0xff, 0xff, 0xf8, 0x0,
    0x3f, 0xff, 0xff, 0xf8, 0x0, 0x3f, 0xff, 0xff,
    0xfc, 0x0, 0x3f, 0xff, 0xff, 0xfc, 0x0, 0x1f,
    0xff, 0xff, 0xfe, 0x0, 0x1f, 0xff, 0xff, 0xfe,
    0x0, 0xf, 0xff, 0xff, 0xff, 0x0, 0xf, 0xff,
    0xff, 0xff, 0x80, 0xf, 0xff, 0xff, 0xff, 0x80,
    0x7, 0xff, 0xef, 0xff, 0xc0, 0x7, 0xff, 0xef,
    0xff, 0xc0, 0x3, 0xff, 0xf7, 0xff, 0xe0, 0x3,
    0xff, 0xf7, 0xff, 0xf0, 0x1, 0xff, 0xf9, 0xff,
    0xf8, 0x1, 0xff, 0xfb, 0xff, 0xf8, 0x1, 0xff,
    0xfc, 0xff, 0xfc, 0x1, 0xff, 0xf9, 0xff, 0xfc,
    0x0, 0xff, 0xfe, 0x7f, 0xfe, 0x0, 0xff, 0xfc,
    0x7f, 0xfe, 0x0, 0x7f, 0xff, 0x1f, 0xff, 0x80,
    0x7f, 0xfe, 0x3f, 0xff, 0x0, 0x3f, 0xff, 0x8f,
    0xff, 0xc0, 0x7f, 0xfe, 0x1f, 0xff, 0x80, 0x1f,
    0xff, 0x87, 0xff, 0xe0, 0x3f, 0xff, 0xf, 0xff,
    0xc0, 0xf, 0xff, 0xc1, 0xff, 0xf8, 0x1f, 0xff,
    0x87, 0xff, 0xf0, 0x7, 0xff, 0xe0, 0xff, 0xfc,
    0x1f, 0xff, 0x83, 0xff, 0xf8, 0x7, 0xff, 0xf0,
    0x7f, 0xfe, 0xf, 0xff, 0xc1, 0xff, 0xfc, 0x3,
    0xff, 0xf8, 0x1f, 0xff, 0x7, 0xff, 0xe0, 0x7f,
    0xfe, 0x1, 0xff, 0xfc, 0xf, 0xff, 0xc3, 0xff,
    0xe0, 0x3f, 0xff, 0x0, 0xff, 0xfc, 0x7, 0xff,
    0xe3, 0xff, 0xf0, 0x1f, 0xff, 0x80, 0x7f, 0xfe,
    0x1, 0xff, 0xf1, 0xff, 0xf8, 0xf, 0xff, 0xc0,
    0x3f, 0xff, 0x0, 0xff, 0xfc, 0xff, 0xf8, 0x7,
    0xff, 0xf0, 0x1f, 0xff, 0x80, 0x7f, 0xfe, 0xff,
    0xfc, 0x3, 0xff, 0xf8, 0xf, 0xff, 0xc0, 0x1f,
    0xff, 0x7f, 0xfe, 0x1, 0xff, 0xfc, 0xf, 0xff,
    0xe0, 0xf, 0xff, 0xbf, 0xfe, 0x0, 0xff, 0xfe,
    0x7, 0xff, 0xf0, 0x7, 0xff, 0xff, 0xff, 0x0,
    0x3f, 0xff, 0x3, 0xff, 0xf8, 0x1, 0xff, 0xff,
    0xff, 0x80, 0x1f, 0xff, 0x81, 0xff, 0xf8, 0x0,
    0xff, 0xff, 0xff, 0xc0, 0xf, 0xff, 0xc0, 0xff,
    0xfc, 0x0, 0x7f, 0xff, 0xff, 0xc0, 0x7, 0xff,
    0xe0, 0x7f, 0xfe, 0x0, 0x3f, 0xff, 0xff, 0xe0,
    0x3, 0xff, 0xf8, 0x3f, 0xff, 0x0, 0xf, 0xff,
    0xff, 0xf0, 0x1, 0xff, 0xfc, 0x1f, 0xff, 0x80,
    0x7, 0xff, 0xff, 0xf0, 0x0, 0xff, 0xfe, 0x1f,
    0xff, 0xc0, 0x3, 0xff, 0xff, 0xf8, 0x0, 0x7f,
    0xff, 0xf, 0xff, 0xe0, 0x0, 0xff, 0xff, 0xfc,
    0x0, 0x1f, 0xff, 0x87, 0xff, 0xf0, 0x0, 0x7f,
    0xff, 0xfc, 0x0, 0xf, 0xff, 0xc3, 0xff, 0xf8,
    0x0, 0x3f, 0xff, 0xfe, 0x0, 0x7, 0xff, 0xe1,
    0xff, 0xf8, 0x0, 0xf, 0xff, 0xff, 0x0, 0x3,
    0xff, 0xf0, 0xff, 0xfc, 0x0, 0x7, 0xff, 0xff,
    0x0, 0x1, 0xff, 0xf8, 0x7f, 0xfe, 0x0, 0x3,
    0xff, 0xff, 0x80, 0x0, 0xff, 0xfe, 0x3f, 0xff,
    0x0, 0x1, 0xff, 0xff, 0xc0, 0x0, 0x7f, 0xff,
    0x1f, 0xff, 0x80, 0x0, 0x7f, 0xff, 0xe0, 0x0,
    0x3f, 0xff, 0x9f, 0xff, 0xc0, 0x0, 0x3f, 0xff,
    0xe0, 0x0, 0x1f, 0xff, 0xcf, 0xff, 0xe0, 0x0,
    0x1f, 0xff, 0xf0, 0x0, 0x7, 0xff, 0xe7, 0xff,
    0xf0, 0x0, 0x7, 0xff, 0xf8, 0x0, 0x3, 0xff,
    0xf3, 0xff, 0xf8, 0x0, 0x3, 0xff, 0xf8, 0x0,
    0x1, 0xff, 0xf9, 0xff, 0xfc, 0x0, 0x1, 0xff,
    0xfc, 0x0, 0x0, 0xff, 0xfc, 0xff, 0xfc, 0x0,
    0x0, 0xff, 0xfe, 0x0, 0x0, 0x7f, 0xfe, 0x7f,
    0xfe, 0x0, 0x0, 0x0, 0x0, 0x0, 0x0, 0x3f,
    0xff, 0x3f, 0xff, 0x0, 0x0, 0x0, 0x0, 0x0,
    0x0, 0x1f, 0xff, 0xdf, 0xff, 0x80, 0x0, 0x0,
    0x0, 0x0, 0x0, 0xf, 0xff, 0xef, 0xff, 0xc0,
    0x0, 0x0, 0x0, 0x0, 0x0, 0x7, 0xff, 0xff,
    0xff, 0xe0, 0x0, 0x0, 0x0, 0x0, 0x0, 0x3,
    0xff, 0xff, 0xff, 0xf0, 0x0, 0x0, 0x0, 0x0,
    0x0, 0x1, 0xff, 0xfc,

    /* U+004E "N" */
    0xff, 0xff, 0xc0, 0x0, 0x0, 0xf, 0xff, 0xff,
    0xff, 0xfc, 0x0, 0x0, 0x1, 0xff, 0xff, 0xff,
    0xff, 0x80, 0x0, 0x0, 0x3f, 0xff, 0xff, 0xff,
    0xf8, 0x0, 0x0, 0x7, 0xff, 0xff, 0xff, 0xff,
    0x80, 0x0, 0x0, 0xff, 0xff, 0xff, 0xff, 0xf0,
    0x0, 0x0, 0x1f, 0xff, 0xff, 0xff, 0xff, 0x0,
    0x0, 0x3, 0xff, 0xff, 0xff, 0xff, 0xf0, 0x0,
    0x0, 0x7f, 0xff, 0xff, 0xff, 0xfe, 0x0, 0x0,
    0xf, 0xff, 0xff, 0xff, 0xff, 0xe0, 0x0, 0x1,
    0xff, 0xff, 0xff, 0xff, 0xfe, 0x0, 0x0, 0x3f,
    0xff, 0xff, 0xff, 0xff, 0xc0, 0x0, 0x7, 0xff,
    0xff, 0xff, 0xff, 0xfc, 0x0, 0x0, 0xff, 0xff,
    0xff, 0xff, 0xff, 0xc0, 0x0, 0x1f, 0xff, 0xff,
    0xff, 0xff, 0xf8, 0x0, 0x3, 0xff, 0xff, 0xff,
    0xff, 0xff, 0x80, 0x0, 0x7f, 0xff, 0xff, 0xff,
    0xff, 0xf8, 0x0, 0xf, 0xff, 0xff, 0xff, 0xff,
    0xff, 0x0, 0x1, 0xff, 0xff, 0xff, 0xff, 0xff,
    0xf0, 0x0, 0x3f, 0xff, 0xff, 0xff, 0xff, 0xff,
    0x0, 0x7, 0xff, 0xff, 0xff, 0xff, 0xff, 0xf0,
    0x0, 0xff, 0xff, 0xff, 0xfd, 0xff, 0xfe, 0x0,
    0x1f, 0xff, 0xff, 0xff, 0x9f, 0xff, 0xe0, 0x3,
    0xff, 0xff, 0xff, 0xf3, 0xff, 0xfe, 0x0, 0x7f,
    0xff, 0xff, 0xfe, 0x3f, 0xff, 0xc0, 0xf, 0xff,
    0xff, 0xff, 0xc3, 0xff, 0xfc, 0x1, 0xff, 0xff,
    0xff, 0xf8, 0x7f, 0xff, 0xc0, 0x3f, 0xff, 0xff,
    0xff, 0x7, 0xff, 0xf8, 0x7, 0xff, 0xff, 0xff,
    0xe0, 0x7f, 0xff, 0x80, 0xff, 0xff, 0xff, 0xfc,
    0xf, 0xff, 0xf8, 0x1f, 0xff, 0xff, 0xff, 0x80,
    0xff, 0xff, 0x3, 0xff, 0xff, 0xff, 0xf0, 0xf,
    0xff, 0xf0, 0x7f, 0xff, 0xff, 0xfe, 0x0, 0xff,
    0xff, 0xf, 0xff, 0xff, 0xff, 0xc0, 0x1f, 0xff,
    0xe1, 0xff, 0xff, 0xff, 0xf8, 0x1, 0xff, 0xfe,
    0x3f, 0xff, 0xff, 0xff, 0x0, 0x1f, 0xff, 0xe7,
    0xff, 0xff, 0xff, 0xe0, 0x3, 0xff, 0xfc, 0xff,
    0xff, 0xff, 0xfc, 0x0, 0x3f, 0xff, 0xdf, 0xff,
    0xff, 0xff, 0x80, 0x3, 0xff, 0xff, 0xff, 0xff,
    0xff, 0xf0, 0x0, 0x7f, 0xff, 0xff, 0xff, 0xff,
    0xfe, 0x0, 0x7, 0xff, 0xff, 0xff, 0xff, 0xff,
    0xc0, 0x0, 0x7f, 0xff, 0xff, 0xff, 0xff, 0xf8,
    0x0, 0xf, 0xff, 0xff, 0xff, 0xff, 0xff, 0x0,
    0x0, 0xff, 0xff, 0xff, 0xff, 0xff, 0xe0, 0x0,
    0xf, 0xff, 0xff, 0xff, 0xff, 0xfc, 0x0, 0x1,
    0xff, 0xff, 0xff, 0xff, 0xff, 0x80, 0x0, 0x1f,
    0xff, 0xff, 0xff, 0xff, 0xf0, 0x0, 0x1, 0xff,
    0xff, 0xff, 0xff, 0xfe, 0x0, 0x0, 0x1f, 0xff,
    0xff, 0xff, 0xff, 0xc0, 0x0, 0x3, 0xff, 0xff,
    0xff, 0xff, 0xf8, 0x0, 0x0, 0x3f, 0xff, 0xff,
    0xff, 0xff, 0x0, 0x0, 0x3, 0xff, 0xff, 0xff,
    0xff, 0xe0, 0x0, 0x0, 0x7f, 0xff, 0xff, 0xff,
    0xfc, 0x0, 0x0, 0x7, 0xff, 0xff, 0xff, 0xff,
    0x80, 0x0, 0x0, 0x7f, 0xff, 0xff, 0xff, 0xf0,
    0x0, 0x0, 0xf, 0xff, 0xff, 0xff, 0xfe, 0x0,
    0x0, 0x0, 0xff, 0xff, 0xff, 0xff, 0xc0, 0x0,
    0x0, 0xf, 0xff, 0xff, 0xff, 0xf8, 0x0, 0x0,
    0x1, 0xff, 0xff, 0xff, 0xff, 0x0, 0x0, 0x0,
    0x1f, 0xff, 0xff, 0xff, 0xe0, 0x0, 0x0, 0x1,
    0xff, 0xff, 0xff, 0xfc, 0x0, 0x0, 0x0, 0x3f,
    0xff, 0xc0,

    /* U+004F "O" */
    0x0, 0x0, 0x0, 0x1f, 0xff, 0x0, 0x0, 0x0,
    0x0, 0x0, 0x0, 0x3f, 0xff, 0xfe, 0x0, 0x0,
    0x0, 0x0, 0x0, 0x3f, 0xff, 0xff, 0xf8, 0x0,
    0x0, 0x0, 0x0, 0x3f, 0xff, 0xff, 0xff, 0xe0,
    0x0, 0x0, 0x0, 0x1f, 0xff, 0xff, 0xff, 0xff,
    0x0, 0x0, 0x0, 0x7, 0xff, 0xff, 0xff, 0xff,
    0xf0, 0x0, 0x0, 0x3, 0xff, 0xff, 0xff, 0xff,
    0xff, 0x80, 0x0, 0x0, 0xff, 0xff, 0xff, 0xff,
    0xff, 0xf8, 0x0, 0x0, 0x3f, 0xff, 0xff, 0xff,
    0xff, 0xff, 0x80, 0x0, 0xf, 0xff, 0xff, 0xff,
    0xff, 0xff, 0xf8, 0x0, 0x3, 0xff, 0xff, 0xff,
    0xff, 0xff, 0xff, 0x80, 0x0, 0xff, 0xff, 0xff,
    0xff, 0xff, 0xff, 0xf8, 0x0, 0x3f, 0xff, 0xff,
    0xff, 0xff, 0xff, 0xff, 0x80, 0xf, 0xff, 0xff,
    0xf0, 0x7, 0xff, 0xff, 0xf8, 0x1, 0xff, 0xff,
    0xf0, 0x0, 0x1f, 0xff, 0xff, 0x0, 0x7f, 0xff,
    0xf8, 0x0, 0x0, 0xff, 0xff, 0xf0, 0x1f, 0xff,
    0xfc, 0x0, 0x0, 0x7, 0xff, 0xff, 0x3, 0xff,
    0xff, 0x0, 0x0, 0x0, 0x7f, 0xff, 0xe0, 0xff,
    0xff, 0xc0, 0x0, 0x0, 0x7, 0xff, 0xfe, 0x1f,
    0xff, 0xf0, 0x0, 0x0, 0x0, 0x7f, 0xff, 0xc3,
    0xff, 0xfc, 0x0, 0x0, 0x0, 0x7, 0xff, 0xf8,
    0xff, 0xff, 0x0, 0x0, 0x0, 0x0, 0x7f, 0xff,
    0x9f, 0xff, 0xe0, 0x0, 0x0, 0x0, 0xf, 0xff,
    0xf3, 0xff, 0xf8, 0x0, 0x0, 0x0, 0x0, 0xff,
    0xfe, 0x7f, 0xff, 0x0, 0x0, 0x0, 0x0, 0x1f,
    0xff, 0xdf, 0xff, 0xe0, 0x0, 0x0, 0x0, 0x3,
    0xff, 0xff, 0xff, 0xfc, 0x0, 0x0, 0x0, 0x0,
    0x7f, 0xff, 0xff, 0xff, 0x0, 0x0, 0x0, 0x0,
    0x7, 0xff, 0xff, 0xff, 0xe0, 0x0, 0x0, 0x0,
    0x0, 0xff, 0xff, 0xff, 0xfc, 0x0, 0x0, 0x0,
    0x0, 0x1f, 0xff, 0xff, 0xff, 0x80, 0x0, 0x0,
    0x0, 0x3, 0xff, 0xff, 0xff, 0xf0, 0x0, 0x0,
    0x0, 0x0, 0x7f, 0xff, 0xff, 0xfe, 0x0, 0x0,
    0x0, 0x0, 0xf, 0xff, 0xff, 0xff, 0xc0, 0x0,
    0x0, 0x0, 0x1, 0xff, 0xff, 0xff, 0xf8, 0x0,
    0x0, 0x0, 0x0, 0x3f, 0xff, 0xff, 0xff, 0x0,
    0x0, 0x0, 0x0, 0x7, 0xff, 0xff, 0xff, 0xe0,
    0x0, 0x0, 0x0, 0x0, 0xff, 0xff, 0xff, 0xfe,
    0x0, 0x0, 0x0, 0x0, 0x3f, 0xff, 0xff, 0xff,
    0xc0, 0x0, 0x0, 0x0, 0x7, 0xff, 0xf3, 0xff,
    0xf8, 0x0, 0x0, 0x0, 0x0, 0xff, 0xfe, 0x7f,
    0xff, 0x80, 0x0, 0x0, 0x0, 0x3f, 0xff, 0xcf,
    0xff, 0xf0, 0x0, 0x0, 0x0, 0x7, 0xff, 0xf9,
    0xff, 0xff, 0x0, 0x0, 0x0, 0x1, 0xff, 0xff,
    0x1f, 0xff, 0xe0, 0x0, 0x0, 0x0, 0x3f, 0xff,
    0xc3, 0xff, 0xfe, 0x0, 0x0, 0x0, 0xf, 0xff,
    0xf8, 0x7f, 0xff, 0xe0, 0x0, 0x0, 0x3, 0xff,
    0xff, 0x7, 0xff, 0xfe, 0x0, 0x0, 0x0, 0xff,
    0xff, 0xc0, 0xff, 0xff, 0xe0, 0x0, 0x0, 0x3f,
    0xff, 0xf8, 0xf, 0xff, 0xff, 0x0, 0x0, 0x1f,
    0xff, 0xfe, 0x1, 0xff, 0xff, 0xf8, 0x0, 0xf,
    0xff, 0xff, 0xc0, 0x1f, 0xff, 0xff, 0xe0, 0xf,
    0xff, 0xff, 0xf0, 0x1, 0xff, 0xff, 0xff, 0xff,
    0xff, 0xff, 0xfc, 0x0, 0x3f, 0xff, 0xff, 0xff,
    0xff, 0xff, 0xff, 0x80, 0x3, 0xff, 0xff, 0xff,
    0xff, 0xff, 0xff, 0xe0, 0x0, 0x3f, 0xff, 0xff,
    0xff, 0xff, 0xff, 0xf8, 0x0, 0x3, 0xff, 0xff,
    0xff, 0xff, 0xff, 0xfe, 0x0, 0x0, 0x3f, 0xff,
    0xff, 0xff, 0xff, 0xff, 0x80, 0x0, 0x3, 0xff,
    0xff, 0xff, 0xff, 0xff, 0xe0, 0x0, 0x0, 0x1f,
    0xff, 0xff, 0xff, 0xff, 0xf0, 0x0, 0x0, 0x1,
    0xff, 0xff, 0xff, 0xff, 0xf8, 0x0, 0x0, 0x0,
    0xf, 0xff, 0xff, 0xff, 0xfc, 0x0, 0x0, 0x0,
    0x0, 0x3f, 0xff, 0xff, 0xfe, 0x0, 0x0, 0x0,
    0x0, 0x0, 0xff, 0xff, 0xfe, 0x0, 0x0, 0x0,
    0x0, 0x0, 0x1, 0xff, 0xf8, 0x0, 0x0, 0x0,

    /* U+0050 "P" */
    0xff, 0xff, 0xff, 0xff, 0xf0, 0x0, 0x0, 0xff,
    0xff, 0xff, 0xff, 0xff, 0x80, 0x0, 0xff, 0xff,
    0xff, 0xff, 0xff, 0xf0, 0x0, 0xff, 0xff, 0xff,
    0xff, 0xff, 0xfc, 0x0, 0xff, 0xff, 0xff, 0xff,
    0xff, 0xff, 0x0, 0xff, 0xff, 0xff, 0xff, 0xff,
    0xff, 0x80, 0xff, 0xff, 0xff, 0xff, 0xff, 0xff,
    0xc0, 0xff, 0xff, 0xff, 0xff, 0xff, 0xff, 0xe0,
    0xff, 0xff, 0xff, 0xff, 0xff, 0xff, 0xf0, 0xff,
    0xff, 0xff, 0xff, 0xff, 0xff, 0xf8, 0xff, 0xff,
    0xff, 0xff, 0xff, 0xff, 0xf8, 0xff, 0xff, 0xff,
    0xff, 0xff, 0xff, 0xfc, 0xff, 0xfe, 0x0, 0x0,
    0x7f, 0xff, 0xfc, 0xff, 0xfe, 0x0, 0x0, 0xf,
    0xff, 0xfe, 0xff, 0xfe, 0x0, 0x0, 0x3, 0xff,
    0xfe, 0xff, 0xfe, 0x0, 0x0, 0x1, 0xff, 0xfe,
    0xff, 0xfe, 0x0, 0x0, 0x0, 0xff, 0xfe, 0xff,
    0xfe, 0x0, 0x0, 0x0, 0xff, 0xff, 0xff, 0xfe,
    0x0, 0x0, 0x0, 0x7f, 0xff, 0xff, 0xfe, 0x0,
    0x0, 0x0, 0x7f, 0xff, 0xff, 0xfe, 0x0, 0x0,
    0x0, 0x7f, 0xff, 0xff, 0xfe, 0x0, 0x0, 0x0,
    0x7f, 0xff, 0xff, 0xfe, 0x0, 0x0, 0x0, 0x7f,
    0xff, 0xff, 0xfe, 0x0, 0x0, 0x0, 0x7f, 0xff,
    0xff, 0xfe, 0x0, 0x0, 0x0, 0x7f, 0xff, 0xff,
    0xfe, 0x0, 0x0, 0x0, 0x7f, 0xff, 0xff, 0xfe,
    0x0, 0x0, 0x0, 0xff, 0xff, 0xff, 0xfe, 0x0,
    0x0, 0x0, 0xff, 0xff, 0xff, 0xfe, 0x0, 0x0,
    0x0, 0xff, 0xfe, 0xff, 0xfe, 0x0, 0x0, 0x1,
    0xff, 0xfe, 0xff, 0xfe, 0x0, 0x0, 0x3, 0xff,
    0xfe, 0xff, 0xfe, 0x0, 0x0, 0xf, 0xff, 0xfc,
    0xff, 0xfe, 0x0, 0x0, 0x7f, 0xff, 0xfc, 0xff,
    0xff, 0xff, 0xff, 0xff, 0xff, 0xf8, 0xff, 0xff,
    0xff, 0xff, 0xff, 0xff, 0xf8, 0xff, 0xff, 0xff,
    0xff, 0xff, 0xff, 0xf0, 0xff, 0xff, 0xff, 0xff,
    0xff, 0xff, 0xe0, 0xff, 0xff, 0xff, 0xff, 0xff,
    0xff, 0xc0, 0xff, 0xff, 0xff, 0xff, 0xff, 0xff,
    0x80, 0xff, 0xff, 0xff, 0xff, 0xff, 0xff, 0x0,
    0xff, 0xff, 0xff, 0xff, 0xff, 0xfe, 0x0, 0xff,
    0xff, 0xff, 0xff, 0xff, 0xf8, 0x0, 0xff, 0xff,
    0xff, 0xff, 0xff, 0xe0, 0x0, 0xff, 0xff, 0xff,
    0xff, 0xff, 0x0, 0x0, 0xff, 0xff, 0xff, 0xff,
    0xe0, 0x0, 0x0, 0xff, 0xfe, 0x0, 0x0, 0x0,
    0x0, 0x0, 0xff, 0xfe, 0x0, 0x0, 0x0, 0x0,
    0x0, 0xff, 0xfe, 0x0, 0x0, 0x0, 0x0, 0x0,
    0xff, 0xfe, 0x0, 0x0, 0x0, 0x0, 0x0, 0xff,
    0xfe, 0x0, 0x0, 0x0, 0x0, 0x0, 0xff, 0xfe,
    0x0, 0x0, 0x0, 0x0, 0x0, 0xff, 0xfe, 0x0,
    0x0, 0x0, 0x0, 0x0, 0xff, 0xfe, 0x0, 0x0,
    0x0, 0x0, 0x0, 0xff, 0xfe, 0x0, 0x0, 0x0,
    0x0, 0x0, 0xff, 0xfe, 0x0, 0x0, 0x0, 0x0,
    0x0, 0xff, 0xfe, 0x0, 0x0, 0x0, 0x0, 0x0,
    0xff, 0xfe, 0x0, 0x0, 0x0, 0x0, 0x0, 0xff,
    0xfe, 0x0, 0x0, 0x0, 0x0, 0x0, 0xff, 0xfe,
    0x0, 0x0, 0x0, 0x0, 0x0, 0xff, 0xfe, 0x0,
    0x0, 0x0, 0x0, 0x0, 0xff, 0xfe, 0x0, 0x0,
    0x0, 0x0, 0x0, 0xff, 0xfe, 0x0, 0x0, 0x0,
    0x0, 0x0,

    /* U+0051 "Q" */
    0x0, 0x0, 0x0, 0x1f, 0xff, 0x0, 0x0, 0x0,
    0x0, 0x0, 0x0, 0x3f, 0xff, 0xfe, 0x0, 0x0,
    0x0, 0x0, 0x0, 0x3f, 0xff, 0xff, 0xf8, 0x0,
    0x0, 0x0, 0x0, 0x3f, 0xff, 0xff, 0xff, 0xe0,
    0x0, 0x0, 0x0, 0x1f, 0xff, 0xff, 0xff, 0xff,
    0x0, 0x0, 0x0, 0x7, 0xff, 0xff, 0xff, 0xff,
    0xf0, 0x0, 0x0, 0x3, 0xff, 0xff, 0xff, 0xff,
    0xff, 0x80, 0x0, 0x0, 0xff, 0xff, 0xff, 0xff,
    0xff, 0xf8, 0x0, 0x0, 0x3f, 0xff, 0xff, 0xff,
    0xff, 0xff, 0x80, 0x0, 0xf, 0xff, 0xff, 0xff,
    0xff, 0xff, 0xf8, 0x0, 0x3, 0xff, 0xff, 0xff,
    0xff, 0xff, 0xff, 0x80, 0x0, 0xff, 0xff, 0xff,
    0xff, 0xff, 0xff, 0xf8, 0x0, 0x3f, 0xff, 0xff,
    0xff, 0xff, 0xff, 0xff, 0x80, 0xf, 0xff, 0xff,
    0xf0, 0x7, 0xff, 0xff, 0xf8, 0x1, 0xff, 0xff,
    0xf0, 0x0, 0x1f, 0xff, 0xff, 0x0, 0x7f, 0xff,
    0xf8, 0x0, 0x0, 0xff, 0xff, 0xf0, 0x1f, 0xff,
    0xfc, 0x0, 0x0, 0x7, 0xff, 0xff, 0x3, 0xff,
    0xff, 0x0, 0x0, 0x0, 0x7f, 0xff, 0xe0, 0xff,
    0xff, 0xc0, 0x0, 0x0, 0x7, 0xff, 0xfe, 0x1f,
    0xff, 0xf0, 0x0, 0x0, 0x0, 0x7f, 0xff, 0xc3,
    0xff, 0xfc, 0x0, 0x0, 0x0, 0x7, 0xff, 0xf8,
    0xff, 0xff, 0x0, 0x0, 0x0, 0x0, 0x7f, 0xff,
    0x9f, 0xff, 0xe0, 0x0, 0x0, 0x0, 0xf, 0xff,
    0xf3, 0xff, 0xf8, 0x0, 0x0, 0x0, 0x0, 0xff,
    0xfe, 0x7f, 0xff, 0x0, 0x0, 0x0, 0x0, 0x1f,
    0xff, 0xdf, 0xff, 0xe0, 0x0, 0x0, 0x0, 0x3,
    0xff, 0xff, 0xff, 0xf8, 0x0, 0x0, 0x0, 0x0,
    0x7f, 0xff, 0xff, 0xff, 0x0, 0x0, 0x0, 0x0,
    0x7, 0xff, 0xff, 0xff, 0xe0, 0x0, 0x0, 0x0,
    0x0, 0xff, 0xff, 0xff, 0xfc, 0x0, 0x0, 0x0,
    0x0, 0x1f, 0xff, 0xff, 0xff, 0x80, 0x0, 0x0,
    0x0, 0x3, 0xff, 0xff, 0xff, 0xf0, 0x0, 0x0,
    0x0, 0x0, 0x7f, 0xff, 0xff, 0xfe, 0x0, 0x0,
    0x0, 0x0, 0xf, 0xff, 0xff, 0xff, 0xc0, 0x0,
    0x0, 0x0, 0x1, 0xff, 0xff, 0xff, 0xf8, 0x0,
    0x0, 0x0, 0x0, 0x3f, 0xff, 0xff, 0xff, 0x0,
    0x0, 0x0, 0x0, 0x7, 0xff, 0xff, 0xff, 0xe0,
    0x0, 0x0, 0x0, 0x0, 0xff, 0xff, 0xff, 0xfe,
    0x0, 0x0, 0x0, 0x0, 0x3f, 0xff, 0xdf, 0xff,
    0xc0, 0x0, 0x0, 0x0, 0x7, 0xff, 0xf3, 0xff,
    0xf8, 0x0, 0x0, 0x0, 0x0, 0xff, 0xfe, 0x7f,
    0xff, 0x80, 0x0, 0x0, 0x0, 0x3f, 0xff, 0xcf,
    0xff, 0xf0, 0x0, 0x0, 0x0, 0x7, 0xff, 0xf9,
    0xff, 0xff, 0x0, 0x0, 0x0, 0x1, 0xff, 0xff,
    0x1f, 0xff, 0xe0, 0x0, 0x0, 0x0, 0x3f, 0xff,
    0xc3, 0xff, 0xfe, 0x0, 0x0, 0x0, 0xf, 0xff,
    0xf8, 0x7f, 0xff, 0xe0, 0x0, 0x0, 0x3, 0xff,
    0xff, 0x7, 0xff, 0xfe, 0x0, 0x0, 0x0, 0xff,
    0xff, 0xc0, 0xff, 0xff, 0xe0, 0x0, 0x0, 0x3f,
    0xff, 0xf8, 0xf, 0xff, 0xff, 0x0, 0x0, 0x1f,
    0xff, 0xfe, 0x1, 0xff, 0xff, 0xf8, 0x0, 0xf,
    0xff, 0xff, 0xc0, 0x1f, 0xff, 0xff, 0xe0, 0xf,
    0xff, 0xff, 0xf0, 0x1, 0xff, 0xff, 0xff, 0xff,
    0xff, 0xff, 0xfc, 0x0, 0x3f, 0xff, 0xff, 0xff,
    0xff, 0xff, 0xff, 0x80, 0x3, 0xff, 0xff, 0xff,
    0xff, 0xff, 0xff, 0xe0, 0x0, 0x3f, 0xff, 0xff,
    0xff, 0xff, 0xff, 0xf8, 0x0, 0x3, 0xff, 0xff,
    0xff, 0xff, 0xff, 0xfe, 0x0, 0x0, 0x3f, 0xff,
    0xff, 0xff, 0xff, 0xff, 0xc0, 0x0, 0x1, 0xff,
    0xff, 0xff, 0xff, 0xff, 0xfc, 0x0, 0x0, 0x1f,
    0xff, 0xff, 0xff, 0xff, 0xff, 0xc0, 0x0, 0x0,
    0xff, 0xff, 0xff, 0xff, 0xff, 0xfc, 0x0, 0x0,
    0x7, 0xff, 0xff, 0xff, 0xff, 0xff, 0xc0, 0x0,
    0x0, 0x3f, 0xff, 0xff, 0xff, 0xff, 0xfc, 0x0,
    0x0, 0x0, 0xff, 0xff, 0xff, 0xff, 0xff, 0x80,
    0x0, 0x0, 0x0, 0xff, 0xfc, 0x3f, 0xff, 0xf8,
    0x0, 0x0, 0x0, 0x0, 0x0, 0x3, 0xff, 0xff,
    0x80, 0x0, 0x0, 0x0, 0x0, 0x0, 0x3f, 0xff,
    0xf0, 0x0, 0x0, 0x0, 0x0, 0x0, 0x3, 0xff,
    0xfc, 0x0, 0x0, 0x0, 0x0, 0x0, 0x0, 0x3f,
    0xff, 0x0, 0x0, 0x0, 0x0, 0x0, 0x0, 0x3,
    0xff, 0xc0, 0x0, 0x0, 0x0, 0x0, 0x0, 0x0,
    0x3f, 0xe0, 0x0, 0x0, 0x0, 0x0, 0x0, 0x0,
    0x3, 0xf8, 0x0, 0x0, 0x0, 0x0, 0x0, 0x0,
    0x0, 0x7e, 0x0, 0x0, 0x0, 0x0, 0x0, 0x0,
    0x0, 0x7, 0x80, 0x0, 0x0, 0x0, 0x0, 0x0,
    0x0, 0x0, 0x60, 0x0,

    /* U+0052 "R" */
    0xff, 0xff, 0xff, 0xff, 0xf0, 0x0, 0x0, 0x3f,
    0xff, 0xff, 0xff, 0xff, 0xe0, 0x0, 0xf, 0xff,
    0xff, 0xff, 0xff, 0xfe, 0x0, 0x3, 0xff, 0xff,
    0xff, 0xff, 0xff, 0xf0, 0x0, 0xff, 0xff, 0xff,
    0xff, 0xff, 0xfe, 0x0, 0x3f, 0xff, 0xff, 0xff,
    0xff, 0xff, 0xe0, 0xf, 0xff, 0xff, 0xff, 0xff,
    0xff, 0xfc, 0x3, 0xff, 0xff, 0xff, 0xff, 0xff,
    0xff, 0x80, 0xff, 0xff, 0xff, 0xff, 0xff, 0xff,
    0xf0, 0x3f, 0xff, 0xff, 0xff, 0xff, 0xff, 0xfc,
    0xf, 0xff, 0xff, 0xff, 0xff, 0xff, 0xff, 0x83,
    0xff, 0xff, 0xff, 0xff, 0xff, 0xff, 0xe0, 0xff,
    0xfe, 0x0, 0x0, 0xff, 0xff, 0xfc, 0x3f, 0xff,
    0x80, 0x0, 0x3, 0xff, 0xff, 0xf, 0xff, 0xe0,
    0x0, 0x0, 0x7f, 0xff, 0xc3, 0xff, 0xf8, 0x0,
    0x0, 0xf, 0xff, 0xf8, 0xff, 0xfe, 0x0, 0x0,
    0x1, 0xff, 0xfe, 0x3f, 0xff, 0x80, 0x0, 0x0,
    0x7f, 0xff, 0x8f, 0xff, 0xe0, 0x0, 0x0, 0xf,
    0xff, 0xe3, 0xff, 0xf8, 0x0, 0x0, 0x3, 0xff,
    0xf8, 0xff, 0xfe, 0x0, 0x0, 0x0, 0xff, 0xfe,
    0x3f, 0xff, 0x80, 0x0, 0x0, 0x3f, 0xff, 0x8f,
    0xff, 0xe0, 0x0, 0x0, 0xf, 0xff, 0xe3, 0xff,
    0xf8, 0x0, 0x0, 0x3, 0xff, 0xf8, 0xff, 0xfe,
    0x0, 0x0, 0x1, 0xff, 0xfe, 0x3f, 0xff, 0x80,
    0x0, 0x0, 0x7f, 0xff, 0xf, 0xff, 0xe0, 0x0,
    0x0, 0x3f, 0xff, 0xc3, 0xff, 0xf8, 0x0, 0x0,
    0x1f, 0xff, 0xf0, 0xff, 0xfe, 0x0, 0x0, 0x1f,
    0xff, 0xf8, 0x3f, 0xff, 0x80, 0x0, 0x3f, 0xff,
    0xfe, 0xf, 0xff, 0xff, 0xff, 0xff, 0xff, 0xff,
    0x3, 0xff, 0xff, 0xff, 0xff, 0xff, 0xff, 0xc0,
    0xff, 0xff, 0xff, 0xff, 0xff, 0xff, 0xe0, 0x3f,
    0xff, 0xff, 0xff, 0xff, 0xff, 0xf0, 0xf, 0xff,
    0xff, 0xff, 0xff, 0xff, 0xf8, 0x3, 0xff, 0xff,
    0xff, 0xff, 0xff, 0xfc, 0x0, 0xff, 0xff, 0xff,
    0xff, 0xff, 0xfe, 0x0, 0x3f, 0xff, 0xff, 0xff,
    0xff, 0xfe, 0x0, 0xf, 0xff, 0xff, 0xff, 0xff,
    0xfe, 0x0, 0x3, 0xff, 0xff, 0xff, 0xff, 0xfe,
    0x0, 0x0, 0xff, 0xff, 0xff, 0xff, 0xff, 0xc0,
    0x0, 0x3f, 0xff, 0xff, 0xff, 0xff, 0xf8, 0x0,
    0xf, 0xff, 0xe0, 0x7, 0xff, 0xfe, 0x0, 0x3,
    0xff, 0xf8, 0x0, 0xff, 0xff, 0xc0, 0x0, 0xff,
    0xfe, 0x0, 0x1f, 0xff, 0xf8, 0x0, 0x3f, 0xff,
    0x80, 0x3, 0xff, 0xff, 0x0, 0xf, 0xff, 0xe0,
    0x0, 0x7f, 0xff, 0xe0, 0x3, 0xff, 0xf8, 0x0,
    0xf, 0xff, 0xfc, 0x0, 0xff, 0xfe, 0x0, 0x1,
    0xff, 0xff, 0x0, 0x3f, 0xff, 0x80, 0x0, 0x7f,
    0xff, 0xe0, 0xf, 0xff, 0xe0, 0x0, 0xf, 0xff,
    0xfc, 0x3, 0xff, 0xf8, 0x0, 0x1, 0xff, 0xff,
    0x80, 0xff, 0xfe, 0x0, 0x0, 0x3f, 0xff, 0xe0,
    0x3f, 0xff, 0x80, 0x0, 0xf, 0xff, 0xfc, 0xf,
    0xff, 0xe0, 0x0, 0x1, 0xff, 0xff, 0x83, 0xff,
    0xf8, 0x0, 0x0, 0x3f, 0xff, 0xf0, 0xff, 0xfe,
    0x0, 0x0, 0xf, 0xff, 0xfc, 0x3f, 0xff, 0x80,
    0x0, 0x1, 0xff, 0xff, 0x8f, 0xff, 0xe0, 0x0,
    0x0, 0x3f, 0xff, 0xf3, 0xff, 0xf8, 0x0, 0x0,
    0xf, 0xff, 0xfc, 0xff, 0xfe, 0x0, 0x0, 0x1,
    0xff, 0xff, 0xbf, 0xff, 0x80, 0x0, 0x0, 0x3f,
    0xff, 0xf0,

    /* U+0053 "S" */
    0x0, 0x0, 0xf, 0xff, 0xf8, 0x0, 0x0, 0x0,
    0xf, 0xff, 0xff, 0xff, 0x0, 0x0, 0x1, 0xff,
    0xff, 0xff, 0xff, 0xe0, 0x0, 0x1f, 0xff, 0xff,
    0xff, 0xff, 0xf0, 0x1, 0xff, 0xff, 0xff, 0xff,
    0xff, 0xc0, 0xf, 0xff, 0xff, 0xff, 0xff, 0xff,
    0x0, 0x7f, 0xff, 0xff, 0xff, 0xff, 0xfc, 0x3,
    0xff, 0xff, 0xff, 0xff, 0xff, 0xf0, 0x1f, 0xff,
    0xff, 0xff, 0xff, 0xff, 0xc0, 0xff, 0xff, 0xff,
    0xff, 0xff, 0xff, 0x3, 0xff, 0xff, 0xff, 0xff,
    0xff, 0xfc, 0x1f, 0xff, 0xff, 0xff, 0xff, 0xff,
    0xf0, 0x7f, 0xff, 0xff, 0xff, 0xff, 0xff, 0xc1,
    0xff, 0xff, 0xe0, 0x0, 0x3f, 0xff, 0xf, 0xff,
    0xfc, 0x0, 0x0, 0x3, 0xfc, 0x3f, 0xff, 0xc0,
    0x0, 0x0, 0x0, 0x70, 0xff, 0xfe, 0x0, 0x0,
    0x0, 0x0, 0x3, 0xff, 0xf8, 0x0, 0x0, 0x0,
    0x0, 0xf, 0xff, 0xe0, 0x0, 0x0, 0x0, 0x0,
    0x3f, 0xff, 0x80, 0x0, 0x0, 0x0, 0x0, 0xff,
    0xff, 0x0, 0x0, 0x0, 0x0, 0x3, 0xff, 0xfe,
    0x0, 0x0, 0x0, 0x0, 0xf, 0xff, 0xfc, 0x0,
    0x0, 0x0, 0x0, 0x1f, 0xff, 0xfe, 0x0, 0x0,
    0x0, 0x0, 0x7f, 0xff, 0xff, 0x80, 0x0, 0x0,
    0x1, 0xff, 0xff, 0xff, 0xe0, 0x0, 0x0, 0x3,
    0xff, 0xff, 0xff, 0xf8, 0x0, 0x0, 0x7, 0xff,
    0xff, 0xff, 0xfe, 0x0, 0x0, 0x1f, 0xff, 0xff,
    0xff, 0xff, 0x0, 0x0, 0x3f, 0xff, 0xff, 0xff,
    0xff, 0x80, 0x0, 0x7f, 0xff, 0xff, 0xff, 0xff,
    0x80, 0x0, 0xff, 0xff, 0xff, 0xff, 0xff, 0x80,
    0x0, 0xff, 0xff, 0xff, 0xff, 0xff, 0x0, 0x1,
    0xff, 0xff, 0xff, 0xff, 0xfe, 0x0, 0x0, 0xff,
    0xff, 0xff, 0xff, 0xfc, 0x0, 0x0, 0x7f, 0xff,
    0xff, 0xff, 0xf8, 0x0, 0x0, 0x1f, 0xff, 0xff,
    0xff, 0xf0, 0x0, 0x0, 0x7, 0xff, 0xff, 0xff,
    0xc0, 0x0, 0x0, 0x1, 0xff, 0xff, 0xff, 0x80,
    0x0, 0x0, 0x0, 0x7f, 0xff, 0xfe, 0x0, 0x0,
    0x0, 0x0, 0x3f, 0xff, 0xfc, 0x0, 0x0, 0x0,
    0x0, 0x3f, 0xff, 0xf0, 0x0, 0x0, 0x0, 0x0,
    0x7f, 0xff, 0xc0, 0x0, 0x0, 0x0, 0x0, 0xff,
    0xff, 0x0, 0x0, 0x0, 0x0, 0x1, 0xff, 0xfc,
    0x0, 0x0, 0x0, 0x0, 0x7, 0xff, 0xf0, 0x0,
    0x0, 0x0, 0x0, 0x1f, 0xff, 0xd8, 0x0, 0x0,
    0x0, 0x0, 0x7f, 0xff, 0x7e, 0x0, 0x0, 0x0,
    0x3, 0xff, 0xfd, 0xff, 0xc0, 0x0, 0x0, 0x3f,
    0xff, 0xe7, 0xff, 0xfc, 0x0, 0x7, 0xff, 0xff,
    0x9f, 0xff, 0xff, 0xff, 0xff, 0xff, 0xfe, 0x7f,
    0xff, 0xff, 0xff, 0xff, 0xff, 0xf1, 0xff, 0xff,
    0xff, 0xff, 0xff, 0xff, 0xc7, 0xff, 0xff, 0xff,
    0xff, 0xff, 0xfe, 0x1f, 0xff, 0xff, 0xff, 0xff,
    0xff, 0xf8, 0x7f, 0xff, 0xff, 0xff, 0xff, 0xff,
    0xc1, 0xff, 0xff, 0xff, 0xff, 0xff, 0xfe, 0x7,
    0xff, 0xff, 0xff, 0xff, 0xff, 0xf0, 0x1f, 0xff,
    0xff, 0xff, 0xff, 0xff, 0x0, 0x7f, 0xff, 0xff,
    0xff, 0xff, 0xf0, 0x0, 0x1f, 0xff, 0xff, 0xff,
    0xff, 0x0, 0x0, 0x7, 0xff, 0xff, 0xff, 0xe0,
    0x0, 0x0, 0x0, 0x3f, 0xff, 0xf0, 0x0, 0x0,

    /* U+0054 "T" */
    0xff, 0xff, 0xff, 0xff, 0xff, 0xff, 0xff, 0xff,
    0xff, 0xff, 0xff, 0xff, 0xff, 0xff, 0xff, 0xff,
    0xff, 0xff, 0xff, 0xff, 0xff, 0xff, 0xff, 0xff,
    0xff, 0xff, 0xff, 0xff, 0xff, 0xff, 0xff, 0xff,
    0xff, 0xff, 0xff, 0xff, 0xff, 0xff, 0xff, 0xff,
    0xff, 0xff, 0xff, 0xff, 0xff, 0xff, 0xff, 0xff,
    0xff, 0xff, 0xff, 0xff, 0xff, 0xff, 0xff, 0xff,
    0xff, 0xff, 0xff, 0xff, 0xff, 0xff, 0xff, 0xff,
    0xff, 0xff, 0xff, 0xff, 0xff, 0xff, 0xff, 0xff,
    0xff, 0xff, 0xff, 0xff, 0xff, 0xff, 0xff, 0xff,
    0xff, 0xff, 0xff, 0xff, 0x0, 0x0, 0xf, 0xff,
    0xe0, 0x0, 0x0, 0x0, 0x0, 0xf, 0xff, 0xe0,
    0x0, 0x0, 0x0, 0x0, 0xf, 0xff, 0xe0, 0x0,
    0x0, 0x0, 0x0, 0xf, 0xff, 0xe0, 0x0, 0x0,
    0x0, 0x0, 0xf, 0xff, 0xe0, 0x0, 0x0, 0x0,
    0x0, 0xf, 0xff, 0xe0, 0x0, 0x0, 0x0, 0x0,
    0xf, 0xff, 0xe0, 0x0, 0x0, 0x0, 0x0, 0xf,
    0xff, 0xe0, 0x0, 0x0, 0x0, 0x0, 0xf, 0xff,
    0xe0, 0x0, 0x0, 0x0, 0x0, 0xf, 0xff, 0xe0,
    0x0, 0x0, 0x0, 0x0, 0xf, 0xff, 0xe0, 0x0,
    0x0, 0x0, 0x0, 0xf, 0xff, 0xe0, 0x0, 0x0,
    0x0, 0x0, 0xf, 0xff, 0xe0, 0x0, 0x0, 0x0,
    0x0, 0xf, 0xff, 0xe0, 0x0, 0x0, 0x0, 0x0,
    0xf, 0xff, 0xe0, 0x0, 0x0, 0x0, 0x0, 0xf,
    0xff, 0xe0, 0x0, 0x0, 0x0, 0x0, 0xf, 0xff,
    0xe0, 0x0, 0x0, 0x0, 0x0, 0xf, 0xff, 0xe0,
    0x0, 0x0, 0x0, 0x0, 0xf, 0xff, 0xe0, 0x0,
    0x0, 0x0, 0x0, 0xf, 0xff, 0xe0, 0x0, 0x0,
    0x0, 0x0, 0xf, 0xff, 0xe0, 0x0, 0x0, 0x0,
    0x0, 0xf, 0xff, 0xe0, 0x0, 0x0, 0x0, 0x0,
    0xf, 0xff, 0xe0, 0x0, 0x0, 0x0, 0x0, 0xf,
    0xff, 0xe0, 0x0, 0x0, 0x0, 0x0, 0xf, 0xff,
    0xe0, 0x0, 0x0, 0x0, 0x0, 0xf, 0xff, 0xe0,
    0x0, 0x0, 0x0, 0x0, 0xf, 0xff, 0xe0, 0x0,
    0x0, 0x0, 0x0, 0xf, 0xff, 0xe0, 0x0, 0x0,
    0x0, 0x0, 0xf, 0xff, 0xe0, 0x0, 0x0, 0x0,
    0x0, 0xf, 0xff, 0xe0, 0x0, 0x0, 0x0, 0x0,
    0xf, 0xff, 0xe0, 0x0, 0x0, 0x0, 0x0, 0xf,
    0xff, 0xe0, 0x0, 0x0, 0x0, 0x0, 0xf, 0xff,
    0xe0, 0x0, 0x0, 0x0, 0x0, 0xf, 0xff, 0xe0,
    0x0, 0x0, 0x0, 0x0, 0xf, 0xff, 0xe0, 0x0,
    0x0, 0x0, 0x0, 0xf, 0xff, 0xe0, 0x0, 0x0,
    0x0, 0x0, 0xf, 0xff, 0xe0, 0x0, 0x0, 0x0,
    0x0, 0xf, 0xff, 0xe0, 0x0, 0x0, 0x0, 0x0,
    0xf, 0xff, 0xe0, 0x0, 0x0, 0x0, 0x0, 0xf,
    0xff, 0xe0, 0x0, 0x0, 0x0, 0x0, 0xf, 0xff,
    0xe0, 0x0, 0x0, 0x0, 0x0, 0xf, 0xff, 0xe0,
    0x0, 0x0, 0x0, 0x0, 0xf, 0xff, 0xe0, 0x0,
    0x0, 0x0, 0x0, 0xf, 0xff, 0xe0, 0x0, 0x0,
    0x0, 0x0, 0xf, 0xff, 0xe0, 0x0, 0x0, 0x0,
    0x0, 0xf, 0xff, 0xe0, 0x0, 0x0, 0x0, 0x0,
    0xf, 0xff, 0xe0, 0x0, 0x0, 0x0, 0x0, 0xf,
    0xff, 0xe0, 0x0, 0x0, 0x0, 0x0, 0xf, 0xff,
    0xe0, 0x0, 0x0, 0x0, 0x0, 0xf, 0xff, 0xe0,
    0x0, 0x0,

    /* U+0055 "U" */
    0xff, 0xfe, 0x0, 0x0, 0x0, 0x1f, 0xff, 0xff,
    0xff, 0x80, 0x0, 0x0, 0x7, 0xff, 0xff, 0xff,
    0xe0, 0x0, 0x0, 0x1, 0xff, 0xff, 0xff, 0xf8,
    0x0, 0x0, 0x0, 0x7f, 0xff, 0xff, 0xfe, 0x0,
    0x0, 0x0, 0x1f, 0xff, 0xff, 0xff, 0x80, 0x0,
    0x0, 0x7, 0xff, 0xff, 0xff, 0xe0, 0x0, 0x0,
    0x1, 0xff, 0xff, 0xff, 0xf8, 0x0, 0x0, 0x0,
    0x7f, 0xff, 0xff, 0xfe, 0x0, 0x0, 0x0, 0x1f,
    0xff, 0xff, 0xff, 0x80, 0x0, 0x0, 0x7, 0xff,
    0xff, 0xff, 0xe0, 0x0, 0x0, 0x1, 0xff, 0xff,
    0xff, 0xf8, 0x0, 0x0, 0x0, 0x7f, 0xff, 0xff,
    0xfe, 0x0, 0x0, 0x0, 0x1f, 0xff, 0xff, 0xff,
    0x80, 0x0, 0x0, 0x7, 0xff, 0xff, 0xff, 0xe0,
    0x0, 0x0, 0x1, 0xff, 0xff, 0xff, 0xf8, 0x0,
    0x0, 0x0, 0x7f, 0xff, 0xff, 0xfe, 0x0, 0x0,
    0x0, 0x1f, 0xff, 0xff, 0xff, 0x80, 0x0, 0x0,
    0x7, 0xff, 0xff, 0xff, 0xe0, 0x0, 0x0, 0x1,
    0xff, 0xff, 0xff, 0xf8, 0x0, 0x0, 0x0, 0x7f,
    0xff, 0xff, 0xfe, 0x0, 0x0, 0x0, 0x1f, 0xff,
    0xff, 0xff, 0x80, 0x0, 0x0, 0x7, 0xff, 0xff,
    0xff, 0xe0, 0x0, 0x0, 0x1, 0xff, 0xff, 0xff,
    0xf8, 0x0, 0x0, 0x0, 0x7f, 0xff, 0xff, 0xfe,
    0x0, 0x0, 0x0, 0x1f, 0xff, 0xff, 0xff, 0x80,
    0x0, 0x0, 0x7, 0xff, 0xff, 0xff, 0xe0, 0x0,
    0x0, 0x1, 0xff, 0xff, 0xff, 0xf8, 0x0, 0x0,
    0x0, 0x7f, 0xff, 0xff, 0xfe, 0x0, 0x0, 0x0,
    0x1f, 0xff, 0xff, 0xff, 0x80, 0x0, 0x0, 0x7,
    0xff, 0xff, 0xff, 0xe0, 0x0, 0x0, 0x1, 0xff,
    0xff, 0xff, 0xf8, 0x0, 0x0, 0x0, 0x7f, 0xff,
    0xff, 0xfe, 0x0, 0x0, 0x0, 0x1f, 0xff, 0xff,
    0xff, 0x80, 0x0, 0x0, 0x7, 0xff, 0xff, 0xff,
    0xe0, 0x0, 0x0, 0x1, 0xff, 0xff, 0xff, 0xf8,
    0x0, 0x0, 0x0, 0x7f, 0xff, 0xff, 0xfe, 0x0,
    0x0, 0x0, 0x1f, 0xff, 0xff, 0xff, 0x80, 0x0,
    0x0, 0x7, 0xff, 0xff, 0xff, 0xe0, 0x0, 0x0,
    0x1, 0xff, 0xff, 0xff, 0xfc, 0x0, 0x0, 0x0,
    0xff, 0xff, 0xff, 0xff, 0x0, 0x0, 0x0, 0x3f,
    0xff, 0xdf, 0xff, 0xc0, 0x0, 0x0, 0xf, 0xff,
    0xe7, 0xff, 0xf8, 0x0, 0x0, 0x7, 0xff, 0xf9,
    0xff, 0xfe, 0x0, 0x0, 0x1, 0xff, 0xfe, 0x7f,
    0xff, 0xc0, 0x0, 0x0, 0xff, 0xff, 0x9f, 0xff,
    0xf0, 0x0, 0x0, 0x3f, 0xff, 0xc3, 0xff, 0xfe,
    0x0, 0x0, 0x1f, 0xff, 0xf0, 0xff, 0xff, 0xc0,
    0x0, 0x1f, 0xff, 0xfc, 0x1f, 0xff, 0xfc, 0x0,
    0xf, 0xff, 0xfe, 0x7, 0xff, 0xff, 0xe0, 0x1f,
    0xff, 0xff, 0x81, 0xff, 0xff, 0xff, 0xff, 0xff,
    0xff, 0xc0, 0x3f, 0xff, 0xff, 0xff, 0xff, 0xff,
    0xf0, 0x7, 0xff, 0xff, 0xff, 0xff, 0xff, 0xf8,
    0x1, 0xff, 0xff, 0xff, 0xff, 0xff, 0xfe, 0x0,
    0x3f, 0xff, 0xff, 0xff, 0xff, 0xff, 0x0, 0x7,
    0xff, 0xff, 0xff, 0xff, 0xff, 0x80, 0x0, 0xff,
    0xff, 0xff, 0xff, 0xff, 0xc0, 0x0, 0x1f, 0xff,
    0xff, 0xff, 0xff, 0xe0, 0x0, 0x1, 0xff, 0xff,
    0xff, 0xff, 0xe0, 0x0, 0x0, 0x3f, 0xff, 0xff,
    0xff, 0xf0, 0x0, 0x0, 0x3, 0xff, 0xff, 0xff,
    0xe0, 0x0, 0x0, 0x0, 0x1f, 0xff, 0xff, 0xc0,
    0x0, 0x0, 0x0, 0x0, 0x3f, 0xff, 0x0, 0x0,
    0x0,

    /* U+0056 "V" */
    0xff, 0xff, 0x0, 0x0, 0x0, 0x0, 0x1f, 0xff,
    0xff, 0xff, 0xe0, 0x0, 0x0, 0x0, 0x7, 0xff,
    0xff, 0xff, 0xfc, 0x0, 0x0, 0x0, 0x0, 0xff,
    0xff, 0x7f, 0xff, 0xc0, 0x0, 0x0, 0x0, 0x1f,
    0xff, 0xe7, 0xff, 0xf8, 0x0, 0x0, 0x0, 0x7,
    0xff, 0xfc, 0xff, 0xff, 0x0, 0x0, 0x0, 0x0,
    0xff, 0xff, 0x1f, 0xff, 0xf0, 0x0, 0x0, 0x0,
    0x1f, 0xff, 0xe1, 0xff, 0xfe, 0x0, 0x0, 0x0,
    0x7, 0xff, 0xfc, 0x3f, 0xff, 0xc0, 0x0, 0x0,
    0x0, 0xff, 0xff, 0x7, 0xff, 0xfc, 0x0, 0x0,
    0x0, 0x1f, 0xff, 0xe0, 0x7f, 0xff, 0x80, 0x0,
    0x0, 0x7, 0xff, 0xfc, 0xf, 0xff, 0xf0, 0x0,
    0x0, 0x0, 0xff, 0xff, 0x1, 0xff, 0xfe, 0x0,
    0x0, 0x0, 0x1f, 0xff, 0xe0, 0x3f, 0xff, 0xe0,
    0x0, 0x0, 0x3, 0xff, 0xfc, 0x3, 0xff, 0xfc,
    0x0, 0x0, 0x0, 0xff, 0xff, 0x0, 0x7f, 0xff,
    0x80, 0x0, 0x0, 0x1f, 0xff, 0xe0, 0xf, 0xff,
    0xf8, 0x0, 0x0, 0x3, 0xff, 0xfc, 0x0, 0xff,
    0xff, 0x0, 0x0, 0x0, 0xff, 0xff, 0x80, 0x1f,
    0xff, 0xe0, 0x0, 0x0, 0x1f, 0xff, 0xe0, 0x3,
    0xff, 0xfe, 0x0, 0x0, 0x3, 0xff, 0xfc, 0x0,
    0x3f, 0xff, 0xc0, 0x0, 0x0, 0xff, 0xff, 0x0,
    0x7, 0xff, 0xf8, 0x0, 0x0, 0x1f, 0xff, 0xe0,
    0x0, 0xff, 0xff, 0x80, 0x0, 0x3, 0xff, 0xfc,
    0x0, 0xf, 0xff, 0xf0, 0x0, 0x0, 0xff, 0xff,
    0x0, 0x1, 0xff, 0xfe, 0x0, 0x0, 0x1f, 0xff,
    0xe0, 0x0, 0x3f, 0xff, 0xe0, 0x0, 0x3, 0xff,
    0xfc, 0x0, 0x3, 0xff, 0xfc, 0x0, 0x0, 0xff,
    0xff, 0x0, 0x0, 0x7f, 0xff, 0x80, 0x0, 0x1f,
    0xff, 0xe0, 0x0, 0xf, 0xff, 0xf8, 0x0, 0x3,
    0xff, 0xfc, 0x0, 0x0, 0xff, 0xff, 0x0, 0x0,
    0xff, 0xff, 0x0, 0x0, 0x1f, 0xff, 0xe0, 0x0,
    0x1f, 0xff, 0xe0, 0x0, 0x1, 0xff, 0xfe, 0x0,
    0x7, 0xff, 0xf8, 0x0, 0x0, 0x3f, 0xff, 0xc0,
    0x0, 0xff, 0xff, 0x0, 0x0, 0x7, 0xff, 0xf8,
    0x0, 0x1f, 0xff, 0xe0, 0x0, 0x0, 0x7f, 0xff,
    0x80, 0x7, 0xff, 0xf8, 0x0, 0x0, 0xf, 0xff,
    0xf0, 0x0, 0xff, 0xff, 0x0, 0x0, 0x1, 0xff,
    0xfe, 0x0, 0x1f, 0xff, 0xe0, 0x0, 0x0, 0x1f,
    0xff, 0xe0, 0x7, 0xff, 0xf8, 0x0, 0x0, 0x3,
    0xff, 0xfc, 0x0, 0xff, 0xff, 0x0, 0x0, 0x0,
    0x3f, 0xff, 0xc0, 0x1f, 0xff, 0xc0, 0x0, 0x0,
    0x7, 0xff, 0xf8, 0x7, 0xff, 0xf8, 0x0, 0x0,
    0x0, 0xff, 0xff, 0x0, 0xff, 0xff, 0x0, 0x0,
    0x0, 0xf, 0xff, 0xf0, 0x3f, 0xff, 0xc0, 0x0,
    0x0, 0x1, 0xff, 0xfe, 0x7, 0xff, 0xf8, 0x0,
    0x0, 0x0, 0x1f, 0xff, 0xe0, 0xff, 0xfe, 0x0,
    0x0, 0x0, 0x3, 0xff, 0xfc, 0x3f, 0xff, 0xc0,
    0x0, 0x0, 0x0, 0x7f, 0xff, 0x87, 0xff, 0xf8,
    0x0, 0x0, 0x0, 0x7, 0xff, 0xf9, 0xff, 0xfe,
    0x0, 0x0, 0x0, 0x0, 0xff, 0xff, 0x3f, 0xff,
    0xc0, 0x0, 0x0, 0x0, 0xf, 0xff, 0xff, 0xff,
    0xf0, 0x0, 0x0, 0x0, 0x1, 0xff, 0xff, 0xff,
    0xfe, 0x0, 0x0, 0x0, 0x0, 0x3f, 0xff, 0xff,
    0xff, 0xc0, 0x0, 0x0, 0x0, 0x3, 0xff, 0xff,
    0xff, 0xf0, 0x0, 0x0, 0x0, 0x0, 0x7f, 0xff,
    0xff, 0xfe, 0x0, 0x0, 0x0, 0x0, 0x7, 0xff,
    0xff, 0xff, 0x80, 0x0, 0x0, 0x0, 0x0, 0xff,
    0xff, 0xff, 0xf0, 0x0, 0x0, 0x0, 0x0, 0xf,
    0xff, 0xff, 0xfc, 0x0, 0x0, 0x0, 0x0, 0x1,
    0xff, 0xff, 0xff, 0x80, 0x0, 0x0, 0x0, 0x0,
    0x1f, 0xff, 0xff, 0xe0, 0x0, 0x0, 0x0, 0x0,
    0x3, 0xff, 0xff, 0xfc, 0x0, 0x0, 0x0, 0x0,
    0x0, 0x7f, 0xff, 0xff, 0x0, 0x0, 0x0, 0x0,
    0x0, 0x7, 0xff, 0xff, 0xe0, 0x0, 0x0, 0x0,

    /* U+0057 "W" */
    0x7f, 0xfe, 0x0, 0x0, 0x0, 0x0, 0x0, 0x0,
    0x0, 0x1f, 0xff, 0x9f, 0xff, 0xc0, 0x0, 0x0,
    0x0, 0x0, 0x0, 0x0, 0x7, 0xff, 0xe7, 0xff,
    0xf0, 0x0, 0x0, 0x0, 0x0, 0x0, 0x0, 0x3,
    0xff, 0xf9, 0xff, 0xfc, 0x0, 0x0, 0x0, 0x0,
    0x0, 0x0, 0x0, 0xff, 0xfe, 0x7f, 0xff, 0x0,
    0x0, 0x0, 0x0, 0x0, 0x0, 0x0, 0x3f, 0xff,
    0x8f, 0xff, 0xc0, 0x0, 0x0, 0x0, 0x0, 0x0,
    0x0, 0xf, 0xff, 0xe3, 0xff, 0xf0, 0x0, 0x0,
    0x0, 0x0, 0x0, 0x0, 0x3, 0xff, 0xf0, 0xff,
    0xfe, 0x0, 0x0, 0x0, 0x0, 0x0, 0x0, 0x0,
    0xff, 0xfc, 0x3f, 0xff, 0x80, 0x0, 0x7, 0xff,
    0xf8, 0x0, 0x0, 0x7f, 0xff, 0xf, 0xff, 0xe0,
    0x0, 0x1, 0xff, 0xff, 0x0, 0x0, 0x1f, 0xff,
    0xc1, 0xff, 0xf8, 0x0, 0x0, 0xff, 0xff, 0xc0,
    0x0, 0x7, 0xff, 0xf0, 0x7f, 0xfe, 0x0, 0x0,
    0x3f, 0xff, 0xf0, 0x0, 0x1, 0xff, 0xf8, 0x1f,
    0xff, 0x80, 0x0, 0xf, 0xff, 0xfc, 0x0, 0x0,
    0x7f, 0xfe, 0x7, 0xff, 0xf0, 0x0, 0x3, 0xff,
    0xff, 0x80, 0x0, 0x1f, 0xff, 0x81, 0xff, 0xfc,
    0x0, 0x1, 0xff, 0xff, 0xe0, 0x0, 0xf, 0xff,
    0xe0, 0x3f, 0xff, 0x0, 0x0, 0x7f, 0xff, 0xf8,
    0x0, 0x3, 0xff, 0xf8, 0xf, 0xff, 0xc0, 0x0,
    0x1f, 0xff, 0xfe, 0x0, 0x0, 0xff, 0xfc, 0x3,
    0xff, 0xf0, 0x0, 0xf, 0xff, 0xff, 0xc0, 0x0,
    0x3f, 0xff, 0x0, 0xff, 0xfc, 0x0, 0x3, 0xff,
    0xff, 0xf0, 0x0, 0xf, 0xff, 0xc0, 0x3f, 0xff,
    0x80, 0x0, 0xff, 0xff, 0xfc, 0x0, 0x7, 0xff,
    0xf0, 0x7, 0xff, 0xe0, 0x0, 0x3f, 0xff, 0xff,
    0x80, 0x1, 0xff, 0xfc, 0x1, 0xff, 0xf8, 0x0,
    0x1f, 0xff, 0xff, 0xe0, 0x0, 0x7f, 0xfe, 0x0,
    0x7f, 0xfe, 0x0, 0x7, 0xff, 0xff, 0xf8, 0x0,
    0x1f, 0xff, 0x80, 0x1f, 0xff, 0x80, 0x1, 0xff,
    0xff, 0xff, 0x0, 0x7, 0xff, 0xe0, 0x7, 0xff,
    0xf0, 0x0, 0xff, 0xff, 0xff, 0xc0, 0x3, 0xff,
    0xf8, 0x0, 0xff, 0xfc, 0x0, 0x3f, 0xff, 0xff,
    0xf0, 0x0, 0xff, 0xfc, 0x0, 0x3f, 0xff, 0x0,
    0xf, 0xff, 0xff, 0xfc, 0x0, 0x3f, 0xff, 0x0,
    0xf, 0xff, 0xc0, 0x7, 0xff, 0xff, 0xff, 0x80,
    0xf, 0xff, 0xc0, 0x3, 0xff, 0xf8, 0x1, 0xff,
    0xff, 0xff, 0xe0, 0x3, 0xff, 0xf0, 0x0, 0x7f,
    0xfe, 0x0, 0x7f, 0xfc, 0xff, 0xf8, 0x1, 0xff,
    0xfc, 0x0, 0x1f, 0xff, 0x80, 0x3f, 0xff, 0x3f,
    0xff, 0x0, 0x7f, 0xfe, 0x0, 0x7, 0xff, 0xe0,
    0xf, 0xff, 0xcf, 0xff, 0xc0, 0x1f, 0xff, 0x80,
    0x1, 0xff, 0xf8, 0x3, 0xff, 0xe3, 0xff, 0xf0,
    0x7, 0xff, 0xe0, 0x0, 0x7f, 0xff, 0x1, 0xff,
    0xf8, 0x7f, 0xfe, 0x3, 0xff, 0xf8, 0x0, 0xf,
    0xff, 0xc0, 0x7f, 0xfe, 0x1f, 0xff, 0x80, 0xff,
    0xfe, 0x0, 0x3, 0xff, 0xf0, 0x1f, 0xff, 0x87,
    0xff, 0xe0, 0x3f, 0xff, 0x0, 0x0, 0xff, 0xfc,
    0xf, 0xff, 0xc0, 0xff, 0xfc, 0xf, 0xff, 0xc0,
    0x0, 0x3f, 0xff, 0x83, 0xff, 0xf0, 0x3f, 0xff,
    0x3, 0xff, 0xf0, 0x0, 0x7, 0xff, 0xe0, 0xff,
    0xfc, 0xf, 0xff, 0xc1, 0xff, 0xfc, 0x0, 0x1,
    0xff, 0xf8, 0x7f, 0xfe, 0x3, 0xff, 0xf8, 0x7f,
    0xfe, 0x0, 0x0, 0x7f, 0xfe, 0x1f, 0xff, 0x80,
    0x7f, 0xfe, 0x1f, 0xff, 0x80, 0x0, 0x1f, 0xff,
    0x87, 0xff, 0xe0, 0x1f, 0xff, 0x87, 0xff, 0xe0,
    0x0, 0x7, 0xff, 0xf3, 0xff, 0xf0, 0x7, 0xff,
    0xf3, 0xff, 0xf8, 0x0, 0x0, 0xff, 0xfc, 0xff,
    0xfc, 0x0, 0xff, 0xfc, 0xff, 0xfc, 0x0, 0x0,
    0x3f, 0xff, 0x3f, 0xff, 0x0, 0x3f, 0xff, 0x3f,
    0xff, 0x0, 0x0, 0xf, 0xff, 0xdf, 0xff, 0xc0,
    0xf, 0xff, 0xef, 0xff, 0xc0, 0x0, 0x3, 0xff,
    0xff, 0xff, 0xe0, 0x3, 0xff, 0xff, 0xff, 0xf0,
    0x0, 0x0, 0x7f, 0xff, 0xff, 0xf8, 0x0, 0x7f,
    0xff, 0xff, 0xfc, 0x0, 0x0, 0x1f, 0xff, 0xff,
    0xfe, 0x0, 0x1f, 0xff, 0xff, 0xfe, 0x0, 0x0,
    0x7, 0xff, 0xff, 0xff, 0x0, 0x7, 0xff, 0xff,
    0xff, 0x80, 0x0, 0x1, 0xff, 0xff, 0xff, 0xc0,
    0x0, 0xff, 0xff, 0xff, 0xe0, 0x0, 0x0, 0x3f,
    0xff, 0xff, 0xf0, 0x0, 0x3f, 0xff, 0xff, 0xf8,
    0x0, 0x0, 0xf, 0xff, 0xff, 0xf8, 0x0, 0xf,
    0xff, 0xff, 0xfc, 0x0, 0x0, 0x3, 0xff, 0xff,
    0xfe, 0x0, 0x1, 0xff, 0xff, 0xff, 0x0, 0x0,
    0x0, 0xff, 0xff, 0xff, 0x80, 0x0, 0x7f, 0xff,
    0xff, 0xc0, 0x0, 0x0, 0x3f, 0xff, 0xff, 0xc0,
    0x0, 0x1f, 0xff, 0xff, 0xf0, 0x0, 0x0, 0x7,
    0xff, 0xff, 0xf0, 0x0, 0x3, 0xff, 0xff, 0xf8,
    0x0, 0x0, 0x1, 0xff, 0xff, 0xfc, 0x0, 0x0,
    0xff, 0xff, 0xfe, 0x0, 0x0, 0x0, 0x7f, 0xff,
    0xfe, 0x0, 0x0, 0x3f, 0xff, 0xff, 0x80, 0x0,
    0x0, 0x1f, 0xff, 0xff, 0x80, 0x0, 0x7, 0xff,
    0xff, 0xe0, 0x0, 0x0, 0x3, 0xff, 0xff, 0xe0,
    0x0, 0x1, 0xff, 0xff, 0xf0, 0x0, 0x0, 0x0,
    0xff, 0xff, 0xf0, 0x0, 0x0, 0x7f, 0xff, 0xfc,
    0x0, 0x0,

    /* U+0058 "X" */
    0x7f, 0xff, 0xf0, 0x0, 0x0, 0x3, 0xff, 0xff,
    0x8f, 0xff, 0xfe, 0x0, 0x0, 0x0, 0x7f, 0xff,
    0xe0, 0xff, 0xff, 0xe0, 0x0, 0x0, 0x1f, 0xff,
    0xfc, 0xf, 0xff, 0xfe, 0x0, 0x0, 0x7, 0xff,
    0xff, 0x0, 0xff, 0xff, 0xc0, 0x0, 0x0, 0xff,
    0xff, 0xc0, 0x1f, 0xff, 0xfc, 0x0, 0x0, 0x3f,
    0xff, 0xf0, 0x1, 0xff, 0xff, 0xc0, 0x0, 0xf,
    0xff, 0xfe, 0x0, 0x1f, 0xff, 0xf8, 0x0, 0x1,
    0xff, 0xff, 0x80, 0x1, 0xff, 0xff, 0x80, 0x0,
    0x7f, 0xff, 0xe0, 0x0, 0x3f, 0xff, 0xf8, 0x0,
    0x1f, 0xff, 0xf8, 0x0, 0x3, 0xff, 0xff, 0x0,
    0x3, 0xff, 0xff, 0x0, 0x0, 0x3f, 0xff, 0xf0,
    0x0, 0xff, 0xff, 0xc0, 0x0, 0x3, 0xff, 0xff,
    0x0, 0x3f, 0xff, 0xf0, 0x0, 0x0, 0x3f, 0xff,
    0xe0, 0x7, 0xff, 0xfc, 0x0, 0x0, 0x7, 0xff,
    0xfe, 0x1, 0xff, 0xff, 0x80, 0x0, 0x0, 0x7f,
    0xff, 0xe0, 0x7f, 0xff, 0xe0, 0x0, 0x0, 0x7,
    0xff, 0xfc, 0xf, 0xff, 0xf8, 0x0, 0x0, 0x0,
    0x7f, 0xff, 0xc3, 0xff, 0xfe, 0x0, 0x0, 0x0,
    0xf, 0xff, 0xfc, 0xff, 0xff, 0xc0, 0x0, 0x0,
    0x0, 0xff, 0xff, 0x9f, 0xff, 0xf0, 0x0, 0x0,
    0x0, 0xf, 0xff, 0xff, 0xff, 0xfc, 0x0, 0x0,
    0x0, 0x0, 0xff, 0xff, 0xff, 0xff, 0x80, 0x0,
    0x0, 0x0, 0x1f, 0xff, 0xff, 0xff, 0xe0, 0x0,
    0x0, 0x0, 0x1, 0xff, 0xff, 0xff, 0xf8, 0x0,
    0x0, 0x0, 0x0, 0x1f, 0xff, 0xff, 0xfe, 0x0,
    0x0, 0x0, 0x0, 0x1, 0xff, 0xff, 0xff, 0xc0,
    0x0, 0x0, 0x0, 0x0, 0x3f, 0xff, 0xff, 0xf0,
    0x0, 0x0, 0x0, 0x0, 0x3, 0xff, 0xff, 0xfc,
    0x0, 0x0, 0x0, 0x0, 0x0, 0x3f, 0xff, 0xff,
    0x0, 0x0, 0x0, 0x0, 0x0, 0x3, 0xff, 0xff,
    0xe0, 0x0, 0x0, 0x0, 0x0, 0x0, 0x3f, 0xff,
    0xf8, 0x0, 0x0, 0x0, 0x0, 0x0, 0xf, 0xff,
    0xff, 0x0, 0x0, 0x0, 0x0, 0x0, 0x3, 0xff,
    0xff, 0xf0, 0x0, 0x0, 0x0, 0x0, 0x0, 0x7f,
    0xff, 0xff, 0x0, 0x0, 0x0, 0x0, 0x0, 0x1f,
    0xff, 0xff, 0xf0, 0x0, 0x0, 0x0, 0x0, 0x7,
    0xff, 0xff, 0xfe, 0x0, 0x0, 0x0, 0x0, 0x1,
    0xff, 0xff, 0xff, 0xe0, 0x0, 0x0, 0x0, 0x0,
    0x3f, 0xff, 0xff, 0xfe, 0x0, 0x0, 0x0, 0x0,
    0xf, 0xff, 0xff, 0xff, 0xe0, 0x0, 0x0, 0x0,
    0x3, 0xff, 0xff, 0xff, 0xfc, 0x0, 0x0, 0x0,
    0x0, 0xff, 0xff, 0xff, 0xff, 0xc0, 0x0, 0x0,
    0x0, 0x1f, 0xff, 0xff, 0xff, 0xfc, 0x0, 0x0,
    0x0, 0x7, 0xff, 0xfe, 0xff, 0xff, 0xc0, 0x0,
    0x0, 0x1, 0xff, 0xff, 0x8f, 0xff, 0xf8, 0x0,
    0x0, 0x0, 0x7f, 0xff, 0xe1, 0xff, 0xff, 0x80,
    0x0, 0x0, 0xf, 0xff, 0xf8, 0x1f, 0xff, 0xf8,
    0x0, 0x0, 0x3, 0xff, 0xff, 0x1, 0xff, 0xff,
    0x80, 0x0, 0x0, 0xff, 0xff, 0xc0, 0x3f, 0xff,
    0xf0, 0x0, 0x0, 0x3f, 0xff, 0xf0, 0x3, 0xff,
    0xff, 0x0, 0x0, 0x7, 0xff, 0xfc, 0x0, 0x3f,
    0xff, 0xf0, 0x0, 0x1, 0xff, 0xff, 0x80, 0x3,
    0xff, 0xff, 0x0, 0x0, 0x7f, 0xff, 0xe0, 0x0,
    0x7f, 0xff, 0xf0, 0x0, 0x1f, 0xff, 0xf8, 0x0,
    0x7, 0xff, 0xfe, 0x0, 0x3, 0xff, 0xfe, 0x0,
    0x0, 0x7f, 0xff, 0xe0, 0x0, 0xff, 0xff, 0xc0,
    0x0, 0x7, 0xff, 0xfe, 0x0, 0x3f, 0xff, 0xf0,
    0x0, 0x0, 0xff, 0xff, 0xe0, 0xf, 0xff, 0xfc,
    0x0, 0x0, 0xf, 0xff, 0xfc, 0x3, 0xff, 0xff,
    0x0, 0x0, 0x0, 0xff, 0xff, 0xc0, 0x7f, 0xff,
    0xe0, 0x0, 0x0, 0x1f, 0xff, 0xfc, 0x1f, 0xff,
    0xf8, 0x0, 0x0, 0x1, 0xff, 0xff, 0xc7, 0xff,
    0xfe, 0x0, 0x0, 0x0, 0x1f, 0xff, 0xf9, 0xff,
    0xff, 0x80, 0x0, 0x0, 0x1, 0xff, 0xff, 0x80,

    /* U+0059 "Y" */
    0xff, 0xff, 0x80, 0x0, 0x0, 0x3, 0xff, 0xfe,
    0x7f, 0xff, 0x80, 0x0, 0x0, 0x3, 0xff, 0xfe,
    0x7f, 0xff, 0xc0, 0x0, 0x0, 0x7, 0xff, 0xfc,
    0x7f, 0xff, 0xc0, 0x0, 0x0, 0x7, 0xff, 0xfc,
    0x3f, 0xff, 0xe0, 0x0, 0x0, 0xf, 0xff, 0xf8,
    0x3f, 0xff, 0xe0, 0x0, 0x0, 0xf, 0xff, 0xf8,
    0x1f, 0xff, 0xe0, 0x0, 0x0, 0x1f, 0xff, 0xf0,
    0x1f, 0xff, 0xf0, 0x0, 0x0, 0x1f, 0xff, 0xf0,
    0xf, 0xff, 0xf0, 0x0, 0x0, 0x3f, 0xff, 0xe0,
    0xf, 0xff, 0xf8, 0x0, 0x0, 0x3f, 0xff, 0xe0,
    0x7, 0xff, 0xf8, 0x0, 0x0, 0x7f, 0xff, 0xc0,
    0x7, 0xff, 0xfc, 0x0, 0x0, 0x7f, 0xff, 0x80,
    0x3, 0xff, 0xfc, 0x0, 0x0, 0xff, 0xff, 0x80,
    0x3, 0xff, 0xfe, 0x0, 0x0, 0xff, 0xff, 0x0,
    0x1, 0xff, 0xff, 0x0, 0x1, 0xff, 0xff, 0x0,
    0x1, 0xff, 0xff, 0x0, 0x1, 0xff, 0xfe, 0x0,
    0x0, 0xff, 0xff, 0x80, 0x3, 0xff, 0xfe, 0x0,
    0x0, 0xff, 0xff, 0x80, 0x3, 0xff, 0xfc, 0x0,
    0x0, 0x7f, 0xff, 0xc0, 0x7, 0xff, 0xfc, 0x0,
    0x0, 0x7f, 0xff, 0xc0, 0x7, 0xff, 0xf8, 0x0,
    0x0, 0x3f, 0xff, 0xe0, 0xf, 0xff, 0xf0, 0x0,
    0x0, 0x1f, 0xff, 0xe0, 0x1f, 0xff, 0xf0, 0x0,
    0x0, 0x1f, 0xff, 0xf0, 0x1f, 0xff, 0xe0, 0x0,
    0x0, 0xf, 0xff, 0xf8, 0x3f, 0xff, 0xe0, 0x0,
    0x0, 0xf, 0xff, 0xf8, 0x3f, 0xff, 0xc0, 0x0,
    0x0, 0x7, 0xff, 0xfc, 0x7f, 0xff, 0x80, 0x0,
    0x0, 0x3, 0xff, 0xfe, 0xff, 0xff, 0x80, 0x0,
    0x0, 0x3, 0xff, 0xfe, 0xff, 0xff, 0x0, 0x0,
    0x0, 0x1, 0xff, 0xff, 0xff, 0xff, 0x0, 0x0,
    0x0, 0x0, 0xff, 0xff, 0xff, 0xfe, 0x0, 0x0,
    0x0, 0x0, 0xff, 0xff, 0xff, 0xfc, 0x0, 0x0,
    0x0, 0x0, 0x7f, 0xff, 0xff, 0xfc, 0x0, 0x0,
    0x0, 0x0, 0x3f, 0xff, 0xff, 0xf8, 0x0, 0x0,
    0x0, 0x0, 0x3f, 0xff, 0xff, 0xf0, 0x0, 0x0,
    0x0, 0x0, 0x1f, 0xff, 0xff, 0xf0, 0x0, 0x0,
    0x0, 0x0, 0xf, 0xff, 0xff, 0xe0, 0x0, 0x0,
    0x0, 0x0, 0x7, 0xff, 0xff, 0xc0, 0x0, 0x0,
    0x0, 0x0, 0x7, 0xff, 0xff, 0xc0, 0x0, 0x0,
    0x0, 0x0, 0x3, 0xff, 0xff, 0x80, 0x0, 0x0,
    0x0, 0x0, 0x1, 0xff, 0xff, 0x0, 0x0, 0x0,
    0x0, 0x0, 0x1, 0xff, 0xff, 0x0, 0x0, 0x0,
    0x0, 0x0, 0x0, 0xff, 0xfe, 0x0, 0x0, 0x0,
    0x0, 0x0, 0x0, 0xff, 0xfe, 0x0, 0x0, 0x0,
    0x0, 0x0, 0x0, 0xff, 0xfe, 0x0, 0x0, 0x0,
    0x0, 0x0, 0x0, 0xff, 0xfe, 0x0, 0x0, 0x0,
    0x0, 0x0, 0x0, 0xff, 0xfe, 0x0, 0x0, 0x0,
    0x0, 0x0, 0x0, 0xff, 0xfe, 0x0, 0x0, 0x0,
    0x0, 0x0, 0x0, 0xff, 0xfe, 0x0, 0x0, 0x0,
    0x0, 0x0, 0x0, 0xff, 0xfe, 0x0, 0x0, 0x0,
    0x0, 0x0, 0x0, 0xff, 0xfe, 0x0, 0x0, 0x0,
    0x0, 0x0, 0x0, 0xff, 0xfe, 0x0, 0x0, 0x0,
    0x0, 0x0, 0x0, 0xff, 0xfe, 0x0, 0x0, 0x0,
    0x0, 0x0, 0x0, 0xff, 0xfe, 0x0, 0x0, 0x0,
    0x0, 0x0, 0x0, 0xff, 0xfe, 0x0, 0x0, 0x0,
    0x0, 0x0, 0x0, 0xff, 0xfe, 0x0, 0x0, 0x0,
    0x0, 0x0, 0x0, 0xff, 0xfe, 0x0, 0x0, 0x0,
    0x0, 0x0, 0x0, 0xff, 0xfe, 0x0, 0x0, 0x0,
    0x0, 0x0, 0x0, 0xff, 0xfe, 0x0, 0x0, 0x0,
    0x0, 0x0, 0x0, 0xff, 0xfe, 0x0, 0x0, 0x0,
    0x0, 0x0, 0x0, 0xff, 0xfe, 0x0, 0x0, 0x0,
    0x0, 0x0, 0x0, 0xff, 0xfe, 0x0, 0x0, 0x0,
    0x0, 0x0, 0x0, 0xff, 0xfe, 0x0, 0x0, 0x0,

    /* U+005A "Z" */
    0x7f, 0xff, 0xff, 0xff, 0xff, 0xff, 0xfd, 0xff,
    0xff, 0xff, 0xff, 0xff, 0xff, 0xf7, 0xff, 0xff,
    0xff, 0xff, 0xff, 0xff, 0xdf, 0xff, 0xff, 0xff,
    0xff, 0xff, 0xff, 0x7f, 0xff, 0xff, 0xff, 0xff,
    0xff, 0xfd, 0xff, 0xff, 0xff, 0xff, 0xff, 0xff,
    0xf7, 0xff, 0xff, 0xff, 0xff, 0xff, 0xff, 0xdf,
    0xff, 0xff, 0xff, 0xff, 0xff, 0xff, 0x7f, 0xff,
    0xff, 0xff, 0xff, 0xff, 0xfd, 0xff, 0xff, 0xff,
    0xff, 0xff, 0xff, 0xe7, 0xff, 0xff, 0xff, 0xff,
    0xff, 0xff, 0x1f, 0xff, 0xff, 0xff, 0xff, 0xff,
    0xf8, 0x0, 0x0, 0x0, 0x0, 0xff, 0xff, 0xc0,
    0x0, 0x0, 0x0, 0x3, 0xff, 0xff, 0x0, 0x0,
    0x0, 0x0, 0x1f, 0xff, 0xf8, 0x0, 0x0, 0x0,
    0x0, 0xff, 0xff, 0xc0, 0x0, 0x0, 0x0, 0x7,
    0xff, 0xfe, 0x0, 0x0, 0x0, 0x0, 0x1f, 0xff,
    0xf0, 0x0, 0x0, 0x0, 0x0, 0xff, 0xff, 0xc0,
    0x0, 0x0, 0x0, 0x7, 0xff, 0xfe, 0x0, 0x0,
    0x0, 0x0, 0x3f, 0xff, 0xf0, 0x0, 0x0, 0x0,
    0x1, 0xff, 0xff, 0x80, 0x0, 0x0, 0x0, 0x7,
    0xff, 0xfc, 0x0, 0x0, 0x0, 0x0, 0x3f, 0xff,
    0xf0, 0x0, 0x0, 0x0, 0x1, 0xff, 0xff, 0x80,
    0x0, 0x0, 0x0, 0xf, 0xff, 0xfc, 0x0, 0x0,
    0x0, 0x0, 0x7f, 0xff, 0xe0, 0x0, 0x0, 0x0,
    0x1, 0xff, 0xff, 0x0, 0x0, 0x0, 0x0, 0xf,
    0xff, 0xfc, 0x0, 0x0, 0x0, 0x0, 0x7f, 0xff,
    0xe0, 0x0, 0x0, 0x0, 0x3, 0xff, 0xff, 0x0,
    0x0, 0x0, 0x0, 0xf, 0xff, 0xf8, 0x0, 0x0,
    0x0, 0x0, 0x7f, 0xff, 0xc0, 0x0, 0x0, 0x0,
    0x3, 0xff, 0xff, 0x0, 0x0, 0x0, 0x0, 0x1f,
    0xff, 0xf8, 0x0, 0x0, 0x0, 0x0, 0xff, 0xff,
    0xc0, 0x0, 0x0, 0x0, 0x3, 0xff, 0xfe, 0x0,
    0x0, 0x0, 0x0, 0x1f, 0xff, 0xf0, 0x0, 0x0,
    0x0, 0x0, 0xff, 0xff, 0xc0, 0x0, 0x0, 0x0,
    0x7, 0xff, 0xfe, 0x0, 0x0, 0x0, 0x0, 0x1f,
    0xff, 0xf0, 0x0, 0x0, 0x0, 0x0, 0xff, 0xff,
    0x80, 0x0, 0x0, 0x0, 0x7, 0xff, 0xfc, 0x0,
    0x0, 0x0, 0x0, 0x3f, 0xff, 0xf0, 0x0, 0x0,
    0x0, 0x1, 0xff, 0xff, 0x80, 0x0, 0x0, 0x0,
    0x7, 0xff, 0xfc, 0x0, 0x0, 0x0, 0x0, 0x3f,
    0xff, 0xe0, 0x0, 0x0, 0x0, 0x1, 0xff, 0xff,
    0x0, 0x0, 0x0, 0x0, 0xf, 0xff, 0xfc, 0x0,
    0x0, 0x0, 0x0, 0x7f, 0xff, 0xe0, 0x0, 0x0,
    0x0, 0x1, 0xff, 0xff, 0xff, 0xff, 0xff, 0xff,
    0x8f, 0xff, 0xff, 0xff, 0xff, 0xff, 0xfe, 0x7f,
    0xff, 0xff, 0xff, 0xff, 0xff, 0xfb, 0xff, 0xff,
    0xff, 0xff, 0xff, 0xff, 0xef, 0xff, 0xff, 0xff,
    0xff, 0xff, 0xff, 0xbf, 0xff, 0xff, 0xff, 0xff,
    0xff, 0xfe, 0xff, 0xff, 0xff, 0xff, 0xff, 0xff,
    0xfb, 0xff, 0xff, 0xff, 0xff, 0xff, 0xff, 0xef,
    0xff, 0xff, 0xff, 0xff, 0xff, 0xff, 0xbf, 0xff,
    0xff, 0xff, 0xff, 0xff, 0xfe, 0xff, 0xff, 0xff,
    0xff, 0xff, 0xff, 0xfb, 0xff, 0xff, 0xff, 0xff,
    0xff, 0xff, 0xe0,

    /* U+005B "[" */
    0xff, 0xff, 0xff, 0xff, 0xff, 0xff, 0xff, 0xff,
    0xff, 0xff, 0xff, 0xff, 0xff, 0xff, 0xff, 0xff,
    0xff, 0xff, 0xff, 0xff, 0xff, 0xff, 0xff, 0xff,
    0xff, 0xff, 0xff, 0xff, 0xff, 0xff, 0xff, 0xff,
    0xff, 0xff, 0xff, 0xff, 0xff, 0xff, 0xff, 0xff,
    0xfe, 0x0, 0x3f, 0xff, 0x80, 0xf, 0xff, 0xe0,
    0x3, 0xff, 0xf8, 0x0, 0xff, 0xfe, 0x0, 0x3f,
    0xff, 0x80, 0xf, 0xff, 0xe0, 0x3, 0xff, 0xf8,
    0x0, 0xff, 0xfe, 0x0, 0x3f, 0xff, 0x80, 0xf,
    0xff, 0xe0, 0x3, 0xff, 0xf8, 0x0, 0xff, 0xfe,
    0x0, 0x3f, 0xff, 0x80, 0xf, 0xff, 0xe0, 0x3,
    0xff, 0xf8, 0x0, 0xff, 0xfe, 0x0, 0x3f, 0xff,
    0x80, 0xf, 0xff, 0xe0, 0x3, 0xff, 0xf8, 0x0,
    0xff, 0xfe, 0x0, 0x3f, 0xff, 0x80, 0xf, 0xff,
    0xe0, 0x3, 0xff, 0xf8, 0x0, 0xff, 0xfe, 0x0,
    0x3f, 0xff, 0x80, 0xf, 0xff, 0xe0, 0x3, 0xff,
    0xf8, 0x0, 0xff, 0xfe, 0x0, 0x3f, 0xff, 0x80,
    0xf, 0xff, 0xe0, 0x3, 0xff, 0xf8, 0x0, 0xff,
    0xfe, 0x0, 0x3f, 0xff, 0x80, 0xf, 0xff, 0xe0,
    0x3, 0xff, 0xf8, 0x0, 0xff, 0xfe, 0x0, 0x3f,
    0xff, 0x80, 0xf, 0xff, 0xe0, 0x3, 0xff, 0xf8,
    0x0, 0xff, 0xfe, 0x0, 0x3f, 0xff, 0x80, 0xf,
    0xff, 0xe0, 0x3, 0xff, 0xf8, 0x0, 0xff, 0xfe,
    0x0, 0x3f, 0xff, 0x80, 0xf, 0xff, 0xe0, 0x3,
    0xff, 0xf8, 0x0, 0xff, 0xfe, 0x0, 0x3f, 0xff,
    0x80, 0xf, 0xff, 0xe0, 0x3, 0xff, 0xf8, 0x0,
    0xff, 0xfe, 0x0, 0x3f, 0xff, 0x80, 0xf, 0xff,
    0xe0, 0x3, 0xff, 0xf8, 0x0, 0xff, 0xfe, 0x0,
    0x3f, 0xff, 0x80, 0xf, 0xff, 0xff, 0xff, 0xff,
    0xff, 0xff, 0xff, 0xff, 0xff, 0xff, 0xff, 0xff,
    0xff, 0xff, 0xff, 0xff, 0xff, 0xff, 0xff, 0xff,
    0xff, 0xff, 0xff, 0xff, 0xff, 0xff, 0xff, 0xff,
    0xff, 0xff, 0xff, 0xff, 0xff, 0xff, 0xff, 0xff,
    0xff, 0xff, 0xf0,

    /* U+005C "\\" */
    0xff, 0xfe, 0x0, 0x0, 0x0, 0x0, 0xff, 0xfe,
    0x0, 0x0, 0x0, 0x1, 0xff, 0xfc, 0x0, 0x0,
    0x0, 0x3, 0xff, 0xfc, 0x0, 0x0, 0x0, 0x3,
    0xff, 0xf8, 0x0, 0x0, 0x0, 0x7, 0xff, 0xf8,
    0x0, 0x0, 0x0, 0x7, 0xff, 0xf0, 0x0, 0x0,
    0x0, 0xf, 0xff, 0xe0, 0x0, 0x0, 0x0, 0xf,
    0xff, 0xe0, 0x0, 0x0, 0x0, 0x1f, 0xff, 0xc0,
    0x0, 0x0, 0x0, 0x1f, 0xff, 0xc0, 0x0, 0x0,
    0x0, 0x3f, 0xff, 0x80, 0x0, 0x0, 0x0, 0x7f,
    0xff, 0x80, 0x0, 0x0, 0x0, 0x7f, 0xff, 0x0,
    0x0, 0x0, 0x0, 0xff, 0xfe, 0x0, 0x0, 0x0,
    0x0, 0xff, 0xfe, 0x0, 0x0, 0x0, 0x1, 0xff,
    0xfc, 0x0, 0x0, 0x0, 0x1, 0xff, 0xfc, 0x0,
    0x0, 0x0, 0x3, 0xff, 0xf8, 0x0, 0x0, 0x0,
    0x7, 0xff, 0xf8, 0x0, 0x0, 0x0, 0x7, 0xff,
    0xf0, 0x0, 0x0, 0x0, 0xf, 0xff, 0xe0, 0x0,
    0x0, 0x0, 0xf, 0xff, 0xe0, 0x0, 0x0, 0x0,
    0x1f, 0xff, 0xc0, 0x0, 0x0, 0x0, 0x1f, 0xff,
    0xc0, 0x0, 0x0, 0x0, 0x3f, 0xff, 0x80, 0x0,
    0x0, 0x0, 0x3f, 0xff, 0x80, 0x0, 0x0, 0x0,
    0x7f, 0xff, 0x0, 0x0, 0x0, 0x0, 0xff, 0xff,
    0x0, 0x0, 0x0, 0x0, 0xff, 0xfe, 0x0, 0x0,
    0x0, 0x1, 0xff, 0xfc, 0x0, 0x0, 0x0, 0x1,
    0xff, 0xfc, 0x0, 0x0, 0x0, 0x3, 0xff, 0xf8,
    0x0, 0x0, 0x0, 0x3, 0xff, 0xf8, 0x0, 0x0,
    0x0, 0x7, 0xff, 0xf0, 0x0, 0x0, 0x0, 0xf,
    0xff, 0xf0, 0x0, 0x0, 0x0, 0xf, 0xff, 0xe0,
    0x0, 0x0, 0x0, 0x1f, 0xff, 0xc0, 0x0, 0x0,
    0x0, 0x1f, 0xff, 0xc0, 0x0, 0x0, 0x0, 0x3f,
    0xff, 0x80, 0x0, 0x0, 0x0, 0x3f, 0xff, 0x80,
    0x0, 0x0, 0x0, 0x7f, 0xff, 0x0, 0x0, 0x0,
    0x0, 0x7f, 0xff, 0x0, 0x0, 0x0, 0x0, 0xff,
    0xfe, 0x0, 0x0, 0x0, 0x1, 0xff, 0xfc, 0x0,
    0x0, 0x0, 0x1, 0xff, 0xfc, 0x0, 0x0, 0x0,
    0x3, 0xff, 0xf8, 0x0, 0x0, 0x0, 0x3, 0xff,
    0xf8, 0x0, 0x0, 0x0, 0x7, 0xff, 0xf0, 0x0,
    0x0, 0x0, 0x7, 0xff, 0xf0, 0x0, 0x0, 0x0,
    0xf, 0xff, 0xe0, 0x0, 0x0, 0x0, 0x1f, 0xff,
    0xc0, 0x0, 0x0, 0x0, 0x1f, 0xff, 0xc0, 0x0,
    0x0, 0x0, 0x3f, 0xff, 0x80, 0x0, 0x0, 0x0,
    0x3f, 0xff, 0x80, 0x0, 0x0, 0x0, 0x7f, 0xff,
    0x0, 0x0, 0x0, 0x0, 0x7f, 0xff, 0x0, 0x0,
    0x0, 0x0, 0xff, 0xfe, 0x0, 0x0, 0x0, 0x0,
    0xff, 0xfe, 0x0, 0x0, 0x0, 0x1, 0xff, 0xfc,
    0x0, 0x0, 0x0, 0x3, 0xff, 0xf8, 0x0, 0x0,
    0x0, 0x3, 0xff, 0xf8, 0x0, 0x0, 0x0, 0x7,
    0xff, 0xf0, 0x0, 0x0, 0x0, 0x7, 0xff, 0xf0,
    0x0, 0x0, 0x0, 0xf, 0xff, 0xe0, 0x0, 0x0,
    0x0, 0xf, 0xff, 0xe0, 0x0, 0x0, 0x0, 0x1f,
    0xff, 0xc0, 0x0, 0x0, 0x0, 0x3f, 0xff, 0x80,
    0x0, 0x0, 0x0, 0x3f, 0xff, 0x80, 0x0, 0x0,
    0x0, 0x7f, 0xff, 0x0, 0x0, 0x0, 0x0, 0x7f,
    0xff, 0x0, 0x0, 0x0, 0x0, 0xff, 0xfe, 0x0,
    0x0, 0x0, 0x0, 0xff, 0xfe,

    /* U+005D "]" */
    0xff, 0xff, 0xff, 0xff, 0xff, 0xff, 0xff, 0xff,
    0xff, 0xff, 0xff, 0xff, 0xff, 0xff, 0xff, 0xff,
    0xff, 0xff, 0xff, 0xff, 0xff, 0xff, 0xff, 0xff,
    0xff, 0xff, 0xff, 0xff, 0xff, 0xff, 0xff, 0xff,
    0xff, 0xff, 0xff, 0xff, 0xff, 0xff, 0xff, 0xff,
    0xf0, 0x0, 0xff, 0xfe, 0x0, 0x1f, 0xff, 0xc0,
    0x3, 0xff, 0xf8, 0x0, 0x7f, 0xff, 0x0, 0xf,
    0xff, 0xe0, 0x1, 0xff, 0xfc, 0x0, 0x3f, 0xff,
    0x80, 0x7, 0xff, 0xf0, 0x0, 0xff, 0xfe, 0x0,
    0x1f, 0xff, 0xc0, 0x3, 0xff, 0xf8, 0x0, 0x7f,
    0xff, 0x0, 0xf, 0xff, 0xe0, 0x1, 0xff, 0xfc,
    0x0, 0x3f, 0xff, 0x80, 0x7, 0xff, 0xf0, 0x0,
    0xff, 0xfe, 0x0, 0x1f, 0xff, 0xc0, 0x3, 0xff,
    0xf8, 0x0, 0x7f, 0xff, 0x0, 0xf, 0xff, 0xe0,
    0x1, 0xff, 0xfc, 0x0, 0x3f, 0xff, 0x80, 0x7,
    0xff, 0xf0, 0x0, 0xff, 0xfe, 0x0, 0x1f, 0xff,
    0xc0, 0x3, 0xff, 0xf8, 0x0, 0x7f, 0xff, 0x0,
    0xf, 0xff, 0xe0, 0x1, 0xff, 0xfc, 0x0, 0x3f,
    0xff, 0x80, 0x7, 0xff, 0xf0, 0x0, 0xff, 0xfe,
    0x0, 0x1f, 0xff, 0xc0, 0x3, 0xff, 0xf8, 0x0,
    0x7f, 0xff, 0x0, 0xf, 0xff, 0xe0, 0x1, 0xff,
    0xfc, 0x0, 0x3f, 0xff, 0x80, 0x7, 0xff, 0xf0,
    0x0, 0xff, 0xfe, 0x0, 0x1f, 0xff, 0xc0, 0x3,
    0xff, 0xf8, 0x0, 0x7f, 0xff, 0x0, 0xf, 0xff,
    0xe0, 0x1, 0xff, 0xfc, 0x0, 0x3f, 0xff, 0x80,
    0x7, 0xff, 0xf0, 0x0, 0xff, 0xfe, 0x0, 0x1f,
    0xff, 0xc0, 0x3, 0xff, 0xf8, 0x0, 0x7f, 0xff,
    0x0, 0xf, 0xff, 0xe0, 0x1, 0xff, 0xfc, 0x0,
    0x3f, 0xff, 0x80, 0x7, 0xff, 0xf0, 0x0, 0xff,
    0xfe, 0x0, 0x1f, 0xff, 0xff, 0xff, 0xff, 0xff,
    0xff, 0xff, 0xff, 0xff, 0xff, 0xff, 0xff, 0xff,
    0xff, 0xff, 0xff, 0xff, 0xff, 0xff, 0xff, 0xff,
    0xff, 0xff, 0xff, 0xff, 0xff, 0xff, 0xff, 0xff,
    0xff, 0xff, 0xff, 0xff, 0xff, 0xff, 0xff, 0xff,
    0xff, 0xff, 0xff, 0xff, 0xfc,

    /* U+005E "^" */
    0x0, 0x1, 0xff, 0x80, 0x0, 0x0, 0x3, 0xff,
    0xc0, 0x0, 0x0, 0x3, 0xff, 0xc0, 0x0, 0x0,
    0x3, 0xff, 0xc0, 0x0, 0x0, 0x7, 0xff, 0xe0,
    0x0, 0x0, 0x7, 0xff, 0xe0, 0x0, 0x0, 0xf,
    0xff, 0xf0, 0x0, 0x0, 0xf, 0xff, 0xf0, 0x0,
    0x0, 0x1f, 0xff, 0xf0, 0x0, 0x0, 0x1f, 0xff,
    0xf8, 0x0, 0x0, 0x1f, 0xff, 0xf8, 0x0, 0x0,
    0x3f, 0xff, 0xfc, 0x0, 0x0, 0x3f, 0xff, 0xfc,
    0x0, 0x0, 0x7f, 0xff, 0xfe, 0x0, 0x0, 0x7f,
    0xef, 0xfe, 0x0, 0x0, 0xff, 0xe7, 0xfe, 0x0,
    0x0, 0xff, 0xe7, 0xff, 0x0, 0x0, 0xff, 0xc3,
    0xff, 0x0, 0x1, 0xff, 0xc3, 0xff, 0x80, 0x1,
    0xff, 0xc3, 0xff, 0x80, 0x3, 0xff, 0x81, 0xff,
    0xc0, 0x3, 0xff, 0x81, 0xff, 0xc0, 0x3, 0xff,
    0x1, 0xff, 0xc0, 0x7, 0xff, 0x0, 0xff, 0xe0,
    0x7, 0xff, 0x0, 0xff, 0xe0, 0xf, 0xfe, 0x0,
    0x7f, 0xf0, 0xf, 0xfe, 0x0, 0x7f, 0xf0, 0x1f,
    0xfe, 0x0, 0x7f, 0xf0, 0x1f, 0xfc, 0x0, 0x3f,
    0xf8, 0x1f, 0xfc, 0x0, 0x3f, 0xf8, 0x3f, 0xf8,
    0x0, 0x3f, 0xfc, 0x3f, 0xf8, 0x0, 0x1f, 0xfc,
    0x7f, 0xf8, 0x0, 0x1f, 0xfe, 0x7f, 0xf0, 0x0,
    0xf, 0xfe, 0xff, 0xf0, 0x0, 0xf, 0xfe, 0xff,
    0xf0, 0x0, 0xf, 0xff,

    /* U+005F "_" */
    0xff, 0xff, 0xff, 0xff, 0xff, 0xff, 0xff, 0xff,
    0xff, 0xff, 0xff, 0xff, 0xff, 0xff, 0xff, 0xff,
    0xff, 0xff, 0xff, 0xff, 0xff, 0xff, 0xff, 0xff,
    0xff, 0xff, 0xff, 0xff, 0xff, 0xff, 0xff, 0xff,
    0xff, 0xff, 0xff, 0xff, 0xff, 0xff, 0xff, 0xff,
    0xff, 0xff, 0xff, 0xff, 0xff, 0xff, 0xff, 0xff,
    0xff, 0xff, 0xff, 0xff, 0xff, 0xff, 0xff, 0xff,
    0xff, 0xff, 0xff, 0xff, 0xff, 0xff, 0xff, 0xff,
    0xff, 0xff, 0xff, 0xff, 0xff, 0xff, 0xff, 0xff,
    0xff, 0xff, 0xff, 0xff, 0xff, 0xff, 0xff, 0xff,
    0xff, 0xc0,

    /* U+0060 "`" */
    0xff, 0xfc, 0x3, 0xff, 0xe0, 0xf, 0xff, 0x80,
    0x7f, 0xfc, 0x1, 0xff, 0xf0, 0x7, 0xff, 0x80,
    0x3f, 0xfe, 0x0, 0xff, 0xf0, 0x3, 0xff, 0xc0,
    0x1f, 0xfe, 0x0, 0x7f, 0xf8, 0x1, 0xff, 0xc0,
    0x7, 0xff, 0x0, 0x3f, 0xf8,

    /* U+0061 "a" */
    0x0, 0x1, 0xff, 0xff, 0x80, 0x0, 0x0, 0x1f,
    0xff, 0xff, 0xff, 0x0, 0x0, 0x3f, 0xff, 0xff,
    0xff, 0xfc, 0x0, 0x7, 0xff, 0xff, 0xff, 0xff,
    0xe0, 0x0, 0xff, 0xff, 0xff, 0xff, 0xff, 0x0,
    0x1f, 0xff, 0xff, 0xff, 0xff, 0xf0, 0x3, 0xff,
    0xff, 0xff, 0xff, 0xff, 0x0, 0x7f, 0xff, 0xff,
    0xff, 0xff, 0xf0, 0xf, 0xff, 0xff, 0xff, 0xff,
    0xff, 0x1, 0xff, 0xff, 0xff, 0xff, 0xff, 0xe0,
    0x3f, 0xff, 0xff, 0xff, 0xff, 0xfe, 0x7, 0xfe,
    0x0, 0xf, 0xff, 0xff, 0xc0, 0xfc, 0x0, 0x0,
    0x1f, 0xff, 0xfc, 0x18, 0x0, 0x0, 0x0, 0xff,
    0xff, 0x80, 0x0, 0x0, 0x0, 0xf, 0xff, 0xf0,
    0x0, 0x0, 0x0, 0x0, 0xff, 0xff, 0x0, 0x0,
    0x0, 0x0, 0x1f, 0xff, 0xe0, 0x0, 0x0, 0x0,
    0x1, 0xff, 0xfc, 0x0, 0x0, 0x0, 0x0, 0x3f,
    0xff, 0x80, 0x0, 0x0, 0x0, 0x7, 0xff, 0xf0,
    0x0, 0x1f, 0xff, 0x0, 0xff, 0xfe, 0x0, 0x3f,
    0xff, 0xff, 0x1f, 0xff, 0xc0, 0x3f, 0xff, 0xff,
    0xff, 0xff, 0xf8, 0x1f, 0xff, 0xff, 0xff, 0xff,
    0xff, 0x7, 0xff, 0xff, 0xff, 0xff, 0xff, 0xe1,
    0xff, 0xff, 0xff, 0xff, 0xff, 0xfc, 0x7f, 0xff,
    0xff, 0xff, 0xff, 0xff, 0x9f, 0xff, 0xff, 0xff,
    0xff, 0xff, 0xf7, 0xff, 0xff, 0xff, 0xff, 0xff,
    0xfe, 0xff, 0xff, 0xe0, 0x7, 0xff, 0xff, 0xdf,
    0xff, 0xf0, 0x0, 0xf, 0xff, 0xff, 0xff, 0xf8,
    0x0, 0x0, 0x7f, 0xff, 0xff, 0xff, 0x0, 0x0,
    0xf, 0xff, 0xff, 0xff, 0xc0, 0x0, 0x1, 0xff,
    0xff, 0xff, 0xf8, 0x0, 0x0, 0x3f, 0xff, 0xff,
    0xff, 0x0, 0x0, 0x7, 0xff, 0xff, 0xff, 0xe0,
    0x0, 0x0, 0xff, 0xff, 0xff, 0xfe, 0x0, 0x0,
    0x1f, 0xff, 0xff, 0xff, 0xc0, 0x0, 0xf, 0xff,
    0xfb, 0xff, 0xfc, 0x0, 0x7, 0xff, 0xff, 0x7f,
    0xff, 0xf0, 0xf, 0xff, 0xff, 0xef, 0xff, 0xff,
    0xff, 0xff, 0xff, 0xfc, 0xff, 0xff, 0xff, 0xff,
    0xff, 0xff, 0x8f, 0xff, 0xff, 0xff, 0xff, 0xff,
    0xf1, 0xff, 0xff, 0xff, 0xff, 0xff, 0xfe, 0x1f,
    0xff, 0xff, 0xff, 0xff, 0xff, 0xc1, 0xff, 0xff,
    0xff, 0xfe, 0xff, 0xf8, 0xf, 0xff, 0xff, 0xff,
    0x1f, 0xff, 0x0, 0xff, 0xff, 0xff, 0x81, 0xff,
    0xe0, 0x3, 0xff, 0xff, 0x80, 0x3f, 0xfc, 0x0,
    0xf, 0xff, 0x0, 0x0, 0x0, 0x0,

    /* U+0062 "b" */
    0xff, 0xfe, 0x0, 0x0, 0x0, 0x0, 0x1, 0xff,
    0xfc, 0x0, 0x0, 0x0, 0x0, 0x3, 0xff, 0xf8,
    0x0, 0x0, 0x0, 0x0, 0x7, 0xff, 0xf0, 0x0,
    0x0, 0x0, 0x0, 0xf, 0xff, 0xe0, 0x0, 0x0,
    0x0, 0x0, 0x1f, 0xff, 0xc0, 0x0, 0x0, 0x0,
    0x0, 0x3f, 0xff, 0x80, 0x0, 0x0, 0x0, 0x0,
    0x7f, 0xff, 0x0, 0x0, 0x0, 0x0, 0x0, 0xff,
    0xfe, 0x0, 0x0, 0x0, 0x0, 0x1, 0xff, 0xfc,
    0x0, 0x0, 0x0, 0x0, 0x3, 0xff, 0xf8, 0x0,
    0x0, 0x0, 0x0, 0x7, 0xff, 0xf0, 0x0, 0x0,
    0x0, 0x0, 0xf, 0xff, 0xe0, 0x0, 0x0, 0x0,
    0x0, 0x1f, 0xff, 0xc0, 0x0, 0x0, 0x0, 0x0,
    0x3f, 0xff, 0x80, 0x0, 0x0, 0x0, 0x0, 0x7f,
    0xff, 0x0, 0x0, 0x0, 0x0, 0x0, 0xff, 0xfe,
    0x1, 0xff, 0xe0, 0x0, 0x1, 0xff, 0xfc, 0x3f,
    0xff, 0xfc, 0x0, 0x3, 0xff, 0xf9, 0xff, 0xff,
    0xfe, 0x0, 0x7, 0xff, 0xff, 0xff, 0xff, 0xff,
    0x0, 0xf, 0xff, 0xff, 0xff, 0xff, 0xff, 0x80,
    0x1f, 0xff, 0xff, 0xff, 0xff, 0xff, 0x80, 0x3f,
    0xff, 0xff, 0xff, 0xff, 0xff, 0xc0, 0x7f, 0xff,
    0xff, 0xff, 0xff, 0xff, 0xc0, 0xff, 0xff, 0xff,
    0xff, 0xff, 0xff, 0xc1, 0xff, 0xff, 0xff, 0xff,
    0xff, 0xff, 0x83, 0xff, 0xff, 0xff, 0xff, 0xff,
    0xff, 0x87, 0xff, 0xff, 0xff, 0xff, 0xff, 0xff,
    0x8f, 0xff, 0xff, 0xc0, 0x1f, 0xff, 0xff, 0x1f,
    0xff, 0xf8, 0x0, 0x7, 0xff, 0xff, 0x3f, 0xff,
    0xc0, 0x0, 0x7, 0xff, 0xfe, 0x7f, 0xff, 0x0,
    0x0, 0x3, 0xff, 0xfe, 0xff, 0xfe, 0x0, 0x0,
    0x7, 0xff, 0xfd, 0xff, 0xfc, 0x0, 0x0, 0x7,
    0xff, 0xfb, 0xff, 0xf8, 0x0, 0x0, 0x7, 0xff,
    0xf7, 0xff, 0xf0, 0x0, 0x0, 0xf, 0xff, 0xff,
    0xff, 0xe0, 0x0, 0x0, 0x1f, 0xff, 0xff, 0xff,
    0xc0, 0x0, 0x0, 0x1f, 0xff, 0xff, 0xff, 0x80,
    0x0, 0x0, 0x3f, 0xff, 0xff, 0xff, 0x0, 0x0,
    0x0, 0x7f, 0xff, 0xff, 0xfe, 0x0, 0x0, 0x0,
    0xff, 0xff, 0xff, 0xfc, 0x0, 0x0, 0x1, 0xff,
    0xff, 0xff, 0xf8, 0x0, 0x0, 0x3, 0xff, 0xff,
    0xff, 0xf0, 0x0, 0x0, 0x7, 0xff, 0xff, 0xff,
    0xe0, 0x0, 0x0, 0xf, 0xff, 0xff, 0xff, 0xc0,
    0x0, 0x0, 0x3f, 0xff, 0xff, 0xff, 0x80, 0x0,
    0x0, 0x7f, 0xff, 0xff, 0xff, 0x0, 0x0, 0x0,
    0xff, 0xfe, 0xff, 0xfe, 0x0, 0x0, 0x3, 0xff,
    0xfd, 0xff, 0xfc, 0x0, 0x0, 0x7, 0xff, 0xfb,
    0xff, 0xf8, 0x0, 0x0, 0x1f, 0xff, 0xf7, 0xff,
    0xf0, 0x0, 0x0, 0x7f, 0xff, 0xcf, 0xff, 0xf0,
    0x0, 0x1, 0xff, 0xff, 0x9f, 0xff, 0xf8, 0x0,
    0xf, 0xff, 0xfe, 0x3f, 0xff, 0xff, 0x0, 0x7f,
    0xff, 0xfc, 0x7f, 0xff, 0xff, 0xff, 0xff, 0xff,
    0xf0, 0xff, 0xff, 0xff, 0xff, 0xff, 0xff, 0xc1,
    0xff, 0xff, 0xff, 0xff, 0xff, 0xff, 0x83, 0xff,
    0xff, 0xff, 0xff, 0xff, 0xfe, 0x7, 0xff, 0xff,
    0xff, 0xff, 0xff, 0xf8, 0xf, 0xff, 0xff, 0xff,
    0xff, 0xff, 0xe0, 0x1f, 0xff, 0xff, 0xff, 0xff,
    0xff, 0x80, 0x3f, 0xff, 0xff, 0xff, 0xff, 0xfc,
    0x0, 0x7f, 0xf9, 0xff, 0xff, 0xff, 0xf0, 0x0,
    0xff, 0xf0, 0xff, 0xff, 0xff, 0x80, 0x1, 0xff,
    0xc0, 0x3f, 0xff, 0xf8, 0x0, 0x0, 0x0, 0x0,
    0x7, 0xff, 0x0, 0x0, 0x0,

    /* U+0063 "c" */
    0x0, 0x0, 0x3, 0xff, 0xf0, 0x0, 0x0, 0x0,
    0xff, 0xff, 0xff, 0x0, 0x0, 0x1f, 0xff, 0xff,
    0xff, 0x80, 0x1, 0xff, 0xff, 0xff, 0xff, 0x0,
    0x1f, 0xff, 0xff, 0xff, 0xfc, 0x1, 0xff, 0xff,
    0xff, 0xff, 0xf0, 0xf, 0xff, 0xff, 0xff, 0xff,
    0xc0, 0x7f, 0xff, 0xff, 0xff, 0xff, 0x3, 0xff,
    0xff, 0xff, 0xff, 0xfc, 0x1f, 0xff, 0xff, 0xff,
    0xff, 0xf0, 0x7f, 0xff, 0xff, 0xff, 0xff, 0xc3,
    0xff, 0xff, 0xff, 0xff, 0xff, 0x1f, 0xff, 0xff,
    0x80, 0x7, 0xfc, 0x7f, 0xff, 0xf0, 0x0, 0x1,
    0xf3, 0xff, 0xff, 0x80, 0x0, 0x0, 0xcf, 0xff,
    0xf8, 0x0, 0x0, 0x0, 0x7f, 0xff, 0xc0, 0x0,
    0x0, 0x1, 0xff, 0xfe, 0x0, 0x0, 0x0, 0x7,
    0xff, 0xf8, 0x0, 0x0, 0x0, 0x1f, 0xff, 0xc0,
    0x0, 0x0, 0x0, 0xff, 0xff, 0x0, 0x0, 0x0,
    0x3, 0xff, 0xf8, 0x0, 0x0, 0x0, 0xf, 0xff,
    0xe0, 0x0, 0x0, 0x0, 0x3f, 0xff, 0x80, 0x0,
    0x0, 0x0, 0xff, 0xfe, 0x0, 0x0, 0x0, 0x3,
    0xff, 0xf8, 0x0, 0x0, 0x0, 0xf, 0xff, 0xe0,
    0x0, 0x0, 0x0, 0x3f, 0xff, 0x80, 0x0, 0x0,
    0x0, 0xff, 0xfe, 0x0, 0x0, 0x0, 0x3, 0xff,
    0xfc, 0x0, 0x0, 0x0, 0xf, 0xff, 0xf0, 0x0,
    0x0, 0x0, 0x3f, 0xff, 0xc0, 0x0, 0x0, 0x0,
    0x7f, 0xff, 0x80, 0x0, 0x0, 0x1, 0xff, 0xff,
    0x0, 0x0, 0x0, 0x7, 0xff, 0xfe, 0x0, 0x0,
    0x0, 0xf, 0xff, 0xfc, 0x0, 0x0, 0x0, 0x3f,
    0xff, 0xf8, 0x0, 0x0, 0x0, 0xff, 0xff, 0xf8,
    0x0, 0x0, 0x31, 0xff, 0xff, 0xfc, 0x0, 0x3f,
    0xc7, 0xff, 0xff, 0xff, 0xff, 0xff, 0xf, 0xff,
    0xff, 0xff, 0xff, 0xfc, 0x1f, 0xff, 0xff, 0xff,
    0xff, 0xf0, 0x3f, 0xff, 0xff, 0xff, 0xff, 0xc0,
    0x7f, 0xff, 0xff, 0xff, 0xff, 0x0, 0xff, 0xff,
    0xff, 0xff, 0xfc, 0x1, 0xff, 0xff, 0xff, 0xff,
    0xf0, 0x1, 0xff, 0xff, 0xff, 0xff, 0xc0, 0x1,
    0xff, 0xff, 0xff, 0xff, 0x0, 0x1, 0xff, 0xff,
    0xff, 0xfc, 0x0, 0x0, 0xff, 0xff, 0xff, 0xc0,
    0x0, 0x0, 0x1f, 0xff, 0x80, 0x0,

    /* U+0064 "d" */
    0x0, 0x0, 0x0, 0x0, 0x0, 0xff, 0xfe, 0x0,
    0x0, 0x0, 0x0, 0x1, 0xff, 0xfc, 0x0, 0x0,
    0x0, 0x0, 0x3, 0xff, 0xf8, 0x0, 0x0, 0x0,
    0x0, 0x7, 0xff, 0xf0, 0x0, 0x0, 0x0, 0x0,
    0xf, 0xff, 0xe0, 0x0, 0x0, 0x0, 0x0, 0x1f,
    0xff, 0xc0, 0x0, 0x0, 0x0, 0x0, 0x3f, 0xff,
    0x80, 0x0, 0x0, 0x0, 0x0, 0x7f, 0xff, 0x0,
    0x0, 0x0, 0x0, 0x0, 0xff, 0xfe, 0x0, 0x0,
    0x0, 0x0, 0x1, 0xff, 0xfc, 0x0, 0x0, 0x0,
    0x0, 0x3, 0xff, 0xf8, 0x0, 0x0, 0x0, 0x0,
    0x7, 0xff, 0xf0, 0x0, 0x0, 0x0, 0x0, 0xf,
    0xff, 0xe0, 0x0, 0x0, 0x0, 0x0, 0x1f, 0xff,
    0xc0, 0x0, 0x0, 0x0, 0x0, 0x3f, 0xff, 0x80,
    0x0, 0x0, 0x0, 0x0, 0x7f, 0xff, 0x0, 0x0,
    0xf, 0xff, 0x0, 0xff, 0xfe, 0x0, 0x1, 0xff,
    0xff, 0xc1, 0xff, 0xfc, 0x0, 0xf, 0xff, 0xff,
    0xf3, 0xff, 0xf8, 0x0, 0x7f, 0xff, 0xff, 0xff,
    0xff, 0xf0, 0x3, 0xff, 0xff, 0xff, 0xff, 0xff,
    0xe0, 0xf, 0xff, 0xff, 0xff, 0xff, 0xff, 0xc0,
    0x7f, 0xff, 0xff, 0xff, 0xff, 0xff, 0x81, 0xff,
    0xff, 0xff, 0xff, 0xff, 0xff, 0x7, 0xff, 0xff,
    0xff, 0xff, 0xff, 0xfe, 0xf, 0xff, 0xff, 0xff,
    0xff, 0xff, 0xfc, 0x3f, 0xff, 0xff, 0xff, 0xff,
    0xff, 0xf8, 0xff, 0xff, 0xff, 0xff, 0xff, 0xff,
    0xf1, 0xff, 0xff, 0xf0, 0x7, 0xff, 0xff, 0xe7,
    0xff, 0xff, 0x0, 0x1, 0xff, 0xff, 0xcf, 0xff,
    0xfc, 0x0, 0x0, 0xff, 0xff, 0xbf, 0xff, 0xe0,
    0x0, 0x0, 0x7f, 0xff, 0x7f, 0xff, 0xc0, 0x0,
    0x0, 0xff, 0xfe, 0xff, 0xff, 0x0, 0x0, 0x1,
    0xff, 0xfd, 0xff, 0xfc, 0x0, 0x0, 0x3, 0xff,
    0xff, 0xff, 0xf8, 0x0, 0x0, 0x7, 0xff, 0xff,
    0xff, 0xf0, 0x0, 0x0, 0xf, 0xff, 0xff, 0xff,
    0xc0, 0x0, 0x0, 0x1f, 0xff, 0xff, 0xff, 0x80,
    0x0, 0x0, 0x3f, 0xff, 0xff, 0xff, 0x0, 0x0,
    0x0, 0x7f, 0xff, 0xff, 0xfe, 0x0, 0x0, 0x0,
    0xff, 0xff, 0xff, 0xfc, 0x0, 0x0, 0x1, 0xff,
    0xff, 0xff, 0xf8, 0x0, 0x0, 0x3, 0xff, 0xff,
    0xff, 0xf0, 0x0, 0x0, 0x7, 0xff, 0xff, 0xff,
    0xe0, 0x0, 0x0, 0xf, 0xff, 0xff, 0xff, 0xc0,
    0x0, 0x0, 0x1f, 0xff, 0xff, 0xff, 0xc0, 0x0,
    0x0, 0x3f, 0xff, 0xbf, 0xff, 0x80, 0x0, 0x0,
    0x7f, 0xff, 0x7f, 0xff, 0x0, 0x0, 0x0, 0xff,
    0xfe, 0xff, 0xff, 0x0, 0x0, 0x1, 0xff, 0xfd,
    0xff, 0xff, 0x0, 0x0, 0x3, 0xff, 0xf9, 0xff,
    0xff, 0x0, 0x0, 0x7, 0xff, 0xf3, 0xff, 0xff,
    0x0, 0x0, 0x3f, 0xff, 0xe3, 0xff, 0xff, 0x80,
    0x1, 0xff, 0xff, 0xc7, 0xff, 0xff, 0xc0, 0x1f,
    0xff, 0xff, 0x87, 0xff, 0xff, 0xff, 0xff, 0xff,
    0xff, 0xf, 0xff, 0xff, 0xff, 0xff, 0xff, 0xfe,
    0xf, 0xff, 0xff, 0xff, 0xff, 0xff, 0xfc, 0xf,
    0xff, 0xff, 0xff, 0xff, 0xff, 0xf8, 0xf, 0xff,
    0xff, 0xff, 0xff, 0xff, 0xf0, 0xf, 0xff, 0xff,
    0xff, 0xff, 0xff, 0xe0, 0xf, 0xff, 0xff, 0xff,
    0xff, 0xff, 0xc0, 0x7, 0xff, 0xff, 0xff, 0xe7,
    0xff, 0x80, 0x7, 0xff, 0xff, 0xff, 0x8f, 0xff,
    0x0, 0x3, 0xff, 0xff, 0xfc, 0x1f, 0xfe, 0x0,
    0x0, 0xff, 0xff, 0xc0, 0x1f, 0xfc, 0x0, 0x0,
    0x3f, 0xf8, 0x0, 0x0, 0x0,

    /* U+0065 "e" */
    0x0, 0x0, 0x7, 0xff, 0xc0, 0x0, 0x0, 0x0,
    0x7, 0xff, 0xff, 0xc0, 0x0, 0x0, 0x3, 0xff,
    0xff, 0xff, 0x0, 0x0, 0x0, 0xff, 0xff, 0xff,
    0xfc, 0x0, 0x0, 0x1f, 0xff, 0xff, 0xff, 0xf0,
    0x0, 0x7, 0xff, 0xff, 0xff, 0xff, 0x80, 0x0,
    0xff, 0xff, 0xff, 0xff, 0xfc, 0x0, 0x1f, 0xff,
    0xff, 0xff, 0xff, 0xe0, 0x3, 0xff, 0xff, 0xff,
    0xff, 0xff, 0x0, 0x7f, 0xff, 0xff, 0xff, 0xff,
    0xf0, 0xf, 0xff, 0xff, 0xff, 0xff, 0xff, 0x80,
    0xff, 0xff, 0xe0, 0x1f, 0xff, 0xf8, 0x1f, 0xff,
    0xf8, 0x0, 0x7f, 0xff, 0xc3, 0xff, 0xfe, 0x0,
    0x3, 0xff, 0xfc, 0x3f, 0xff, 0xc0, 0x0, 0x1f,
    0xff, 0xe3, 0xff, 0xf8, 0x0, 0x0, 0xff, 0xfe,
    0x7f, 0xff, 0x0, 0x0, 0xf, 0xff, 0xe7, 0xff,
    0xf0, 0x0, 0x0, 0xff, 0xfe, 0x7f, 0xff, 0x0,
    0x0, 0x7, 0xff, 0xff, 0xff, 0xe0, 0x0, 0x0,
    0x7f, 0xff, 0xff, 0xfe, 0x0, 0x0, 0x7, 0xff,
    0xff, 0xff, 0xe0, 0x0, 0x0, 0x7f, 0xff, 0xff,
    0xff, 0xff, 0xff, 0xff, 0xff, 0xff, 0xff, 0xff,
    0xff, 0xff, 0xff, 0xff, 0xff, 0xff, 0xff, 0xff,
    0xff, 0xff, 0xff, 0xff, 0xff, 0xff, 0xff, 0xff,
    0xff, 0xff, 0xff, 0xff, 0xff, 0xff, 0xff, 0xff,
    0xff, 0xff, 0xff, 0xff, 0xff, 0xff, 0xff, 0xff,
    0xff, 0xff, 0xff, 0xff, 0xff, 0xff, 0xff, 0xff,
    0xff, 0xff, 0xff, 0xff, 0xff, 0xff, 0xff, 0xff,
    0xff, 0xf7, 0xff, 0xe0, 0x0, 0x0, 0x0, 0x0,
    0x7f, 0xfe, 0x0, 0x0, 0x0, 0x0, 0x7, 0xff,
    0xf0, 0x0, 0x0, 0x0, 0x0, 0x7f, 0xff, 0x0,
    0x0, 0x0, 0x0, 0x3, 0xff, 0xf8, 0x0, 0x0,
    0x0, 0x0, 0x3f, 0xff, 0xc0, 0x0, 0x0, 0x1,
    0x83, 0xff, 0xff, 0x0, 0x0, 0x1, 0xf8, 0x1f,
    0xff, 0xff, 0x0, 0x7, 0xff, 0x81, 0xff, 0xff,
    0xff, 0xff, 0xff, 0xf8, 0xf, 0xff, 0xff, 0xff,
    0xff, 0xff, 0x80, 0x7f, 0xff, 0xff, 0xff, 0xff,
    0xf8, 0x7, 0xff, 0xff, 0xff, 0xff, 0xff, 0x80,
    0x3f, 0xff, 0xff, 0xff, 0xff, 0xf8, 0x0, 0xff,
    0xff, 0xff, 0xff, 0xff, 0x80, 0x7, 0xff, 0xff,
    0xff, 0xff, 0xf8, 0x0, 0x3f, 0xff, 0xff, 0xff,
    0xff, 0x80, 0x0, 0xff, 0xff, 0xff, 0xff, 0xf0,
    0x0, 0x3, 0xff, 0xff, 0xff, 0xf8, 0x0, 0x0,
    0x7, 0xff, 0xff, 0xf8, 0x0, 0x0, 0x0, 0x3,
    0xff, 0xf0, 0x0, 0x0,

    /* U+0066 "f" */
    0x0, 0x0, 0x0, 0xff, 0xf0, 0x0, 0x0, 0xf,
    0xff, 0xfe, 0x0, 0x0, 0x3f, 0xff, 0xff, 0x0,
    0x0, 0xff, 0xff, 0xff, 0x0, 0x1, 0xff, 0xff,
    0xff, 0x0, 0x3, 0xff, 0xff, 0xff, 0x0, 0x7,
    0xff, 0xff, 0xff, 0x0, 0xf, 0xff, 0xff, 0xff,
    0x0, 0xf, 0xff, 0xff, 0xff, 0x0, 0x1f, 0xff,
    0xff, 0xff, 0x0, 0x1f, 0xff, 0xff, 0xff, 0x0,
    0x1f, 0xff, 0xff, 0xff, 0x0, 0x3f, 0xff, 0xf0,
    0x7, 0x0, 0x3f, 0xff, 0xc0, 0x0, 0x0, 0x3f,
    0xff, 0xc0, 0x0, 0x0, 0x3f, 0xff, 0x80, 0x0,
    0x0, 0x3f, 0xff, 0x80, 0x0, 0x0, 0x3f, 0xff,
    0x80, 0x0, 0x0, 0x3f, 0xff, 0x80, 0x0, 0x0,
    0x3f, 0xff, 0x80, 0x0, 0xff, 0xff, 0xff, 0xff,
    0xff, 0xff, 0xff, 0xff, 0xff, 0xff, 0xff, 0xff,
    0xff, 0xff, 0xff, 0xff, 0xff, 0xff, 0xff, 0xff,
    0xff, 0xff, 0xff, 0xff, 0xff, 0xff, 0xff, 0xff,
    0xff, 0xff, 0xff, 0xff, 0xff, 0xff, 0xff, 0xff,
    0xff, 0xff, 0xff, 0xff, 0xff, 0xff, 0xff, 0xff,
    0xff, 0xff, 0xff, 0xff, 0xff, 0xff, 0xff, 0xff,
    0xff, 0xff, 0xff, 0xff, 0xff, 0xff, 0xff, 0xff,
    0x0, 0x3f, 0xff, 0x80, 0x0, 0x0, 0x3f, 0xff,
    0x80, 0x0, 0x0, 0x3f, 0xff, 0x80, 0x0, 0x0,
    0x3f, 0xff, 0x80, 0x0, 0x0, 0x3f, 0xff, 0x80,
    0x0, 0x0, 0x3f, 0xff, 0x80, 0x0, 0x0, 0x3f,
    0xff, 0x80, 0x0, 0x0, 0x3f, 0xff, 0x80, 0x0,
    0x0, 0x3f, 0xff, 0x80, 0x0, 0x0, 0x3f, 0xff,
    0x80, 0x0, 0x0, 0x3f, 0xff, 0x80, 0x0, 0x0,
    0x3f, 0xff, 0x80, 0x0, 0x0, 0x3f, 0xff, 0x80,
    0x0, 0x0, 0x3f, 0xff, 0x80, 0x0, 0x0, 0x3f,
    0xff, 0x80, 0x0, 0x0, 0x3f, 0xff, 0x80, 0x0,
    0x0, 0x3f, 0xff, 0x80, 0x0, 0x0, 0x3f, 0xff,
    0x80, 0x0, 0x0, 0x3f, 0xff, 0x80, 0x0, 0x0,
    0x3f, 0xff, 0x80, 0x0, 0x0, 0x3f, 0xff, 0x80,
    0x0, 0x0, 0x3f, 0xff, 0x80, 0x0, 0x0, 0x3f,
    0xff, 0x80, 0x0, 0x0, 0x3f, 0xff, 0x80, 0x0,
    0x0, 0x3f, 0xff, 0x80, 0x0, 0x0, 0x3f, 0xff,
    0x80, 0x0, 0x0, 0x3f, 0xff, 0x80, 0x0, 0x0,
    0x3f, 0xff, 0x80, 0x0, 0x0, 0x3f, 0xff, 0x80,
    0x0, 0x0, 0x3f, 0xff, 0x80, 0x0, 0x0, 0x3f,
    0xff, 0x80, 0x0, 0x0, 0x3f, 0xff, 0x80, 0x0,
    0x0, 0x3f, 0xff, 0x80, 0x0, 0x0, 0x3f, 0xff,
    0x80, 0x0, 0x0, 0x3f, 0xff, 0x80, 0x0, 0x0,
    0x3f, 0xff, 0x80, 0x0, 0x0, 0x3f, 0xff, 0x80,
    0x0, 0x0, 0x3f, 0xff, 0x80, 0x0,

    /* U+0067 "g" */
    0x0, 0x0, 0xf, 0xff, 0x0, 0x0, 0x0, 0x0,
    0x1, 0xff, 0xff, 0xc0, 0x1f, 0xfc, 0x0, 0xf,
    0xff, 0xff, 0xf0, 0x7f, 0xf8, 0x0, 0x7f, 0xff,
    0xff, 0xf8, 0xff, 0xf0, 0x3, 0xff, 0xff, 0xff,
    0xfd, 0xff, 0xe0, 0xf, 0xff, 0xff, 0xff, 0xff,
    0xff, 0xc0, 0x7f, 0xff, 0xff, 0xff, 0xff, 0xff,
    0x81, 0xff, 0xff, 0xff, 0xff, 0xff, 0xff, 0x7,
    0xff, 0xff, 0xff, 0xff, 0xff, 0xfe, 0xf, 0xff,
    0xff, 0xff, 0xff, 0xff, 0xfc, 0x3f, 0xff, 0xff,
    0xff, 0xff, 0xff, 0xf8, 0xff, 0xff, 0xff, 0xff,
    0xff, 0xff, 0xf1, 0xff, 0xff, 0xf0, 0x7, 0xff,
    0xff, 0xe7, 0xff, 0xff, 0x0, 0x1, 0xff, 0xff,
    0xcf, 0xff, 0xfc, 0x0, 0x0, 0xff, 0xff, 0xbf,
    0xff, 0xe0, 0x0, 0x0, 0x7f, 0xff, 0x7f, 0xff,
    0xc0, 0x0, 0x0, 0xff, 0xfe, 0xff, 0xff, 0x0,
    0x0, 0x1, 0xff, 0xfd, 0xff, 0xfc, 0x0, 0x0,
    0x3, 0xff, 0xff, 0xff, 0xf8, 0x0, 0x0, 0x7,
    0xff, 0xff, 0xff, 0xf0, 0x0, 0x0, 0xf, 0xff,
    0xff, 0xff, 0xc0, 0x0, 0x0, 0x1f, 0xff, 0xff,
    0xff, 0x80, 0x0, 0x0, 0x3f, 0xff, 0xff, 0xff,
    0x0, 0x0, 0x0, 0x7f, 0xff, 0xff, 0xfe, 0x0,
    0x0, 0x0, 0xff, 0xff, 0xff, 0xfc, 0x0, 0x0,
    0x1, 0xff, 0xff, 0xff, 0xf8, 0x0, 0x0, 0x3,
    0xff, 0xff, 0xff, 0xf0, 0x0, 0x0, 0x7, 0xff,
    0xff, 0xff, 0xe0, 0x0, 0x0, 0xf, 0xff, 0xff,
    0xff, 0xc0, 0x0, 0x0, 0x1f, 0xff, 0xff, 0xff,
    0xc0, 0x0, 0x0, 0x3f, 0xff, 0xbf, 0xff, 0x80,
    0x0, 0x0, 0x7f, 0xff, 0x7f, 0xff, 0x0, 0x0,
    0x0, 0xff, 0xfe, 0xff, 0xff, 0x0, 0x0, 0x1,
    0xff, 0xfd, 0xff, 0xff, 0x0, 0x0, 0x3, 0xff,
    0xf9, 0xff, 0xff, 0x0, 0x0, 0x7, 0xff, 0xf3,
    0xff, 0xff, 0x0, 0x0, 0x3f, 0xff, 0xe3, 0xff,
    0xff, 0x80, 0x1, 0xff, 0xff, 0xc7, 0xff, 0xff,
    0xc0, 0x1f, 0xff, 0xff, 0x87, 0xff, 0xff, 0xff,
    0xff, 0xff, 0xff, 0xf, 0xff, 0xff, 0xff, 0xff,
    0xff, 0xfe, 0xf, 0xff, 0xff, 0xff, 0xff, 0xff,
    0xfc, 0xf, 0xff, 0xff, 0xff, 0xff, 0xff, 0xf8,
    0xf, 0xff, 0xff, 0xff, 0xff, 0xff, 0xf0, 0xf,
    0xff, 0xff, 0xff, 0xff, 0xff, 0xe0, 0xf, 0xff,
    0xff, 0xff, 0xff, 0xff, 0xc0, 0xf, 0xff, 0xff,
    0xff, 0xff, 0xff, 0x80, 0x7, 0xff, 0xff, 0xff,
    0x7f, 0xff, 0x0, 0x3, 0xff, 0xff, 0xf8, 0xff,
    0xfe, 0x0, 0x1, 0xff, 0xff, 0xc1, 0xff, 0xfc,
    0x0, 0x0, 0x3f, 0xf8, 0x3, 0xff, 0xf8, 0x0,
    0x0, 0x0, 0x0, 0xf, 0xff, 0xf0, 0x0, 0x0,
    0x0, 0x0, 0x1f, 0xff, 0xc0, 0x0, 0x0, 0x0,
    0x0, 0x7f, 0xff, 0x80, 0x0, 0x0, 0x0, 0x1,
    0xff, 0xff, 0x3, 0x80, 0x0, 0x0, 0x7, 0xff,
    0xfc, 0x7, 0xf0, 0x0, 0x0, 0x3f, 0xff, 0xf8,
    0xf, 0xff, 0x0, 0x7, 0xff, 0xff, 0xf0, 0x1f,
    0xff, 0xff, 0xff, 0xff, 0xff, 0xc0, 0x3f, 0xff,
    0xff, 0xff, 0xff, 0xff, 0x0, 0x7f, 0xff, 0xff,
    0xff, 0xff, 0xfe, 0x0, 0xff, 0xff, 0xff, 0xff,
    0xff, 0xf8, 0x1, 0xff, 0xff, 0xff, 0xff, 0xff,
    0xe0, 0x3, 0xff, 0xff, 0xff, 0xff, 0xff, 0x80,
    0x7, 0xff, 0xff, 0xff, 0xff, 0xfe, 0x0, 0xf,
    0xff, 0xff, 0xff, 0xff, 0xf0, 0x0, 0x1f, 0xff,
    0xff, 0xff, 0xff, 0x80, 0x0, 0xf, 0xff, 0xff,
    0xff, 0xfc, 0x0, 0x0, 0x1, 0xff, 0xff, 0xff,
    0xc0, 0x0, 0x0, 0x0, 0xf, 0xff, 0xf0, 0x0,
    0x0, 0x0,

    /* U+0068 "h" */
    0xff, 0xfe, 0x0, 0x0, 0x0, 0x0, 0xf, 0xff,
    0xe0, 0x0, 0x0, 0x0, 0x0, 0xff, 0xfe, 0x0,
    0x0, 0x0, 0x0, 0xf, 0xff, 0xe0, 0x0, 0x0,
    0x0, 0x0, 0xff, 0xfe, 0x0, 0x0, 0x0, 0x0,
    0xf, 0xff, 0xe0, 0x0, 0x0, 0x0, 0x0, 0xff,
    0xfe, 0x0, 0x0, 0x0, 0x0, 0xf, 0xff, 0xe0,
    0x0, 0x0, 0x0, 0x0, 0xff, 0xfe, 0x0, 0x0,
    0x0, 0x0, 0xf, 0xff, 0xe0, 0x0, 0x0, 0x0,
    0x0, 0xff, 0xfe, 0x0, 0x0, 0x0, 0x0, 0xf,
    0xff, 0xe0, 0x0, 0x0, 0x0, 0x0, 0xff, 0xfe,
    0x0, 0x0, 0x0, 0x0, 0xf, 0xff, 0xe0, 0x0,
    0x0, 0x0, 0x0, 0xff, 0xfe, 0x0, 0x0, 0x0,
    0x0, 0xf, 0xff, 0xe0, 0x0, 0x0, 0x0, 0x0,
    0xff, 0xfe, 0x0, 0xf, 0xfe, 0x0, 0xf, 0xff,
    0xe0, 0xf, 0xff, 0xfc, 0x0, 0xff, 0xfe, 0x7,
    0xff, 0xff, 0xf0, 0xf, 0xff, 0xe1, 0xff, 0xff,
    0xff, 0xc0, 0xff, 0xfe, 0x7f, 0xff, 0xff, 0xfe,
    0xf, 0xff, 0xff, 0xff, 0xff, 0xff, 0xf0, 0xff,
    0xff, 0xff, 0xff, 0xff, 0xff, 0x8f, 0xff, 0xff,
    0xff, 0xff, 0xff, 0xfc, 0xff, 0xff, 0xff, 0xff,
    0xff, 0xff, 0xcf, 0xff, 0xff, 0xff, 0xff, 0xff,
    0xfc, 0xff, 0xff, 0xff, 0xff, 0xff, 0xff, 0xef,
    0xff, 0xff, 0xff, 0xff, 0xff, 0xfe, 0xff, 0xff,
    0xff, 0x0, 0xff, 0xff, 0xef, 0xff, 0xff, 0x0,
    0x3, 0xff, 0xff, 0xff, 0xff, 0xc0, 0x0, 0x1f,
    0xff, 0xff, 0xff, 0xf8, 0x0, 0x0, 0xff, 0xff,
    0xff, 0xfe, 0x0, 0x0, 0xf, 0xff, 0xff, 0xff,
    0xe0, 0x0, 0x0, 0x7f, 0xff, 0xff, 0xfe, 0x0,
    0x0, 0x7, 0xff, 0xff, 0xff, 0xe0, 0x0, 0x0,
    0x7f, 0xff, 0xff, 0xfe, 0x0, 0x0, 0x7, 0xff,
    0xff, 0xff, 0xe0, 0x0, 0x0, 0x7f, 0xff, 0xff,
    0xfe, 0x0, 0x0, 0x7, 0xff, 0xff, 0xff, 0xe0,
    0x0, 0x0, 0x7f, 0xff, 0xff, 0xfe, 0x0, 0x0,
    0x7, 0xff, 0xff, 0xff, 0xe0, 0x0, 0x0, 0x7f,
    0xff, 0xff, 0xfe, 0x0, 0x0, 0x7, 0xff, 0xff,
    0xff, 0xe0, 0x0, 0x0, 0x7f, 0xff, 0xff, 0xfe,
    0x0, 0x0, 0x7, 0xff, 0xff, 0xff, 0xe0, 0x0,
    0x0, 0x7f, 0xff, 0xff, 0xfe, 0x0, 0x0, 0x7,
    0xff, 0xff, 0xff, 0xe0, 0x0, 0x0, 0x7f, 0xff,
    0xff, 0xfe, 0x0, 0x0, 0x7, 0xff, 0xff, 0xff,
    0xe0, 0x0, 0x0, 0x7f, 0xff, 0xff, 0xfe, 0x0,
    0x0, 0x7, 0xff, 0xff, 0xff, 0xe0, 0x0, 0x0,
    0x7f, 0xff, 0xff, 0xfe, 0x0, 0x0, 0x7, 0xff,
    0xff, 0xff, 0xe0, 0x0, 0x0, 0x7f, 0xff, 0xff,
    0xfe, 0x0, 0x0, 0x7, 0xff, 0xff, 0xff, 0xe0,
    0x0, 0x0, 0x7f, 0xff, 0xff, 0xfe, 0x0, 0x0,
    0x7, 0xff, 0xff, 0xff, 0xe0, 0x0, 0x0, 0x7f,
    0xff, 0xff, 0xfe, 0x0, 0x0, 0x7, 0xff, 0xff,
    0xff, 0xe0, 0x0, 0x0, 0x7f, 0xff, 0xff, 0xfe,
    0x0, 0x0, 0x7, 0xff, 0xff, 0xff, 0xe0, 0x0,
    0x0, 0x7f, 0xff, 0xff, 0xfe, 0x0, 0x0, 0x7,
    0xff, 0xff, 0xff, 0xe0, 0x0, 0x0, 0x7f, 0xff,
    0xff, 0xfe, 0x0, 0x0, 0x7, 0xff, 0xff, 0xff,
    0xe0, 0x0, 0x0, 0x7f, 0xff,

    /* U+0069 "i" */
    0xff, 0xff, 0xff, 0xff, 0xff, 0xff, 0xff, 0xff,
    0xff, 0xff, 0xff, 0xff, 0xff, 0xff, 0xff, 0xff,
    0xff, 0xff, 0xff, 0xff, 0xff, 0xff, 0xff, 0xff,
    0x0, 0x0, 0x0, 0x0, 0x0, 0x0, 0x0, 0x0,
    0x0, 0x0, 0x0, 0x0, 0x0, 0x0, 0x7f, 0xff,
    0x7f, 0xff, 0x7f, 0xff, 0x7f, 0xff, 0x7f, 0xff,
    0x7f, 0xff, 0x7f, 0xff, 0x7f, 0xff, 0x7f, 0xff,
    0x7f, 0xff, 0x7f, 0xff, 0x7f, 0xff, 0x7f, 0xff,
    0x7f, 0xff, 0x7f, 0xff, 0x7f, 0xff, 0x7f, 0xff,
    0x7f, 0xff, 0x7f, 0xff, 0x7f, 0xff, 0x7f, 0xff,
    0x7f, 0xff, 0x7f, 0xff, 0x7f, 0xff, 0x7f, 0xff,
    0x7f, 0xff, 0x7f, 0xff, 0x7f, 0xff, 0x7f, 0xff,
    0x7f, 0xff, 0x7f, 0xff, 0x7f, 0xff, 0x7f, 0xff,
    0x7f, 0xff, 0x7f, 0xff, 0x7f, 0xff, 0x7f, 0xff,
    0x7f, 0xff, 0x7f, 0xff, 0x7f, 0xff, 0x7f, 0xff,
    0x7f, 0xff, 0x7f, 0xff, 0x7f, 0xff, 0x7f, 0xff,
    0x7f, 0xff, 0x7f, 0xff, 0x7f, 0xff, 0x7f, 0xff,

    /* U+006A "j" */
    0x0, 0x0, 0x7f, 0xff, 0x80, 0x0, 0x3f, 0xff,
    0xc0, 0x0, 0x1f, 0xff, 0xe0, 0x0, 0xf, 0xff,
    0xf0, 0x0, 0x7, 0xff, 0xf8, 0x0, 0x3, 0xff,
    0xfc, 0x0, 0x1, 0xff, 0xfe, 0x0, 0x0, 0xff,
    0xff, 0x0, 0x0, 0x7f, 0xff, 0x80, 0x0, 0x3f,
    0xff, 0xc0, 0x0, 0x1f, 0xff, 0xe0, 0x0, 0xf,
    0xff, 0xf0, 0x0, 0x0, 0x0, 0x0, 0x0, 0x0,
    0x0, 0x0, 0x0, 0x0, 0x0, 0x0, 0x0, 0x0,
    0x0, 0x0, 0x0, 0x0, 0x0, 0x0, 0x0, 0x0,
    0x0, 0x0, 0x0, 0x0, 0x0, 0x0, 0x0, 0x0,
    0x7, 0xff, 0xf0, 0x0, 0x3, 0xff, 0xf8, 0x0,
    0x1, 0xff, 0xfc, 0x0, 0x0, 0xff, 0xfe, 0x0,
    0x0, 0x7f, 0xff, 0x0, 0x0, 0x3f, 0xff, 0x80,
    0x0, 0x1f, 0xff, 0xc0, 0x0, 0xf, 0xff, 0xe0,
    0x0, 0x7, 0xff, 0xf0, 0x0, 0x3, 0xff, 0xf8,
    0x0, 0x1, 0xff, 0xfc, 0x0, 0x0, 0xff, 0xfe,
    0x0, 0x0, 0x7f, 0xff, 0x0, 0x0, 0x3f, 0xff,
    0x80, 0x0, 0x1f, 0xff, 0xc0, 0x0, 0xf, 0xff,
    0xe0, 0x0, 0x7, 0xff, 0xf0, 0x0, 0x3, 0xff,
    0xf8, 0x0, 0x1, 0xff, 0xfc, 0x0, 0x0, 0xff,
    0xfe, 0x0, 0x0, 0x7f, 0xff, 0x0, 0x0, 0x3f,
    0xff, 0x80, 0x0, 0x1f, 0xff, 0xc0, 0x0, 0xf,
    0xff, 0xe0, 0x0, 0x7, 0xff, 0xf0, 0x0, 0x3,
    0xff, 0xf8, 0x0, 0x1, 0xff, 0xfc, 0x0, 0x0,
    0xff, 0xfe, 0x0, 0x0, 0x7f, 0xff, 0x0, 0x0,
    0x3f, 0xff, 0x80, 0x0, 0x1f, 0xff, 0xc0, 0x0,
    0xf, 0xff, 0xe0, 0x0, 0x7, 0xff, 0xf0, 0x0,
    0x3, 0xff, 0xf8, 0x0, 0x1, 0xff, 0xfc, 0x0,
    0x0, 0xff, 0xfe, 0x0, 0x0, 0x7f, 0xff, 0x0,
    0x0, 0x3f, 0xff, 0x80, 0x0, 0x1f, 0xff, 0xc0,
    0x0, 0xf, 0xff, 0xe0, 0x0, 0x7, 0xff, 0xf0,
    0x0, 0x3, 0xff, 0xf8, 0x0, 0x1, 0xff, 0xfc,
    0x0, 0x0, 0xff, 0xfe, 0x0, 0x0, 0x7f, 0xff,
    0x0, 0x0, 0x3f, 0xff, 0x80, 0x0, 0x1f, 0xff,
    0xc0, 0x0, 0xf, 0xff, 0xe0, 0x0, 0x7, 0xff,
    0xf0, 0x0, 0x3, 0xff, 0xf8, 0x0, 0x1, 0xff,
    0xfc, 0x0, 0x0, 0xff, 0xfe, 0x0, 0x0, 0x7f,
    0xff, 0x0, 0x0, 0x7f, 0xff, 0x80, 0x0, 0x3f,
    0xff, 0xe0, 0x0, 0x3f, 0xff, 0xff, 0x0, 0x7f,
    0xff, 0xff, 0xff, 0xff, 0xff, 0xf7, 0xff, 0xff,
    0xff, 0xfb, 0xff, 0xff, 0xff, 0xfd, 0xff, 0xff,
    0xff, 0xfc, 0xff, 0xff, 0xff, 0xfc, 0x7f, 0xff,
    0xff, 0xfe, 0x3f, 0xff, 0xff, 0xfe, 0x1f, 0xff,
    0xff, 0xfe, 0xf, 0xff, 0xff, 0xfc, 0x7, 0xff,
    0xff, 0xf8, 0x1, 0xff, 0xff, 0xf0, 0x0, 0x7,
    0xff, 0x80, 0x0,

    /* U+006B "k" */
    0xff, 0xfe, 0x0, 0x0, 0x0, 0x0, 0x3, 0xff,
    0xf8, 0x0, 0x0, 0x0, 0x0, 0xf, 0xff, 0xe0,
    0x0, 0x0, 0x0, 0x0, 0x3f, 0xff, 0x80, 0x0,
    0x0, 0x0, 0x0, 0xff, 0xfe, 0x0, 0x0, 0x0,
    0x0, 0x3, 0xff, 0xf8, 0x0, 0x0, 0x0, 0x0,
    0xf, 0xff, 0xe0, 0x0, 0x0, 0x0, 0x0, 0x3f,
    0xff, 0x80, 0x0, 0x0, 0x0, 0x0, 0xff, 0xfe,
    0x0, 0x0, 0x0, 0x0, 0x3, 0xff, 0xf8, 0x0,
    0x0, 0x0, 0x0, 0xf, 0xff, 0xe0, 0x0, 0x0,
    0x0, 0x0, 0x3f, 0xff, 0x80, 0x0, 0x0, 0x0,
    0x0, 0xff, 0xfe, 0x0, 0x0, 0x0, 0x0, 0x3,
    0xff, 0xf8, 0x0, 0x0, 0x0, 0x0, 0xf, 0xff,
    0xe0, 0x0, 0x0, 0x0, 0x0, 0x3f, 0xff, 0x80,
    0x0, 0x0, 0x0, 0x0, 0xff, 0xfe, 0x0, 0x0,
    0x0, 0x0, 0x3, 0xff, 0xf8, 0x0, 0x1, 0xff,
    0xff, 0x8f, 0xff, 0xe0, 0x0, 0x7, 0xff, 0xfc,
    0x3f, 0xff, 0x80, 0x0, 0x3f, 0xff, 0xe0, 0xff,
    0xfe, 0x0, 0x1, 0xff, 0xff, 0x3, 0xff, 0xf8,
    0x0, 0xf, 0xff, 0xf8, 0xf, 0xff, 0xe0, 0x0,
    0x7f, 0xff, 0xe0, 0x3f, 0xff, 0x80, 0x1, 0xff,
    0xff, 0x0, 0xff, 0xfe, 0x0, 0xf, 0xff, 0xf8,
    0x3, 0xff, 0xf8, 0x0, 0x7f, 0xff, 0xc0, 0xf,
    0xff, 0xe0, 0x3, 0xff, 0xfe, 0x0, 0x3f, 0xff,
    0x80, 0x1f, 0xff, 0xf0, 0x0, 0xff, 0xfe, 0x0,
    0x7f, 0xff, 0xc0, 0x3, 0xff, 0xf8, 0x3, 0xff,
    0xfe, 0x0, 0xf, 0xff, 0xe0, 0x1f, 0xff, 0xf0,
    0x0, 0x3f, 0xff, 0x80, 0x7f, 0xff, 0x80, 0x0,
    0xff, 0xfe, 0x3, 0xff, 0xfc, 0x0, 0x3, 0xff,
    0xf8, 0x1f, 0xff, 0xf0, 0x0, 0xf, 0xff, 0xe0,
    0x7f, 0xff, 0x80, 0x0, 0x3f, 0xff, 0x83, 0xff,
    0xfc, 0x0, 0x0, 0xff, 0xfe, 0x1f, 0xff, 0xe0,
    0x0, 0x3, 0xff, 0xf8, 0x7f, 0xff, 0x0, 0x0,
    0xf, 0xff, 0xe3, 0xff, 0xfc, 0x0, 0x0, 0x3f,
    0xff, 0x9f, 0xff, 0xe0, 0x0, 0x0, 0xff, 0xfe,
    0x7f, 0xff, 0x0, 0x0, 0x3, 0xff, 0xfb, 0xff,
    0xfe, 0x0, 0x0, 0xf, 0xff, 0xe7, 0xff, 0xfc,
    0x0, 0x0, 0x3f, 0xff, 0x8f, 0xff, 0xf8, 0x0,
    0x0, 0xff, 0xfe, 0x1f, 0xff, 0xf0, 0x0, 0x3,
    0xff, 0xf8, 0x3f, 0xff, 0xe0, 0x0, 0xf, 0xff,
    0xe0, 0x7f, 0xff, 0xc0, 0x0, 0x3f, 0xff, 0x80,
    0xff, 0xff, 0x80, 0x0, 0xff, 0xfe, 0x1, 0xff,
    0xff, 0x0, 0x3, 0xff, 0xf8, 0x7, 0xff, 0xfe,
    0x0, 0xf, 0xff, 0xe0, 0xf, 0xff, 0xfc, 0x0,
    0x3f, 0xff, 0x80, 0x1f, 0xff, 0xf0, 0x0, 0xff,
    0xfe, 0x0, 0x3f, 0xff, 0xe0, 0x3, 0xff, 0xf8,
    0x0, 0x7f, 0xff, 0xc0, 0xf, 0xff, 0xe0, 0x0,
    0xff, 0xff, 0x80, 0x3f, 0xff, 0x80, 0x1, 0xff,
    0xff, 0x0, 0xff, 0xfe, 0x0, 0x7, 0xff, 0xfe,
    0x3, 0xff, 0xf8, 0x0, 0xf, 0xff, 0xf8, 0xf,
    0xff, 0xe0, 0x0, 0x1f, 0xff, 0xf0, 0x3f, 0xff,
    0x80, 0x0, 0x3f, 0xff, 0xe0, 0xff, 0xfe, 0x0,
    0x0, 0xff, 0xff, 0xc3, 0xff, 0xf8, 0x0, 0x1,
    0xff, 0xff, 0x8f, 0xff, 0xe0, 0x0, 0x3, 0xff,
    0xfe, 0x3f, 0xff, 0x80, 0x0, 0x7, 0xff, 0xfc,
    0xff, 0xfe, 0x0, 0x0, 0x1f, 0xff, 0xfb, 0xff,
    0xf8, 0x0, 0x0, 0x3f, 0xff, 0xf0,

    /* U+006C "l" */
    0xff, 0xff, 0xff, 0xff, 0xff, 0xff, 0xff, 0xff,
    0xff, 0xff, 0xff, 0xff, 0xff, 0xff, 0xff, 0xff,
    0xff, 0xff, 0xff, 0xff, 0xff, 0xff, 0xff, 0xff,
    0xff, 0xff, 0xff, 0xff, 0xff, 0xff, 0xff, 0xff,
    0xff, 0xff, 0xff, 0xff, 0xff, 0xff, 0xff, 0xff,
    0xff, 0xff, 0xff, 0xff, 0xff, 0xff, 0xff, 0xff,
    0xff, 0xff, 0xff, 0xff, 0xff, 0xff, 0xff, 0xff,
    0xff, 0xff, 0xff, 0xff, 0xff, 0xff, 0xff, 0xff,
    0xff, 0xff, 0xff, 0xff, 0xff, 0xff, 0xff, 0xff,
    0xff, 0xff, 0xff, 0xff, 0xff, 0xff, 0xff, 0xff,
    0xff, 0xff, 0xff, 0xff, 0xff, 0xff, 0xff, 0xff,
    0xff, 0xff, 0xff, 0xff, 0xff, 0xff, 0xff, 0xff,
    0xff, 0xff, 0xff, 0xff, 0xff, 0xff, 0xff, 0xff,
    0xff, 0xff, 0xff, 0xff, 0xff, 0xff, 0xff, 0xff,
    0xff, 0xff, 0xff, 0xff, 0xff, 0xff, 0xff, 0xff,
    0xff, 0xff, 0xff, 0xfc,

    /* U+006D "m" */
    0x0, 0x0, 0x0, 0x3f, 0xf8, 0x0, 0x0, 0x7,
    0xff, 0x0, 0x7, 0xff, 0x80, 0xf, 0xff, 0xfc,
    0x0, 0x1, 0xff, 0xff, 0x80, 0x3f, 0xfe, 0x3,
    0xff, 0xff, 0xf0, 0x0, 0x7f, 0xff, 0xff, 0x1,
    0xff, 0xf0, 0x7f, 0xff, 0xff, 0xe0, 0xf, 0xff,
    0xff, 0xfc, 0xf, 0xff, 0x8f, 0xff, 0xff, 0xff,
    0x81, 0xff, 0xff, 0xff, 0xf0, 0x7f, 0xfc, 0xff,
    0xff, 0xff, 0xfe, 0x1f, 0xff, 0xff, 0xff, 0xc3,
    0xff, 0xff, 0xff, 0xff, 0xff, 0xfb, 0xff, 0xff,
    0xff, 0xff, 0x1f, 0xff, 0xff, 0xff, 0xff, 0xff,
    0xff, 0xff, 0xff, 0xff, 0xfc, 0xff, 0xff, 0xff,
    0xff, 0xff, 0xff, 0xff, 0xff, 0xff, 0xff, 0xe7,
    0xff, 0xff, 0xff, 0xff, 0xff, 0xff, 0xff, 0xff,
    0xff, 0xff, 0x3f, 0xff, 0xff, 0xff, 0xff, 0xff,
    0xff, 0xff, 0xff, 0xff, 0xfd, 0xff, 0xff, 0xff,
    0xff, 0xff, 0xff, 0xff, 0xff, 0xff, 0xff, 0xef,
    0xff, 0xff, 0xe0, 0x3f, 0xff, 0xff, 0xfc, 0x7,
    0xff, 0xff, 0x7f, 0xff, 0xf8, 0x0, 0x7f, 0xff,
    0xff, 0x0, 0xf, 0xff, 0xff, 0xff, 0xff, 0x0,
    0x1, 0xff, 0xff, 0xe0, 0x0, 0x3f, 0xff, 0xff,
    0xff, 0xf0, 0x0, 0x7, 0xff, 0xfc, 0x0, 0x0,
    0xff, 0xff, 0xff, 0xfe, 0x0, 0x0, 0x3f, 0xff,
    0xc0, 0x0, 0x7, 0xff, 0xff, 0xff, 0xf0, 0x0,
    0x0, 0xff, 0xfe, 0x0, 0x0, 0x1f, 0xff, 0xff,
    0xff, 0x80, 0x0, 0x7, 0xff, 0xf0, 0x0, 0x0,
    0xff, 0xff, 0xff, 0xfc, 0x0, 0x0, 0x3f, 0xff,
    0x80, 0x0, 0x7, 0xff, 0xff, 0xff, 0xe0, 0x0,
    0x1, 0xff, 0xfc, 0x0, 0x0, 0x3f, 0xff, 0xff,
    0xff, 0x0, 0x0, 0xf, 0xff, 0xe0, 0x0, 0x1,
    0xff, 0xff, 0xff, 0xf8, 0x0, 0x0, 0x7f, 0xff,
    0x0, 0x0, 0xf, 0xff, 0xff, 0xff, 0xc0, 0x0,
    0x3, 0xff, 0xf8, 0x0, 0x0, 0x7f, 0xff, 0xff,
    0xfe, 0x0, 0x0, 0x1f, 0xff, 0xc0, 0x0, 0x3,
    0xff, 0xff, 0xff, 0xf0, 0x0, 0x0, 0xff, 0xfe,
    0x0, 0x0, 0x1f, 0xff, 0xff, 0xff, 0x80, 0x0,
    0x7, 0xff, 0xf0, 0x0, 0x0, 0xff, 0xff, 0xff,
    0xfc, 0x0, 0x0, 0x3f, 0xff, 0x80, 0x0, 0x7,
    0xff, 0xff, 0xff, 0xe0, 0x0, 0x1, 0xff, 0xfc,
    0x0, 0x0, 0x3f, 0xff, 0xff, 0xff, 0x0, 0x0,
    0xf, 0xff, 0xe0, 0x0, 0x1, 0xff, 0xff, 0xff,
    0xf8, 0x0, 0x0, 0x7f, 0xff, 0x0, 0x0, 0xf,
    0xff, 0xff, 0xff, 0xc0, 0x0, 0x3, 0xff, 0xf8,
    0x0, 0x0, 0x7f, 0xff, 0xff, 0xfe, 0x0, 0x0,
    0x1f, 0xff, 0xc0, 0x0, 0x3, 0xff, 0xff, 0xff,
    0xf0, 0x0, 0x0, 0xff, 0xfe, 0x0, 0x0, 0x1f,
    0xff, 0xff, 0xff, 0x80, 0x0, 0x7, 0xff, 0xf0,
    0x0, 0x0, 0xff, 0xff, 0xff, 0xfc, 0x0, 0x0,
    0x3f, 0xff, 0x80, 0x0, 0x7, 0xff, 0xff, 0xff,
    0xe0, 0x0, 0x1, 0xff, 0xfc, 0x0, 0x0, 0x3f,
    0xff, 0xff, 0xff, 0x0, 0x0, 0xf, 0xff, 0xe0,
    0x0, 0x1, 0xff, 0xff, 0xff, 0xf8, 0x0, 0x0,
    0x7f, 0xff, 0x0, 0x0, 0xf, 0xff, 0xff, 0xff,
    0xc0, 0x0, 0x3, 0xff, 0xf8, 0x0, 0x0, 0x7f,
    0xff, 0xff, 0xfe, 0x0, 0x0, 0x1f, 0xff, 0xc0,
    0x0, 0x3, 0xff, 0xff, 0xff, 0xf0, 0x0, 0x0,
    0xff, 0xfe, 0x0, 0x0, 0x1f, 0xff, 0xff, 0xff,
    0x80, 0x0, 0x7, 0xff, 0xf0, 0x0, 0x0, 0xff,
    0xff, 0xff, 0xfc, 0x0, 0x0, 0x3f, 0xff, 0x80,
    0x0, 0x7, 0xff, 0xff, 0xff, 0xe0, 0x0, 0x1,
    0xff, 0xfc, 0x0, 0x0, 0x3f, 0xff, 0xff, 0xff,
    0x0, 0x0, 0xf, 0xff, 0xe0, 0x0, 0x1, 0xff,
    0xff, 0xff, 0xf8, 0x0, 0x0, 0x7f, 0xff, 0x0,
    0x0, 0xf, 0xff, 0xff, 0xff, 0xc0, 0x0, 0x3,
    0xff, 0xf8, 0x0, 0x0, 0x7f, 0xff, 0xff, 0xfe,
    0x0, 0x0, 0x1f, 0xff, 0xc0, 0x0, 0x3, 0xff,
    0xff, 0xff, 0xf0, 0x0, 0x0, 0xff, 0xfe, 0x0,
    0x0, 0x1f, 0xff, 0xc0,

    /* U+006E "n" */
    0x0, 0x0, 0x0, 0xf, 0xfe, 0x0, 0xf, 0xff,
    0x0, 0xf, 0xff, 0xfc, 0x0, 0xff, 0xf8, 0x7,
    0xff, 0xff, 0xf8, 0xf, 0xff, 0x81, 0xff, 0xff,
    0xff, 0xc0, 0xff, 0xf8, 0x7f, 0xff, 0xff, 0xfe,
    0xf, 0xff, 0x9f, 0xff, 0xff, 0xff, 0xf0, 0xff,
    0xff, 0xff, 0xff, 0xff, 0xff, 0x8f, 0xff, 0xff,
    0xff, 0xff, 0xff, 0xfc, 0xff, 0xff, 0xff, 0xff,
    0xff, 0xff, 0xcf, 0xff, 0xff, 0xff, 0xff, 0xff,
    0xfc, 0xff, 0xff, 0xff, 0xff, 0xff, 0xff, 0xef,
    0xff, 0xff, 0xff, 0xff, 0xff, 0xfe, 0xff, 0xff,
    0xff, 0x0, 0xff, 0xff, 0xef, 0xff, 0xff, 0x80,
    0x3, 0xff, 0xff, 0xff, 0xff, 0xc0, 0x0, 0x1f,
    0xff, 0xff, 0xff, 0xf8, 0x0, 0x0, 0xff, 0xff,
    0xff, 0xfe, 0x0, 0x0, 0xf, 0xff, 0xff, 0xff,
    0xe0, 0x0, 0x0, 0x7f, 0xff, 0xff, 0xfe, 0x0,
    0x0, 0x7, 0xff, 0xff, 0xff, 0xe0, 0x0, 0x0,
    0x7f, 0xff, 0xff, 0xfe, 0x0, 0x0, 0x7, 0xff,
    0xff, 0xff, 0xe0, 0x0, 0x0, 0x7f, 0xff, 0xff,
    0xfe, 0x0, 0x0, 0x7, 0xff, 0xff, 0xff, 0xe0,
    0x0, 0x0, 0x7f, 0xff, 0xff, 0xfe, 0x0, 0x0,
    0x7, 0xff, 0xff, 0xff, 0xe0, 0x0, 0x0, 0x7f,
    0xff, 0xff, 0xfe, 0x0, 0x0, 0x7, 0xff, 0xff,
    0xff, 0xe0, 0x0, 0x0, 0x7f, 0xff, 0xff, 0xfe,
    0x0, 0x0, 0x7, 0xff, 0xff, 0xff, 0xe0, 0x0,
    0x0, 0x7f, 0xff, 0xff, 0xfe, 0x0, 0x0, 0x7,
    0xff, 0xff, 0xff, 0xe0, 0x0, 0x0, 0x7f, 0xff,
    0xff, 0xfe, 0x0, 0x0, 0x7, 0xff, 0xff, 0xff,
    0xe0, 0x0, 0x0, 0x7f, 0xff, 0xff, 0xfe, 0x0,
    0x0, 0x7, 0xff, 0xff, 0xff, 0xe0, 0x0, 0x0,
    0x7f, 0xff, 0xff, 0xfe, 0x0, 0x0, 0x7, 0xff,
    0xff, 0xff, 0xe0, 0x0, 0x0, 0x7f, 0xff, 0xff,
    0xfe, 0x0, 0x0, 0x7, 0xff, 0xff, 0xff, 0xe0,
    0x0, 0x0, 0x7f, 0xff, 0xff, 0xfe, 0x0, 0x0,
    0x7, 0xff, 0xff, 0xff, 0xe0, 0x0, 0x0, 0x7f,
    0xff, 0xff, 0xfe, 0x0, 0x0, 0x7, 0xff, 0xff,
    0xff, 0xe0, 0x0, 0x0, 0x7f, 0xff, 0xff, 0xfe,
    0x0, 0x0, 0x7, 0xff, 0xff, 0xff, 0xe0, 0x0,
    0x0, 0x7f, 0xff, 0xff, 0xfe, 0x0, 0x0, 0x7,
    0xff, 0xff, 0xff, 0xe0, 0x0, 0x0, 0x7f, 0xff,
    0xff, 0xfe, 0x0, 0x0, 0x7, 0xff, 0xff, 0xff,
    0xe0, 0x0, 0x0, 0x7f, 0xff,

    /* U+006F "o" */
    0x0, 0x0, 0x3, 0xff, 0xe0, 0x0, 0x0, 0x0,
    0x0, 0x7f, 0xff, 0xfe, 0x0, 0x0, 0x0, 0x3,
    0xff, 0xff, 0xff, 0xc0, 0x0, 0x0, 0xf, 0xff,
    0xff, 0xff, 0xf0, 0x0, 0x0, 0x1f, 0xff, 0xff,
    0xff, 0xf8, 0x0, 0x0, 0x7f, 0xff, 0xff, 0xff,
    0xfe, 0x0, 0x0, 0xff, 0xff, 0xff, 0xff, 0xff,
    0x0, 0x1, 0xff, 0xff, 0xff, 0xff, 0xff, 0x80,
    0x3, 0xff, 0xff, 0xff, 0xff, 0xff, 0xc0, 0x7,
    0xff, 0xff, 0xff, 0xff, 0xff, 0xe0, 0xf, 0xff,
    0xff, 0xff, 0xff, 0xff, 0xf0, 0xf, 0xff, 0xff,
    0xff, 0xff, 0xff, 0xf0, 0x1f, 0xff, 0xff, 0x0,
    0xff, 0xff, 0xf8, 0x3f, 0xff, 0xf8, 0x0, 0x3f,
    0xff, 0xf8, 0x3f, 0xff, 0xf0, 0x0, 0xf, 0xff,
    0xfc, 0x3f, 0xff, 0xe0, 0x0, 0x7, 0xff, 0xfc,
    0x7f, 0xff, 0xc0, 0x0, 0x3, 0xff, 0xfe, 0x7f,
    0xff, 0x80, 0x0, 0x1, 0xff, 0xfe, 0x7f, 0xff,
    0x0, 0x0, 0x0, 0xff, 0xfe, 0x7f, 0xff, 0x0,
    0x0, 0x0, 0xff, 0xfe, 0xff, 0xff, 0x0, 0x0,
    0x0, 0xff, 0xff, 0xff, 0xfe, 0x0, 0x0, 0x0,
    0x7f, 0xff, 0xff, 0xfe, 0x0, 0x0, 0x0, 0x7f,
    0xff, 0xff, 0xfe, 0x0, 0x0, 0x0, 0x7f, 0xff,
    0xff, 0xfe, 0x0, 0x0, 0x0, 0x7f, 0xff, 0xff,
    0xfe, 0x0, 0x0, 0x0, 0x7f, 0xff, 0xff, 0xfe,
    0x0, 0x0, 0x0, 0x7f, 0xff, 0xff, 0xfe, 0x0,
    0x0, 0x0, 0x7f, 0xff, 0xff, 0xfe, 0x0, 0x0,
    0x0, 0x7f, 0xff, 0xff, 0xfe, 0x0, 0x0, 0x0,
    0xff, 0xff, 0xff, 0xff, 0x0, 0x0, 0x0, 0xff,
    0xff, 0xff, 0xff, 0x0, 0x0, 0x0, 0xff, 0xfe,
    0x7f, 0xff, 0x80, 0x0, 0x1, 0xff, 0xfe, 0x7f,
    0xff, 0x80, 0x0, 0x1, 0xff, 0xfe, 0x7f, 0xff,
    0xc0, 0x0, 0x3, 0xff, 0xfe, 0x3f, 0xff, 0xe0,
    0x0, 0x7, 0xff, 0xfc, 0x3f, 0xff, 0xf0, 0x0,
    0xf, 0xff, 0xfc, 0x3f, 0xff, 0xfc, 0x0, 0x1f,
    0xff, 0xfc, 0x1f, 0xff, 0xff, 0x0, 0xff, 0xff,
    0xf8, 0x1f, 0xff, 0xff, 0xff, 0xff, 0xff, 0xf0,
    0xf, 0xff, 0xff, 0xff, 0xff, 0xff, 0xf0, 0x7,
    0xff, 0xff, 0xff, 0xff, 0xff, 0xe0, 0x3, 0xff,
    0xff, 0xff, 0xff, 0xff, 0xc0, 0x1, 0xff, 0xff,
    0xff, 0xff, 0xff, 0x80, 0x0, 0xff, 0xff, 0xff,
    0xff, 0xff, 0x0, 0x0, 0x7f, 0xff, 0xff, 0xff,
    0xfe, 0x0, 0x0, 0x3f, 0xff, 0xff, 0xff, 0xfc,
    0x0, 0x0, 0xf, 0xff, 0xff, 0xff, 0xf0, 0x0,
    0x0, 0x3, 0xff, 0xff, 0xff, 0xc0, 0x0, 0x0,
    0x0, 0x7f, 0xff, 0xfe, 0x0, 0x0, 0x0, 0x0,
    0x7, 0xff, 0xc0, 0x0, 0x0,

    /* U+0070 "p" */
    0x0, 0x0, 0x1, 0xff, 0xe0, 0x0, 0x1, 0xff,
    0xc0, 0x3f, 0xff, 0xfc, 0x0, 0x3, 0xff, 0xc1,
    0xff, 0xff, 0xfe, 0x0, 0x7, 0xff, 0x9f, 0xff,
    0xff, 0xff, 0x0, 0xf, 0xff, 0xff, 0xff, 0xff,
    0xff, 0x80, 0x1f, 0xff, 0xff, 0xff, 0xff, 0xff,
    0x80, 0x3f, 0xff, 0xff, 0xff, 0xff, 0xff, 0xc0,
    0x7f, 0xff, 0xff, 0xff, 0xff, 0xff, 0xc0, 0xff,
    0xff, 0xff, 0xff, 0xff, 0xff, 0xc1, 0xff, 0xff,
    0xff, 0xff, 0xff, 0xff, 0x83, 0xff, 0xff, 0xff,
    0xff, 0xff, 0xff, 0x87, 0xff, 0xff, 0xff, 0xff,
    0xff, 0xff, 0x8f, 0xff, 0xff, 0xc0, 0x1f, 0xff,
    0xff, 0x1f, 0xff, 0xf8, 0x0, 0x7, 0xff, 0xff,
    0x3f, 0xff, 0xc0, 0x0, 0x7, 0xff, 0xfe, 0x7f,
    0xff, 0x0, 0x0, 0x3, 0xff, 0xfe, 0xff, 0xfe,
    0x0, 0x0, 0x7, 0xff, 0xfd, 0xff, 0xfc, 0x0,
    0x0, 0x7, 0xff, 0xfb, 0xff, 0xf8, 0x0, 0x0,
    0x7, 0xff, 0xf7, 0xff, 0xf0, 0x0, 0x0, 0xf,
    0xff, 0xff, 0xff, 0xe0, 0x0, 0x0, 0x1f, 0xff,
    0xff, 0xff, 0xc0, 0x0, 0x0, 0x1f, 0xff, 0xff,
    0xff, 0x80, 0x0, 0x0, 0x3f, 0xff, 0xff, 0xff,
    0x0, 0x0, 0x0, 0x7f, 0xff, 0xff, 0xfe, 0x0,
    0x0, 0x0, 0xff, 0xff, 0xff, 0xfc, 0x0, 0x0,
    0x1, 0xff, 0xff, 0xff, 0xf8, 0x0, 0x0, 0x3,
    0xff, 0xff, 0xff, 0xf0, 0x0, 0x0, 0x7, 0xff,
    0xff, 0xff, 0xe0, 0x0, 0x0, 0xf, 0xff, 0xff,
    0xff, 0xc0, 0x0, 0x0, 0x3f, 0xff, 0xff, 0xff,
    0x80, 0x0, 0x0, 0x7f, 0xff, 0xff, 0xff, 0x0,
    0x0, 0x0, 0xff, 0xfe, 0xff, 0xfe, 0x0, 0x0,
    0x3, 0xff, 0xfd, 0xff, 0xfc, 0x0, 0x0, 0x7,
    0xff, 0xfb, 0xff, 0xf8, 0x0, 0x0, 0x1f, 0xff,
    0xf7, 0xff, 0xf0, 0x0, 0x0, 0x7f, 0xff, 0xcf,
    0xff, 0xf0, 0x0, 0x1, 0xff, 0xff, 0x9f, 0xff,
    0xf8, 0x0, 0xf, 0xff, 0xfe, 0x3f, 0xff, 0xfe,
    0x0, 0x7f, 0xff, 0xfc, 0x7f, 0xff, 0xff, 0xff,
    0xff, 0xff, 0xf0, 0xff, 0xff, 0xff, 0xff, 0xff,
    0xff, 0xc1, 0xff, 0xff, 0xff, 0xff, 0xff, 0xff,
    0x83, 0xff, 0xff, 0xff, 0xff, 0xff, 0xfe, 0x7,
    0xff, 0xff, 0xff, 0xff, 0xff, 0xf8, 0xf, 0xff,
    0xff, 0xff, 0xff, 0xff, 0xe0, 0x1f, 0xff, 0xff,
    0xff, 0xff, 0xff, 0x80, 0x3f, 0xff, 0xff, 0xff,
    0xff, 0xfc, 0x0, 0x7f, 0xff, 0xff, 0xff, 0xff,
    0xf0, 0x0, 0xff, 0xfe, 0xff, 0xff, 0xff, 0x80,
    0x1, 0xff, 0xfc, 0x3f, 0xff, 0xf8, 0x0, 0x3,
    0xff, 0xf8, 0x7, 0xff, 0x0, 0x0, 0x7, 0xff,
    0xf0, 0x0, 0x0, 0x0, 0x0, 0xf, 0xff, 0xe0,
    0x0, 0x0, 0x0, 0x0, 0x1f, 0xff, 0xc0, 0x0,
    0x0, 0x0, 0x0, 0x3f, 0xff, 0x80, 0x0, 0x0,
    0x0, 0x0, 0x7f, 0xff, 0x0, 0x0, 0x0, 0x0,
    0x0, 0xff, 0xfe, 0x0, 0x0, 0x0, 0x0, 0x1,
    0xff, 0xfc, 0x0, 0x0, 0x0, 0x0, 0x3, 0xff,
    0xf8, 0x0, 0x0, 0x0, 0x0, 0x7, 0xff, 0xf0,
    0x0, 0x0, 0x0, 0x0, 0xf, 0xff, 0xe0, 0x0,
    0x0, 0x0, 0x0, 0x1f, 0xff, 0xc0, 0x0, 0x0,
    0x0, 0x0, 0x3f, 0xff, 0x80, 0x0, 0x0, 0x0,
    0x0, 0x7f, 0xff, 0x0, 0x0, 0x0, 0x0, 0x0,
    0xff, 0xfe, 0x0, 0x0, 0x0, 0x0, 0x1, 0xff,
    0xfc, 0x0, 0x0, 0x0, 0x0, 0x3, 0xff, 0xf8,
    0x0, 0x0, 0x0, 0x0, 0x7, 0xff, 0xf0, 0x0,
    0x0, 0x0, 0x0, 0xf, 0xff, 0xe0, 0x0, 0x0,
    0x0, 0x0, 0x0,

    /* U+0071 "q" */
    0x0, 0x0, 0xf, 0xff, 0x0, 0x0, 0x0, 0x0,
    0x1, 0xff, 0xff, 0xe0, 0x1f, 0xfc, 0x0, 0xf,
    0xff, 0xff, 0xf0, 0x7f, 0xf8, 0x0, 0x7f, 0xff,
    0xff, 0xf8, 0xff, 0xf0, 0x3, 0xff, 0xff, 0xff,
    0xfd, 0xff, 0xe0, 0xf, 0xff, 0xff, 0xff, 0xff,
    0xff, 0xc0, 0x7f, 0xff, 0xff, 0xff, 0xff, 0xff,
    0x81, 0xff, 0xff, 0xff, 0xff, 0xff, 0xff, 0x7,
    0xff, 0xff, 0xff, 0xff, 0xff, 0xfe, 0xf, 0xff,
    0xff, 0xff, 0xff, 0xff, 0xfc, 0x3f, 0xff, 0xff,
    0xff, 0xff, 0xff, 0xf8, 0xff, 0xff, 0xff, 0xff,
    0xff, 0xff, 0xf1, 0xff, 0xff, 0xf0, 0x7, 0xff,
    0xff, 0xe7, 0xff, 0xff, 0x0, 0x1, 0xff, 0xff,
    0xcf, 0xff, 0xfc, 0x0, 0x0, 0xff, 0xff, 0xbf,
    0xff, 0xe0, 0x0, 0x0, 0x7f, 0xff, 0x7f, 0xff,
    0xc0, 0x0, 0x0, 0xff, 0xfe, 0xff, 0xff, 0x0,
    0x0, 0x1, 0xff, 0xfd, 0xff, 0xfc, 0x0, 0x0,
    0x3, 0xff, 0xff, 0xff, 0xf8, 0x0, 0x0, 0x7,
    0xff, 0xff, 0xff, 0xf0, 0x0, 0x0, 0xf, 0xff,
    0xff, 0xff, 0xc0, 0x0, 0x0, 0x1f, 0xff, 0xff,
    0xff, 0x80, 0x0, 0x0, 0x3f, 0xff, 0xff, 0xff,
    0x0, 0x0, 0x0, 0x7f, 0xff, 0xff, 0xfe, 0x0,
    0x0, 0x0, 0xff, 0xff, 0xff, 0xfc, 0x0, 0x0,
    0x1, 0xff, 0xff, 0xff, 0xf8, 0x0, 0x0, 0x3,
    0xff, 0xff, 0xff, 0xf0, 0x0, 0x0, 0x7, 0xff,
    0xff, 0xff, 0xe0, 0x0, 0x0, 0xf, 0xff, 0xff,
    0xff, 0xc0, 0x0, 0x0, 0x1f, 0xff, 0xff, 0xff,
    0xc0, 0x0, 0x0, 0x3f, 0xff, 0xbf, 0xff, 0x80,
    0x0, 0x0, 0x7f, 0xff, 0x7f, 0xff, 0x0, 0x0,
    0x0, 0xff, 0xfe, 0xff, 0xff, 0x0, 0x0, 0x1,
    0xff, 0xfd, 0xff, 0xff, 0x0, 0x0, 0x3, 0xff,
    0xf9, 0xff, 0xff, 0x0, 0x0, 0x7, 0xff, 0xf3,
    0xff, 0xff, 0x0, 0x0, 0x3f, 0xff, 0xe3, 0xff,
    0xff, 0x80, 0x1, 0xff, 0xff, 0xc7, 0xff, 0xff,
    0xc0, 0x1f, 0xff, 0xff, 0x87, 0xff, 0xff, 0xff,
    0xff, 0xff, 0xff, 0xf, 0xff, 0xff, 0xff, 0xff,
    0xff, 0xfe, 0xf, 0xff, 0xff, 0xff, 0xff, 0xff,
    0xfc, 0xf, 0xff, 0xff, 0xff, 0xff, 0xff, 0xf8,
    0xf, 0xff, 0xff, 0xff, 0xff, 0xff, 0xf0, 0xf,
    0xff, 0xff, 0xff, 0xff, 0xff, 0xe0, 0xf, 0xff,
    0xff, 0xff, 0xff, 0xff, 0xc0, 0xf, 0xff, 0xff,
    0xff, 0xff, 0xff, 0x80, 0x7, 0xff, 0xff, 0xff,
    0x7f, 0xff, 0x0, 0x3, 0xff, 0xff, 0xf8, 0xff,
    0xfe, 0x0, 0x1, 0xff, 0xff, 0xc1, 0xff, 0xfc,
    0x0, 0x0, 0x3f, 0xf8, 0x3, 0xff, 0xf8, 0x0,
    0x0, 0x0, 0x0, 0x7, 0xff, 0xf0, 0x0, 0x0,
    0x0, 0x0, 0xf, 0xff, 0xe0, 0x0, 0x0, 0x0,
    0x0, 0x1f, 0xff, 0xc0, 0x0, 0x0, 0x0, 0x0,
    0x3f, 0xff, 0x80, 0x0, 0x0, 0x0, 0x0, 0x7f,
    0xff, 0x0, 0x0, 0x0, 0x0, 0x0, 0xff, 0xfe,
    0x0, 0x0, 0x0, 0x0, 0x1, 0xff, 0xfc, 0x0,
    0x0, 0x0, 0x0, 0x3, 0xff, 0xf8, 0x0, 0x0,
    0x0, 0x0, 0x7, 0xff, 0xf0, 0x0, 0x0, 0x0,
    0x0, 0xf, 0xff, 0xe0, 0x0, 0x0, 0x0, 0x0,
    0x1f, 0xff, 0xc0, 0x0, 0x0, 0x0, 0x0, 0x3f,
    0xff, 0x80, 0x0, 0x0, 0x0, 0x0, 0x7f, 0xff,
    0x0, 0x0, 0x0, 0x0, 0x0, 0xff, 0xfe, 0x0,
    0x0, 0x0, 0x0, 0x1, 0xff, 0xfc, 0x0, 0x0,
    0x0, 0x0, 0x3, 0xff, 0xf8, 0x0, 0x0, 0x0,
    0x0, 0x7, 0xff, 0xf0, 0x0, 0x0, 0x0, 0x0,
    0xf, 0xff, 0xe0,

    /* U+0072 "r" */
    0x0, 0x0, 0x0, 0x1f, 0xff, 0xf8, 0x0, 0xff,
    0xff, 0xfe, 0x3, 0xff, 0xff, 0xff, 0x7, 0xff,
    0xff, 0xff, 0x8f, 0xff, 0xff, 0xff, 0xef, 0xff,
    0xff, 0xff, 0xff, 0xff, 0xff, 0xff, 0xff, 0xff,
    0xff, 0xff, 0xff, 0xff, 0xff, 0xff, 0xff, 0xff,
    0xff, 0xff, 0xff, 0xff, 0xff, 0xff, 0xff, 0xff,
    0xff, 0xff, 0xff, 0xff, 0xff, 0xff, 0xff, 0xff,
    0xff, 0x3, 0xff, 0xff, 0xf8, 0x1, 0xff, 0xff,
    0xe0, 0x0, 0xff, 0xff, 0xc0, 0x0, 0x7f, 0xff,
    0x80, 0x0, 0x3f, 0xff, 0x80, 0x0, 0x1f, 0xff,
    0xc0, 0x0, 0xf, 0xff, 0xe0, 0x0, 0x7, 0xff,
    0xf0, 0x0, 0x3, 0xff, 0xf8, 0x0, 0x1, 0xff,
    0xfc, 0x0, 0x0, 0xff, 0xfe, 0x0, 0x0, 0x7f,
    0xff, 0x0, 0x0, 0x3f, 0xff, 0x80, 0x0, 0x1f,
    0xff, 0xc0, 0x0, 0xf, 0xff, 0xe0, 0x0, 0x7,
    0xff, 0xf0, 0x0, 0x3, 0xff, 0xf8, 0x0, 0x1,
    0xff, 0xfc, 0x0, 0x0, 0xff, 0xfe, 0x0, 0x0,
    0x7f, 0xff, 0x0, 0x0, 0x3f, 0xff, 0x80, 0x0,
    0x1f, 0xff, 0xc0, 0x0, 0xf, 0xff, 0xe0, 0x0,
    0x7, 0xff, 0xf0, 0x0, 0x3, 0xff, 0xf8, 0x0,
    0x1, 0xff, 0xfc, 0x0, 0x0, 0xff, 0xfe, 0x0,
    0x0, 0x7f, 0xff, 0x0, 0x0, 0x3f, 0xff, 0x80,
    0x0, 0x1f, 0xff, 0xc0, 0x0, 0xf, 0xff, 0xe0,
    0x0, 0x7, 0xff, 0xf0, 0x0, 0x3, 0xff, 0xf8,
    0x0, 0x1, 0xff, 0xfc, 0x0, 0x0, 0xff, 0xfe,
    0x0, 0x0, 0x7f, 0xff, 0x0, 0x0, 0x0,

    /* U+0073 "s" */
    0x0, 0x0, 0x7f, 0xff, 0x0, 0x0, 0x0, 0x3f,
    0xff, 0xff, 0xe0, 0x0, 0x7, 0xff, 0xff, 0xff,
    0xf8, 0x0, 0x7f, 0xff, 0xff, 0xff, 0xf8, 0x7,
    0xff, 0xff, 0xff, 0xff, 0xe0, 0x3f, 0xff, 0xff,
    0xff, 0xff, 0x81, 0xff, 0xff, 0xff, 0xff, 0xfe,
    0xf, 0xff, 0xff, 0xff, 0xff, 0xf8, 0x7f, 0xff,
    0xff, 0xff, 0xff, 0xe1, 0xff, 0xff, 0xff, 0xff,
    0xff, 0x87, 0xff, 0xff, 0xff, 0xff, 0xfe, 0x3f,
    0xff, 0xff, 0xff, 0xff, 0xf8, 0xff, 0xff, 0xc0,
    0x0, 0xff, 0xe3, 0xff, 0xf8, 0x0, 0x0, 0x1f,
    0x8f, 0xff, 0xc0, 0x0, 0x0, 0x6, 0x3f, 0xff,
    0x0, 0x0, 0x0, 0x0, 0xff, 0xfc, 0x0, 0x0,
    0x0, 0x3, 0xff, 0xf8, 0x0, 0x0, 0x0, 0xf,
    0xff, 0xfe, 0x0, 0x0, 0x0, 0x1f, 0xff, 0xff,
    0xc0, 0x0, 0x0, 0x7f, 0xff, 0xff, 0xf0, 0x0,
    0x1, 0xff, 0xff, 0xff, 0xfe, 0x0, 0x3, 0xff,
    0xff, 0xff, 0xff, 0x0, 0x7, 0xff, 0xff, 0xff,
    0xff, 0x0, 0xf, 0xff, 0xff, 0xff, 0xff, 0x0,
    0x1f, 0xff, 0xff, 0xff, 0xff, 0x0, 0x3f, 0xff,
    0xff, 0xff, 0xfe, 0x0, 0x1f, 0xff, 0xff, 0xff,
    0xfc, 0x0, 0xf, 0xff, 0xff, 0xff, 0xf0, 0x0,
    0x1, 0xff, 0xff, 0xff, 0xe0, 0x0, 0x0, 0x3f,
    0xff, 0xff, 0x80, 0x0, 0x0, 0xf, 0xff, 0xff,
    0x0, 0x0, 0x0, 0x7, 0xff, 0xfc, 0x0, 0x0,
    0x0, 0xf, 0xff, 0xf0, 0x0, 0x0, 0x0, 0x1f,
    0xff, 0xc0, 0x0, 0x0, 0x0, 0x7f, 0xff, 0x60,
    0x0, 0x0, 0x1, 0xff, 0xfd, 0xfc, 0x0, 0x0,
    0xf, 0xff, 0xf7, 0xff, 0x80, 0x1, 0xff, 0xff,
    0xdf, 0xff, 0xff, 0xff, 0xff, 0xfe, 0x7f, 0xff,
    0xff, 0xff, 0xff, 0xf9, 0xff, 0xff, 0xff, 0xff,
    0xff, 0xe7, 0xff, 0xff, 0xff, 0xff, 0xff, 0x1f,
    0xff, 0xff, 0xff, 0xff, 0xf8, 0x7f, 0xff, 0xff,
    0xff, 0xff, 0xc1, 0xff, 0xff, 0xff, 0xff, 0xfe,
    0x7, 0xff, 0xff, 0xff, 0xff, 0xf0, 0x1f, 0xff,
    0xff, 0xff, 0xff, 0x80, 0x1f, 0xff, 0xff, 0xff,
    0xf8, 0x0, 0x3, 0xff, 0xff, 0xff, 0x0, 0x0,
    0x0, 0x3f, 0xff, 0x80, 0x0, 0x0,

    /* U+0074 "t" */
    0x0, 0x3f, 0xfe, 0x0, 0x0, 0x0, 0xff, 0xf8,
    0x0, 0x0, 0x3, 0xff, 0xe0, 0x0, 0x0, 0xf,
    0xff, 0x80, 0x0, 0x0, 0x3f, 0xfe, 0x0, 0x0,
    0x0, 0xff, 0xf8, 0x0, 0x0, 0x7, 0xff, 0xe0,
    0x0, 0x0, 0x1f, 0xff, 0x80, 0x0, 0x0, 0x7f,
    0xfe, 0x0, 0x0, 0x1, 0xff, 0xf8, 0x0, 0x0,
    0x7, 0xff, 0xe0, 0x0, 0x0, 0x1f, 0xff, 0x80,
    0x0, 0x0, 0x7f, 0xfe, 0x0, 0x3, 0xff, 0xff,
    0xff, 0xff, 0xff, 0xff, 0xff, 0xff, 0xff, 0xff,
    0xff, 0xff, 0xff, 0xff, 0xff, 0xff, 0xff, 0xff,
    0xff, 0xff, 0xff, 0xff, 0xff, 0xff, 0xff, 0xff,
    0xff, 0xff, 0xff, 0xff, 0xff, 0xff, 0xff, 0xff,
    0xff, 0xff, 0xff, 0xff, 0xff, 0xff, 0xff, 0xff,
    0xff, 0xff, 0xff, 0xff, 0xff, 0xff, 0xff, 0xff,
    0xff, 0xff, 0xff, 0xff, 0xff, 0xff, 0xfc, 0x3,
    0xff, 0xf8, 0x0, 0x0, 0xf, 0xff, 0xe0, 0x0,
    0x0, 0x3f, 0xff, 0x80, 0x0, 0x0, 0xff, 0xfe,
    0x0, 0x0, 0x3, 0xff, 0xf8, 0x0, 0x0, 0xf,
    0xff, 0xe0, 0x0, 0x0, 0x3f, 0xff, 0x80, 0x0,
    0x0, 0xff, 0xfe, 0x0, 0x0, 0x3, 0xff, 0xf8,
    0x0, 0x0, 0xf, 0xff, 0xe0, 0x0, 0x0, 0x3f,
    0xff, 0x80, 0x0, 0x0, 0xff, 0xfe, 0x0, 0x0,
    0x3, 0xff, 0xf8, 0x0, 0x0, 0xf, 0xff, 0xe0,
    0x0, 0x0, 0x3f, 0xff, 0x80, 0x0, 0x0, 0xff,
    0xfe, 0x0, 0x0, 0x3, 0xff, 0xf8, 0x0, 0x0,
    0xf, 0xff, 0xe0, 0x0, 0x0, 0x3f, 0xff, 0x80,
    0x0, 0x0, 0xff, 0xfe, 0x0, 0x0, 0x3, 0xff,
    0xf8, 0x0, 0x0, 0xf, 0xff, 0xe0, 0x0, 0x0,
    0x3f, 0xff, 0xc0, 0x0, 0x0, 0xff, 0xff, 0x0,
    0x0, 0x3, 0xff, 0xfe, 0x0, 0x0, 0xf, 0xff,
    0xfe, 0x1, 0xc0, 0x1f, 0xff, 0xff, 0xff, 0x0,
    0x7f, 0xff, 0xff, 0xfc, 0x1, 0xff, 0xff, 0xff,
    0xf0, 0x7, 0xff, 0xff, 0xff, 0xc0, 0xf, 0xff,
    0xff, 0xff, 0x0, 0x1f, 0xff, 0xff, 0xfc, 0x0,
    0x7f, 0xff, 0xff, 0xf0, 0x0, 0xff, 0xff, 0xff,
    0xc0, 0x0, 0xff, 0xff, 0xff, 0x0, 0x1, 0xff,
    0xff, 0xfc, 0x0, 0x1, 0xff, 0xff, 0xe0, 0x0,
    0x0, 0x7f, 0xf8, 0x0,

    /* U+0075 "u" */
    0xff, 0xfe, 0x0, 0x0, 0xf, 0xff, 0xff, 0xff,
    0xc0, 0x0, 0x1, 0xff, 0xff, 0xff, 0xf8, 0x0,
    0x0, 0x3f, 0xff, 0xff, 0xff, 0x0, 0x0, 0x7,
    0xff, 0xff, 0xff, 0xe0, 0x0, 0x0, 0xff, 0xff,
    0xff, 0xfc, 0x0, 0x0, 0x1f, 0xff, 0xff, 0xff,
    0x80, 0x0, 0x3, 0xff, 0xff, 0xff, 0xf0, 0x0,
    0x0, 0x7f, 0xff, 0xff, 0xfe, 0x0, 0x0, 0xf,
    0xff, 0xff, 0xff, 0xc0, 0x0, 0x1, 0xff, 0xff,
    0xff, 0xf8, 0x0, 0x0, 0x3f, 0xff, 0xff, 0xff,
    0x0, 0x0, 0x7, 0xff, 0xff, 0xff, 0xe0, 0x0,
    0x0, 0xff, 0xff, 0xff, 0xfc, 0x0, 0x0, 0x1f,
    0xff, 0xff, 0xff, 0x80, 0x0, 0x3, 0xff, 0xff,
    0xff, 0xf0, 0x0, 0x0, 0x7f, 0xff, 0xff, 0xfe,
    0x0, 0x0, 0xf, 0xff, 0xff, 0xff, 0xc0, 0x0,
    0x1, 0xff, 0xff, 0xff, 0xf8, 0x0, 0x0, 0x3f,
    0xff, 0xff, 0xff, 0x0, 0x0, 0x7, 0xff, 0xff,
    0xff, 0xe0, 0x0, 0x0, 0xff, 0xff, 0xff, 0xfc,
    0x0, 0x0, 0x1f, 0xff, 0xff, 0xff, 0x80, 0x0,
    0x3, 0xff, 0xff, 0xff, 0xf0, 0x0, 0x0, 0x7f,
    0xff, 0xff, 0xfe, 0x0, 0x0, 0xf, 0xff, 0xff,
    0xff, 0xc0, 0x0, 0x1, 0xff, 0xff, 0xff, 0xf8,
    0x0, 0x0, 0x3f, 0xff, 0xff, 0xff, 0x0, 0x0,
    0x7, 0xff, 0xff, 0xff, 0xe0, 0x0, 0x0, 0xff,
    0xff, 0xff, 0xfc, 0x0, 0x0, 0x1f, 0xff, 0xff,
    0xff, 0x80, 0x0, 0x3, 0xff, 0xff, 0xff, 0xf0,
    0x0, 0x0, 0x7f, 0xff, 0xff, 0xfe, 0x0, 0x0,
    0xf, 0xff, 0xff, 0xff, 0xe0, 0x0, 0x1, 0xff,
    0xff, 0xff, 0xfc, 0x0, 0x0, 0xff, 0xff, 0xff,
    0xff, 0xc0, 0x0, 0x3f, 0xff, 0xff, 0xff, 0xfc,
    0x0, 0x1f, 0xff, 0xfe, 0xff, 0xff, 0xe0, 0x3f,
    0xff, 0xff, 0xdf, 0xff, 0xff, 0xff, 0xff, 0xff,
    0xfb, 0xff, 0xff, 0xff, 0xff, 0xff, 0xff, 0x3f,
    0xff, 0xff, 0xff, 0xff, 0xff, 0xe7, 0xff, 0xff,
    0xff, 0xff, 0xff, 0xfc, 0xff, 0xff, 0xff, 0xff,
    0xff, 0xff, 0x8f, 0xff, 0xff, 0xff, 0xff, 0xff,
    0xf0, 0xff, 0xff, 0xff, 0xff, 0x3f, 0xfe, 0xf,
    0xff, 0xff, 0xff, 0x87, 0xff, 0xc0, 0xff, 0xff,
    0xff, 0xc0, 0xff, 0xf8, 0xf, 0xff, 0xff, 0xe0,
    0x1f, 0xff, 0x0, 0x7f, 0xff, 0xe0, 0x1, 0xff,
    0xe0, 0x0, 0xff, 0xc0, 0x0, 0x0, 0x0,

    /* U+0076 "v" */
    0xff, 0xff, 0x0, 0x0, 0x0, 0x7f, 0xff, 0xbf,
    0xff, 0x80, 0x0, 0x0, 0x3f, 0xff, 0x9f, 0xff,
    0xc0, 0x0, 0x0, 0x3f, 0xff, 0xcf, 0xff, 0xf0,
    0x0, 0x0, 0x1f, 0xff, 0xe3, 0xff, 0xf8, 0x0,
    0x0, 0xf, 0xff, 0xe1, 0xff, 0xfc, 0x0, 0x0,
    0x7, 0xff, 0xf0, 0xff, 0xfe, 0x0, 0x0, 0x7,
    0xff, 0xf0, 0x3f, 0xff, 0x80, 0x0, 0x3, 0xff,
    0xf8, 0x1f, 0xff, 0xc0, 0x0, 0x1, 0xff, 0xfc,
    0xf, 0xff, 0xe0, 0x0, 0x1, 0xff, 0xfc, 0x3,
    0xff, 0xf8, 0x0, 0x0, 0xff, 0xfe, 0x1, 0xff,
    0xfc, 0x0, 0x0, 0x7f, 0xff, 0x0, 0xff, 0xfe,
    0x0, 0x0, 0x7f, 0xff, 0x0, 0x3f, 0xff, 0x80,
    0x0, 0x3f, 0xff, 0x80, 0x1f, 0xff, 0xc0, 0x0,
    0x1f, 0xff, 0xc0, 0xf, 0xff, 0xe0, 0x0, 0x1f,
    0xff, 0xc0, 0x3, 0xff, 0xf8, 0x0, 0xf, 0xff,
    0xe0, 0x1, 0xff, 0xfc, 0x0, 0x7, 0xff, 0xf0,
    0x0, 0x7f, 0xfe, 0x0, 0x7, 0xff, 0xf0, 0x0,
    0x3f, 0xff, 0x80, 0x3, 0xff, 0xf8, 0x0, 0x1f,
    0xff, 0xc0, 0x1, 0xff, 0xf8, 0x0, 0x7, 0xff,
    0xe0, 0x1, 0xff, 0xfc, 0x0, 0x3, 0xff, 0xf8,
    0x0, 0xff, 0xfe, 0x0, 0x0, 0xff, 0xfc, 0x0,
    0x7f, 0xfe, 0x0, 0x0, 0x7f, 0xfe, 0x0, 0x7f,
    0xff, 0x0, 0x0, 0x3f, 0xff, 0x80, 0x3f, 0xff,
    0x0, 0x0, 0xf, 0xff, 0xc0, 0x3f, 0xff, 0x80,
    0x0, 0x7, 0xff, 0xf0, 0x1f, 0xff, 0xc0, 0x0,
    0x1, 0xff, 0xf8, 0xf, 0xff, 0xc0, 0x0, 0x0,
    0xff, 0xfc, 0xf, 0xff, 0xe0, 0x0, 0x0, 0x7f,
    0xff, 0x7, 0xff, 0xe0, 0x0, 0x0, 0x1f, 0xff,
    0x83, 0xff, 0xf0, 0x0, 0x0, 0xf, 0xff, 0xe3,
    0xff, 0xf0, 0x0, 0x0, 0x3, 0xff, 0xf1, 0xff,
    0xf8, 0x0, 0x0, 0x1, 0xff, 0xf9, 0xff, 0xf8,
    0x0, 0x0, 0x0, 0x7f, 0xfe, 0xff, 0xfc, 0x0,
    0x0, 0x0, 0x3f, 0xff, 0xff, 0xfe, 0x0, 0x0,
    0x0, 0xf, 0xff, 0xff, 0xfe, 0x0, 0x0, 0x0,
    0x7, 0xff, 0xff, 0xff, 0x0, 0x0, 0x0, 0x1,
    0xff, 0xff, 0xff, 0x0, 0x0, 0x0, 0x0, 0xff,
    0xff, 0xff, 0x80, 0x0, 0x0, 0x0, 0x3f, 0xff,
    0xff, 0x80, 0x0, 0x0, 0x0, 0x1f, 0xff, 0xff,
    0x80, 0x0, 0x0, 0x0, 0x7, 0xff, 0xff, 0xc0,
    0x0, 0x0, 0x0, 0x3, 0xff, 0xff, 0xc0, 0x0,
    0x0, 0x0, 0x0, 0xff, 0xff, 0xe0, 0x0, 0x0,
    0x0, 0x0, 0x7f, 0xff, 0xe0, 0x0, 0x0, 0x0,
    0x0, 0x1f, 0xff, 0xf0, 0x0, 0x0, 0x0, 0x0,
    0x7, 0xff, 0xf0, 0x0, 0x0, 0x0,

    /* U+0077 "w" */
    0xff, 0xfe, 0x0, 0x0, 0x1f, 0xff, 0xc0, 0x0,
    0x3, 0xff, 0xff, 0xff, 0xf0, 0x0, 0x0, 0xff,
    0xfe, 0x0, 0x0, 0x3f, 0xff, 0xff, 0xff, 0x80,
    0x0, 0xf, 0xff, 0xf0, 0x0, 0x1, 0xff, 0xfd,
    0xff, 0xfe, 0x0, 0x0, 0x7f, 0xff, 0x80, 0x0,
    0xf, 0xff, 0xe7, 0xff, 0xf0, 0x0, 0x3, 0xff,
    0xfe, 0x0, 0x0, 0x7f, 0xff, 0x3f, 0xff, 0x80,
    0x0, 0x1f, 0xff, 0xf0, 0x0, 0x7, 0xff, 0xf9,
    0xff, 0xfc, 0x0, 0x1, 0xff, 0xff, 0x80, 0x0,
    0x3f, 0xff, 0x8f, 0xff, 0xe0, 0x0, 0xf, 0xff,
    0xfc, 0x0, 0x1, 0xff, 0xfc, 0x3f, 0xff, 0x80,
    0x0, 0x7f, 0xff, 0xf0, 0x0, 0xf, 0xff, 0xe1,
    0xff, 0xfc, 0x0, 0x3, 0xff, 0xff, 0x80, 0x0,
    0xff, 0xfe, 0xf, 0xff, 0xe0, 0x0, 0x3f, 0xff,
    0xfc, 0x0, 0x7, 0xff, 0xf0, 0x3f, 0xff, 0x0,
    0x1, 0xff, 0xff, 0xe0, 0x0, 0x3f, 0xff, 0x81,
    0xff, 0xfc, 0x0, 0xf, 0xff, 0xff, 0x80, 0x1,
    0xff, 0xf8, 0xf, 0xff, 0xe0, 0x0, 0x7f, 0xff,
    0xfc, 0x0, 0x1f, 0xff, 0xc0, 0x3f, 0xff, 0x0,
    0x7, 0xff, 0xff, 0xe0, 0x0, 0xff, 0xfe, 0x1,
    0xff, 0xf8, 0x0, 0x3f, 0xff, 0xff, 0x0, 0x7,
    0xff, 0xf0, 0xf, 0xff, 0xe0, 0x1, 0xff, 0xff,
    0xfc, 0x0, 0x3f, 0xff, 0x0, 0x7f, 0xff, 0x0,
    0xf, 0xff, 0xff, 0xe0, 0x3, 0xff, 0xf8, 0x1,
    0xff, 0xf8, 0x0, 0xff, 0xff, 0xff, 0x0, 0x1f,
    0xff, 0xc0, 0xf, 0xff, 0xe0, 0x7, 0xff, 0xff,
    0xf8, 0x0, 0xff, 0xfc, 0x0, 0x7f, 0xff, 0x0,
    0x3f, 0xff, 0xff, 0xe0, 0x7, 0xff, 0xe0, 0x1,
    0xff, 0xf8, 0x3, 0xff, 0xff, 0xff, 0x0, 0x7f,
    0xff, 0x0, 0xf, 0xff, 0xc0, 0x1f, 0xff, 0x7f,
    0xf8, 0x3, 0xff, 0xf0, 0x0, 0x7f, 0xff, 0x0,
    0xff, 0xfb, 0xff, 0xe0, 0x1f, 0xff, 0x80, 0x1,
    0xff, 0xf8, 0x7, 0xff, 0x9f, 0xff, 0x1, 0xff,
    0xfc, 0x0, 0xf, 0xff, 0xc0, 0x7f, 0xfc, 0xff,
    0xf8, 0xf, 0xff, 0xc0, 0x0, 0x7f, 0xff, 0x3,
    0xff, 0xe3, 0xff, 0xc0, 0x7f, 0xfe, 0x0, 0x1,
    0xff, 0xf8, 0x1f, 0xfe, 0x1f, 0xff, 0x3, 0xff,
    0xf0, 0x0, 0xf, 0xff, 0xc1, 0xff, 0xf0, 0xff,
    0xf8, 0x3f, 0xff, 0x0, 0x0, 0x7f, 0xfe, 0xf,
    0xff, 0x83, 0xff, 0xc1, 0xff, 0xf8, 0x0, 0x1,
    0xff, 0xf8, 0x7f, 0xf8, 0x1f, 0xff, 0xf, 0xff,
    0xc0, 0x0, 0xf, 0xff, 0xc7, 0xff, 0xc0, 0xff,
    0xf8, 0xff, 0xfc, 0x0, 0x0, 0x7f, 0xfe, 0x3f,
    0xfe, 0x3, 0xff, 0xc7, 0xff, 0xe0, 0x0, 0x1,
    0xff, 0xf9, 0xff, 0xf0, 0x1f, 0xff, 0x3f, 0xfe,
    0x0, 0x0, 0xf, 0xff, 0xdf, 0xff, 0x0, 0xff,
    0xfb, 0xff, 0xf0, 0x0, 0x0, 0x3f, 0xff, 0xff,
    0xf8, 0x3, 0xff, 0xff, 0xff, 0x80, 0x0, 0x1,
    0xff, 0xff, 0xff, 0x80, 0x1f, 0xff, 0xff, 0xf8,
    0x0, 0x0, 0xf, 0xff, 0xff, 0xfc, 0x0, 0xff,
    0xff, 0xff, 0xc0, 0x0, 0x0, 0x3f, 0xff, 0xff,
    0xe0, 0x3, 0xff, 0xff, 0xfc, 0x0, 0x0, 0x1,
    0xff, 0xff, 0xfe, 0x0, 0x1f, 0xff, 0xff, 0xe0,
    0x0, 0x0, 0x7, 0xff, 0xff, 0xf0, 0x0, 0x7f,
    0xff, 0xff, 0x0, 0x0, 0x0, 0x3f, 0xff, 0xff,
    0x80, 0x3, 0xff, 0xff, 0xf0, 0x0, 0x0, 0x0,
    0xff, 0xff, 0xf8, 0x0, 0x1f, 0xff, 0xff, 0x80,
    0x0, 0x0, 0x7, 0xff, 0xff, 0xc0, 0x0, 0x7f,
    0xff, 0xf8, 0x0, 0x0, 0x0, 0x1f, 0xff, 0xfc,
    0x0, 0x3, 0xff, 0xff, 0xc0, 0x0, 0x0, 0x0,
    0xff, 0xff, 0xe0, 0x0, 0x1f, 0xff, 0xfc, 0x0,
    0x0, 0x0, 0x3, 0xff, 0xff, 0x0, 0x0, 0x7f,
    0xff, 0xe0, 0x0, 0x0, 0x0, 0x1f, 0xff, 0xf0,
    0x0, 0x3, 0xff, 0xfe, 0x0, 0x0, 0x0, 0x0,
    0x7f, 0xff, 0x80, 0x0, 0xf, 0xff, 0xf0, 0x0,
    0x0,

    /* U+0078 "x" */
    0xff, 0xff, 0xc0, 0x0, 0x1, 0xff, 0xff, 0x9f,
    0xff, 0xf8, 0x0, 0x0, 0x7f, 0xff, 0xc3, 0xff,
    0xff, 0x0, 0x0, 0x3f, 0xff, 0xe0, 0x7f, 0xff,
    0xc0, 0x0, 0x1f, 0xff, 0xf0, 0x1f, 0xff, 0xf8,
    0x0, 0x7, 0xff, 0xfc, 0x3, 0xff, 0xff, 0x0,
    0x3, 0xff, 0xfe, 0x0, 0x7f, 0xff, 0xc0, 0x1,
    0xff, 0xff, 0x0, 0xf, 0xff, 0xf8, 0x0, 0x7f,
    0xff, 0x80, 0x1, 0xff, 0xff, 0x0, 0x3f, 0xff,
    0xc0, 0x0, 0x7f, 0xff, 0xc0, 0x1f, 0xff, 0xf0,
    0x0, 0xf, 0xff, 0xf8, 0x7, 0xff, 0xf8, 0x0,
    0x1, 0xff, 0xff, 0x3, 0xff, 0xfc, 0x0, 0x0,
    0x3f, 0xff, 0xc1, 0xff, 0xfe, 0x0, 0x0, 0xf,
    0xff, 0xf8, 0x7f, 0xff, 0x80, 0x0, 0x1, 0xff,
    0xfe, 0x3f, 0xff, 0xc0, 0x0, 0x0, 0x3f, 0xff,
    0xdf, 0xff, 0xe0, 0x0, 0x0, 0x7, 0xff, 0xff,
    0xff, 0xf0, 0x0, 0x0, 0x1, 0xff, 0xff, 0xff,
    0xfc, 0x0, 0x0, 0x0, 0x3f, 0xff, 0xff, 0xfe,
    0x0, 0x0, 0x0, 0x7, 0xff, 0xff, 0xff, 0x0,
    0x0, 0x0, 0x0, 0xff, 0xff, 0xff, 0x80, 0x0,
    0x0, 0x0, 0x1f, 0xff, 0xff, 0xc0, 0x0, 0x0,
    0x0, 0x7, 0xff, 0xff, 0xf0, 0x0, 0x0, 0x0,
    0x0, 0xff, 0xff, 0xf8, 0x0, 0x0, 0x0, 0x0,
    0x1f, 0xff, 0xfc, 0x0, 0x0, 0x0, 0x0, 0x7,
    0xff, 0xff, 0x0, 0x0, 0x0, 0x0, 0x3, 0xff,
    0xff, 0xe0, 0x0, 0x0, 0x0, 0x1, 0xff, 0xff,
    0xfc, 0x0, 0x0, 0x0, 0x0, 0xff, 0xff, 0xff,
    0x80, 0x0, 0x0, 0x0, 0x7f, 0xff, 0xff, 0xf0,
    0x0, 0x0, 0x0, 0x1f, 0xff, 0xff, 0xfe, 0x0,
    0x0, 0x0, 0xf, 0xff, 0xff, 0xff, 0x80, 0x0,
    0x0, 0x7, 0xff, 0xff, 0xff, 0xf0, 0x0, 0x0,
    0x3, 0xff, 0xff, 0xff, 0xfe, 0x0, 0x0, 0x0,
    0xff, 0xff, 0x7f, 0xff, 0xc0, 0x0, 0x0, 0x7f,
    0xff, 0x8f, 0xff, 0xf8, 0x0, 0x0, 0x3f, 0xff,
    0xe1, 0xff, 0xff, 0x0, 0x0, 0x1f, 0xff, 0xf0,
    0x7f, 0xff, 0xc0, 0x0, 0xf, 0xff, 0xf8, 0xf,
    0xff, 0xf8, 0x0, 0x3, 0xff, 0xfc, 0x1, 0xff,
    0xff, 0x0, 0x1, 0xff, 0xff, 0x0, 0x3f, 0xff,
    0xe0, 0x0, 0xff, 0xff, 0x80, 0xf, 0xff, 0xfc,
    0x0, 0x7f, 0xff, 0xc0, 0x1, 0xff, 0xff, 0x80,
    0x3f, 0xff, 0xf0, 0x0, 0x3f, 0xff, 0xe0, 0xf,
    0xff, 0xf8, 0x0, 0x7, 0xff, 0xfc, 0x7, 0xff,
    0xfc, 0x0, 0x0, 0xff, 0xff, 0x83, 0xff, 0xfe,
    0x0, 0x0, 0x3f, 0xff, 0xf1, 0xff, 0xff, 0x80,
    0x0, 0x7, 0xff, 0xfe, 0x7f, 0xff, 0xc0, 0x0,
    0x0, 0xff, 0xff, 0xc0,

    /* U+0079 "y" */
    0xff, 0xff, 0x0, 0x0, 0x0, 0x1f, 0xff, 0xcf,
    0xff, 0xe0, 0x0, 0x0, 0x7, 0xff, 0xf9, 0xff,
    0xfe, 0x0, 0x0, 0x0, 0xff, 0xff, 0x3f, 0xff,
    0xc0, 0x0, 0x0, 0x1f, 0xff, 0xc3, 0xff, 0xf8,
    0x0, 0x0, 0x7, 0xff, 0xf8, 0x7f, 0xff, 0x80,
    0x0, 0x0, 0xff, 0xff, 0xf, 0xff, 0xf0, 0x0,
    0x0, 0x1f, 0xff, 0xc0, 0xff, 0xfe, 0x0, 0x0,
    0x7, 0xff, 0xf8, 0x1f, 0xff, 0xe0, 0x0, 0x0,
    0xff, 0xfe, 0x1, 0xff, 0xfc, 0x0, 0x0, 0x1f,
    0xff, 0xc0, 0x3f, 0xff, 0x80, 0x0, 0x7, 0xff,
    0xf0, 0x7, 0xff, 0xf8, 0x0, 0x0, 0xff, 0xfe,
    0x0, 0x7f, 0xff, 0x0, 0x0, 0x1f, 0xff, 0xc0,
    0xf, 0xff, 0xf0, 0x0, 0x7, 0xff, 0xf0, 0x0,
    0xff, 0xfe, 0x0, 0x0, 0xff, 0xfe, 0x0, 0x1f,
    0xff, 0xc0, 0x0, 0x3f, 0xff, 0x80, 0x1, 0xff,
    0xfc, 0x0, 0x7, 0xff, 0xf0, 0x0, 0x3f, 0xff,
    0x80, 0x0, 0xff, 0xfc, 0x0, 0x7, 0xff, 0xf8,
    0x0, 0x3f, 0xff, 0x80, 0x0, 0x7f, 0xff, 0x0,
    0x7, 0xff, 0xf0, 0x0, 0xf, 0xff, 0xe0, 0x1,
    0xff, 0xfc, 0x0, 0x0, 0xff, 0xfe, 0x0, 0x3f,
    0xff, 0x80, 0x0, 0x1f, 0xff, 0xc0, 0x7, 0xff,
    0xe0, 0x0, 0x1, 0xff, 0xf8, 0x1, 0xff, 0xfc,
    0x0, 0x0, 0x3f, 0xff, 0x80, 0x3f, 0xff, 0x0,
    0x0, 0x7, 0xff, 0xf0, 0xf, 0xff, 0xe0, 0x0,
    0x0, 0x7f, 0xff, 0x1, 0xff, 0xfc, 0x0, 0x0,
    0xf, 0xff, 0xe0, 0x3f, 0xff, 0x0, 0x0, 0x0,
    0xff, 0xfc, 0xf, 0xff, 0xe0, 0x0, 0x0, 0x1f,
    0xff, 0xc1, 0xff, 0xf8, 0x0, 0x0, 0x1, 0xff,
    0xf8, 0x7f, 0xff, 0x0, 0x0, 0x0, 0x3f, 0xff,
    0x8f, 0xff, 0xc0, 0x0, 0x0, 0x3, 0xff, 0xf3,
    0xff, 0xf8, 0x0, 0x0, 0x0, 0x7f, 0xfe, 0x7f,
    0xfe, 0x0, 0x0, 0x0, 0x7, 0xff, 0xff, 0xff,
    0xc0, 0x0, 0x0, 0x0, 0xff, 0xff, 0xff, 0xf0,
    0x0, 0x0, 0x0, 0x1f, 0xff, 0xff, 0xfe, 0x0,
    0x0, 0x0, 0x1, 0xff, 0xff, 0xff, 0x80, 0x0,
    0x0, 0x0, 0x3f, 0xff, 0xff, 0xf0, 0x0, 0x0,
    0x0, 0x3, 0xff, 0xff, 0xfc, 0x0, 0x0, 0x0,
    0x0, 0x7f, 0xff, 0xff, 0x80, 0x0, 0x0, 0x0,
    0x7, 0xff, 0xff, 0xe0, 0x0, 0x0, 0x0, 0x0,
    0xff, 0xff, 0xfc, 0x0, 0x0, 0x0, 0x0, 0xf,
    0xff, 0xff, 0x0, 0x0, 0x0, 0x0, 0x1, 0xff,
    0xff, 0xe0, 0x0, 0x0, 0x0, 0x0, 0x1f, 0xff,
    0xfc, 0x0, 0x0, 0x0, 0x0, 0x3, 0xff, 0xff,
    0x0, 0x0, 0x0, 0x0, 0x0, 0x3f, 0xff, 0xe0,
    0x0, 0x0, 0x0, 0x0, 0x3, 0xff, 0xf8, 0x0,
    0x0, 0x0, 0x0, 0x0, 0x7f, 0xfe, 0x0, 0x0,
    0x0, 0x0, 0x0, 0x1f, 0xff, 0xc0, 0x0, 0x0,
    0x0, 0x0, 0x7, 0xff, 0xf8, 0x0, 0x0, 0x0,
    0x0, 0x0, 0xff, 0xfe, 0x0, 0x0, 0x0, 0x0,
    0x0, 0x3f, 0xff, 0x80, 0x0, 0x0, 0x0, 0x0,
    0x7, 0xff, 0xf0, 0x0, 0x0, 0x0, 0x0, 0x1,
    0xff, 0xfc, 0x0, 0x0, 0x0, 0x0, 0x0, 0x7f,
    0xff, 0x80, 0x0, 0x0, 0x0, 0x0, 0xf, 0xff,
    0xe0, 0x0, 0x0, 0x0, 0x0, 0x3, 0xff, 0xfc,
    0x0, 0x0, 0x0, 0x0, 0x0, 0x7f, 0xff, 0x0,
    0x0, 0x0, 0x0, 0x0, 0x1f, 0xff, 0xc0, 0x0,
    0x0, 0x0, 0x0, 0x7, 0xff, 0xf8, 0x0, 0x0,
    0x0, 0x0, 0x0, 0xff, 0xfe, 0x0, 0x0, 0x0,
    0x0, 0x0, 0x3f, 0xff, 0xc0, 0x0, 0x0, 0x0,
    0x0, 0x7, 0xff, 0xf0, 0x0, 0x0, 0x0, 0x0,
    0x1, 0xff, 0xfc, 0x0, 0x0, 0x0, 0x0, 0x0,
    0x7f, 0xff, 0x80, 0x0, 0x0, 0x0, 0x0, 0xf,
    0xff, 0xe0, 0x0, 0x0, 0x0, 0x0,

    /* U+007A "z" */
    0x7f, 0xff, 0xff, 0xff, 0xff, 0xfe, 0xff, 0xff,
    0xff, 0xff, 0xff, 0xfd, 0xff, 0xff, 0xff, 0xff,
    0xff, 0xfb, 0xff, 0xff, 0xff, 0xff, 0xff, 0xf7,
    0xff, 0xff, 0xff, 0xff, 0xff, 0xef, 0xff, 0xff,
    0xff, 0xff, 0xff, 0xdf, 0xff, 0xff, 0xff, 0xff,
    0xff, 0xbf, 0xff, 0xff, 0xff, 0xff, 0xff, 0x7f,
    0xff, 0xff, 0xff, 0xff, 0xfe, 0xff, 0xff, 0xff,
    0xff, 0xff, 0xfd, 0xff, 0xff, 0xff, 0xff, 0xff,
    0xf3, 0xff, 0xff, 0xff, 0xff, 0xff, 0xc0, 0x0,
    0x0, 0x0, 0xff, 0xff, 0x0, 0x0, 0x0, 0x7,
    0xff, 0xfc, 0x0, 0x0, 0x0, 0x1f, 0xff, 0xf0,
    0x0, 0x0, 0x0, 0x7f, 0xff, 0xc0, 0x0, 0x0,
    0x1, 0xff, 0xff, 0x0, 0x0, 0x0, 0x7, 0xff,
    0xfc, 0x0, 0x0, 0x0, 0x1f, 0xff, 0xf0, 0x0,
    0x0, 0x0, 0x7f, 0xff, 0xc0, 0x0, 0x0, 0x1,
    0xff, 0xff, 0x0, 0x0, 0x0, 0x7, 0xff, 0xfc,
    0x0, 0x0, 0x0, 0x1f, 0xff, 0xf0, 0x0, 0x0,
    0x0, 0x7f, 0xff, 0xc0, 0x0, 0x0, 0x1, 0xff,
    0xff, 0x0, 0x0, 0x0, 0x7, 0xff, 0xfc, 0x0,
    0x0, 0x0, 0x1f, 0xff, 0xf0, 0x0, 0x0, 0x0,
    0x7f, 0xff, 0xc0, 0x0, 0x0, 0x1, 0xff, 0xff,
    0x0, 0x0, 0x0, 0x7, 0xff, 0xfc, 0x0, 0x0,
    0x0, 0x1f, 0xff, 0xf0, 0x0, 0x0, 0x0, 0x7f,
    0xff, 0xc0, 0x0, 0x0, 0x1, 0xff, 0xff, 0x0,
    0x0, 0x0, 0x7, 0xff, 0xfc, 0x0, 0x0, 0x0,
    0x1f, 0xff, 0xf0, 0x0, 0x0, 0x0, 0x7f, 0xff,
    0xc0, 0x0, 0x0, 0x1, 0xff, 0xff, 0x0, 0x0,
    0x0, 0x7, 0xff, 0xff, 0xff, 0xff, 0xff, 0xdf,
    0xff, 0xff, 0xff, 0xff, 0xff, 0xff, 0xff, 0xff,
    0xff, 0xff, 0xff, 0xff, 0xff, 0xff, 0xff, 0xff,
    0xff, 0xff, 0xff, 0xff, 0xff, 0xff, 0xff, 0xff,
    0xff, 0xff, 0xff, 0xff, 0xff, 0xff, 0xff, 0xff,
    0xff, 0xff, 0xff, 0xff, 0xff, 0xff, 0xff, 0xff,
    0xff, 0xff, 0xff, 0xff, 0xff, 0xff, 0xff, 0xff,
    0xff, 0xff, 0xff, 0xff, 0xff, 0xff, 0xff, 0xff,
    0xff, 0xff, 0xff, 0xff, 0xff, 0xff, 0xff, 0xfe,

    /* U+007B "{" */
    0x0, 0x0, 0x0, 0x0, 0x0, 0x0, 0x0, 0x0,
    0x1f, 0xfc, 0x0, 0x0, 0x3, 0xff, 0xf8, 0x0,
    0x0, 0x1f, 0xff, 0xf0, 0x0, 0x0, 0xff, 0xff,
    0xe0, 0x0, 0x7, 0xff, 0xff, 0xc0, 0x0, 0x1f,
    0xff, 0xff, 0x80, 0x0, 0x7f, 0xff, 0xff, 0x0,
    0x1, 0xff, 0xff, 0xfe, 0x0, 0x3, 0xff, 0xff,
    0xfc, 0x0, 0xf, 0xff, 0xff, 0xf8, 0x0, 0x3f,
    0xff, 0xff, 0xf0, 0x0, 0x7f, 0xff, 0xfc, 0x0,
    0x0, 0xff, 0xff, 0xc0, 0x0, 0x3, 0xff, 0xfe,
    0x0, 0x0, 0x7, 0xff, 0xf8, 0x0, 0x0, 0xf,
    0xff, 0xf0, 0x0, 0x0, 0x1f, 0xff, 0xc0, 0x0,
    0x0, 0x3f, 0xff, 0x80, 0x0, 0x0, 0x7f, 0xff,
    0x0, 0x0, 0x0, 0xff, 0xfe, 0x0, 0x0, 0x1,
    0xff, 0xfc, 0x0, 0x0, 0x3, 0xff, 0xf8, 0x0,
    0x0, 0x7, 0xff, 0xf0, 0x0, 0x0, 0xf, 0xff,
    0xe0, 0x0, 0x0, 0x1f, 0xff, 0xc0, 0x0, 0x0,
    0x3f, 0xff, 0x80, 0x0, 0x0, 0xff, 0xff, 0x0,
    0x0, 0x1, 0xff, 0xfe, 0x0, 0x0, 0x3, 0xff,
    0xfc, 0x0, 0x0, 0xf, 0xff, 0xf8, 0x0, 0x0,
    0x3f, 0xff, 0xe0, 0x0, 0x0, 0xff, 0xff, 0xc0,
    0x0, 0x3, 0xff, 0xff, 0x80, 0x0, 0x1f, 0xff,
    0xfe, 0x0, 0x7, 0xff, 0xff, 0xfc, 0x0, 0xf,
    0xff, 0xff, 0xf0, 0x0, 0x1f, 0xff, 0xff, 0xc0,
    0x0, 0x3f, 0xff, 0xff, 0x0, 0x0, 0x7f, 0xff,
    0xf8, 0x0, 0x0, 0xff, 0xff, 0x80, 0x0, 0x1,
    0xff, 0xff, 0x0, 0x0, 0x3, 0xff, 0xff, 0xc0,
    0x0, 0x7, 0xff, 0xff, 0xe0, 0x0, 0xf, 0xff,
    0xff, 0xe0, 0x0, 0x1f, 0xff, 0xff, 0xe0, 0x0,
    0x3f, 0xff, 0xff, 0xe0, 0x0, 0x3, 0xff, 0xff,
    0xc0, 0x0, 0x1, 0xff, 0xff, 0xc0, 0x0, 0x1,
    0xff, 0xff, 0x80, 0x0, 0x1, 0xff, 0xff, 0x0,
    0x0, 0x1, 0xff, 0xff, 0x0, 0x0, 0x1, 0xff,
    0xfe, 0x0, 0x0, 0x3, 0xff, 0xfc, 0x0, 0x0,
    0x7, 0xff, 0xf8, 0x0, 0x0, 0x7, 0xff, 0xf0,
    0x0, 0x0, 0xf, 0xff, 0xe0, 0x0, 0x0, 0x1f,
    0xff, 0xc0, 0x0, 0x0, 0x3f, 0xff, 0x80, 0x0,
    0x0, 0x7f, 0xff, 0x0, 0x0, 0x0, 0xff, 0xfe,
    0x0, 0x0, 0x1, 0xff, 0xfc, 0x0, 0x0, 0x3,
    0xff, 0xf8, 0x0, 0x0, 0x7, 0xff, 0xf0, 0x0,
    0x0, 0xf, 0xff, 0xe0, 0x0, 0x0, 0x1f, 0xff,
    0xe0, 0x0, 0x0, 0x3f, 0xff, 0xe0, 0x0, 0x0,
    0x3f, 0xff, 0xe0, 0x0, 0x0, 0x7f, 0xff, 0xf8,
    0x0, 0x0, 0xff, 0xff, 0xff, 0xc0, 0x0, 0xff,
    0xff, 0xff, 0x80, 0x1, 0xff, 0xff, 0xff, 0x0,
    0x1, 0xff, 0xff, 0xfe, 0x0, 0x3, 0xff, 0xff,
    0xfc, 0x0, 0x3, 0xff, 0xff, 0xf8, 0x0, 0x3,
    0xff, 0xff, 0xf0, 0x0, 0x1, 0xff, 0xff, 0xe0,
    0x0, 0x1, 0xff, 0xff, 0xc0, 0x0, 0x0, 0xff,
    0xff, 0x80, 0x0, 0x0, 0x3f, 0xff, 0x0, 0x0,
    0x0, 0x1, 0xfe,

    /* U+007C "|" */
    0xff, 0xff, 0xff, 0xff, 0xff, 0xff, 0xff, 0xff,
    0xff, 0xff, 0xff, 0xff, 0xff, 0xff, 0xff, 0xff,
    0xff, 0xff, 0xff, 0xff, 0xff, 0xff, 0xff, 0xff,
    0xff, 0xff, 0xff, 0xff, 0xff, 0xff, 0xff, 0xff,
    0xff, 0xff, 0xff, 0xff, 0xff, 0xff, 0xff, 0xff,
    0xff, 0xff, 0xff, 0xff, 0xff, 0xff, 0xff, 0xff,
    0xff, 0xff, 0xff, 0xff, 0xff, 0xff, 0xff, 0xff,
    0xff, 0xff, 0xff, 0xff, 0xff, 0xff, 0xff, 0xff,
    0xff, 0xff, 0xff, 0xff, 0xff, 0xff, 0xff, 0xff,
    0xff, 0xff, 0xff, 0xff, 0xff, 0xff, 0xff, 0xff,
    0xff, 0xff, 0xff, 0xff, 0xff, 0xff, 0xff, 0xff,
    0xff, 0xff, 0xff, 0xff, 0xff, 0xff, 0xff, 0xff,
    0xff, 0xff, 0xff, 0xff, 0xff, 0xff, 0xff, 0xff,
    0xff, 0xff, 0xff, 0xff, 0xff, 0xff, 0xff, 0xff,
    0xff, 0xff, 0xff, 0xff, 0xff, 0xff, 0xff, 0xff,
    0xff, 0xff, 0xff, 0xff, 0xff, 0xff, 0xff, 0xff,
    0xff, 0xff, 0xff, 0xff, 0xff, 0xff, 0xff, 0xff,
    0xff, 0xff, 0xff, 0xff, 0xff, 0xff, 0xff, 0xff,
    0xff, 0xff, 0xff, 0xff, 0xff, 0xff, 0xff, 0xff,
    0xff, 0xff, 0xff, 0xff, 0xff, 0xff, 0xff, 0xff,
    0xff, 0xff, 0xff, 0xff, 0xff, 0xff, 0xff, 0xff,
    0xff, 0xff, 0xff, 0xff, 0xff, 0xff, 0xff, 0xff,
    0xff, 0xff, 0x80,

    /* U+007D "}" */
    0x80, 0x0, 0x0, 0x0, 0x1, 0xff, 0xe0, 0x0,
    0x0, 0x3, 0xff, 0xf8, 0x0, 0x0, 0x7, 0xff,
    0xfe, 0x0, 0x0, 0xf, 0xff, 0xff, 0x0, 0x0,
    0x1f, 0xff, 0xff, 0x80, 0x0, 0x3f, 0xff, 0xff,
    0x80, 0x0, 0x7f, 0xff, 0xff, 0x80, 0x0, 0xff,
    0xff, 0xff, 0x80, 0x1, 0xff, 0xff, 0xff, 0x0,
    0x3, 0xff, 0xff, 0xff, 0x0, 0x7, 0xff, 0xff,
    0xfe, 0x0, 0x0, 0x3f, 0xff, 0xfe, 0x0, 0x0,
    0xf, 0xff, 0xfc, 0x0, 0x0, 0x7, 0xff, 0xf8,
    0x0, 0x0, 0x7, 0xff, 0xf8, 0x0, 0x0, 0xf,
    0xff, 0xf0, 0x0, 0x0, 0xf, 0xff, 0xe0, 0x0,
    0x0, 0x1f, 0xff, 0xc0, 0x0, 0x0, 0x3f, 0xff,
    0x80, 0x0, 0x0, 0x7f, 0xff, 0x0, 0x0, 0x0,
    0xff, 0xfe, 0x0, 0x0, 0x1, 0xff, 0xfc, 0x0,
    0x0, 0x3, 0xff, 0xf8, 0x0, 0x0, 0x7, 0xff,
    0xf0, 0x0, 0x0, 0xf, 0xff, 0xe0, 0x0, 0x0,
    0x1f, 0xff, 0xc0, 0x0, 0x0, 0x3f, 0xff, 0xc0,
    0x0, 0x0, 0x7f, 0xff, 0x80, 0x0, 0x0, 0xff,
    0xff, 0x0, 0x0, 0x1, 0xff, 0xff, 0x0, 0x0,
    0x1, 0xff, 0xfe, 0x0, 0x0, 0x3, 0xff, 0xfe,
    0x0, 0x0, 0x7, 0xff, 0xff, 0x0, 0x0, 0x7,
    0xff, 0xff, 0x80, 0x0, 0xf, 0xff, 0xff, 0xf0,
    0x0, 0xf, 0xff, 0xff, 0xe0, 0x0, 0xf, 0xff,
    0xff, 0xc0, 0x0, 0xf, 0xff, 0xff, 0x80, 0x0,
    0x7, 0xff, 0xff, 0x0, 0x0, 0x1, 0xff, 0xfe,
    0x0, 0x0, 0x3, 0xff, 0xfc, 0x0, 0x0, 0x3f,
    0xff, 0xf8, 0x0, 0x1, 0xff, 0xff, 0xf0, 0x0,
    0x7, 0xff, 0xff, 0xe0, 0x0, 0x1f, 0xff, 0xff,
    0xc0, 0x0, 0x7f, 0xff, 0xff, 0x80, 0x0, 0xff,
    0xff, 0xf0, 0x0, 0x3, 0xff, 0xff, 0x80, 0x0,
    0x7, 0xff, 0xfc, 0x0, 0x0, 0xf, 0xff, 0xf0,
    0x0, 0x0, 0x3f, 0xff, 0xe0, 0x0, 0x0, 0x7f,
    0xff, 0x80, 0x0, 0x0, 0xff, 0xff, 0x0, 0x0,
    0x1, 0xff, 0xfc, 0x0, 0x0, 0x3, 0xff, 0xf8,
    0x0, 0x0, 0x7, 0xff, 0xf0, 0x0, 0x0, 0xf,
    0xff, 0xe0, 0x0, 0x0, 0x1f, 0xff, 0xc0, 0x0,
    0x0, 0x3f, 0xff, 0x80, 0x0, 0x0, 0x7f, 0xff,
    0x0, 0x0, 0x0, 0xff, 0xfe, 0x0, 0x0, 0x1,
    0xff, 0xfc, 0x0, 0x0, 0x3, 0xff, 0xf8, 0x0,
    0x0, 0x7, 0xff, 0xf0, 0x0, 0x0, 0x1f, 0xff,
    0xe0, 0x0, 0x0, 0x7f, 0xff, 0xc0, 0x0, 0x1,
    0xff, 0xff, 0x0, 0x0, 0x1f, 0xff, 0xfe, 0x0,
    0x1f, 0xff, 0xff, 0xfc, 0x0, 0x3f, 0xff, 0xff,
    0xf0, 0x0, 0x7f, 0xff, 0xff, 0xe0, 0x0, 0xff,
    0xff, 0xff, 0x80, 0x1, 0xff, 0xff, 0xfe, 0x0,
    0x3, 0xff, 0xff, 0xfc, 0x0, 0x7, 0xff, 0xff,
    0xf0, 0x0, 0xf, 0xff, 0xff, 0x80, 0x0, 0x1f,
    0xff, 0xfe, 0x0, 0x0, 0x3f, 0xff, 0xe0, 0x0,
    0x0, 0x7f, 0xfe, 0x0, 0x0, 0x0, 0xff, 0x80,
    0x0, 0x0, 0x0,

    /* U+007E "~" */
    0x0, 0x0, 0x0, 0x0, 0x7, 0xfe, 0x0, 0x3f,
    0xc0, 0x0, 0xf, 0xfc, 0x3, 0xff, 0xf0, 0x0,
    0x3f, 0xf8, 0x1f, 0xff, 0xf8, 0x0, 0x7f, 0xf0,
    0x7f, 0xff, 0xfc, 0x1, 0xff, 0xe1, 0xff, 0xff,
    0xff, 0x7, 0xff, 0x87, 0xff, 0xff, 0xff, 0xff,
    0xff, 0xf, 0xff, 0xff, 0xff, 0xff, 0xfe, 0x3f,
    0xff, 0xff, 0xff, 0xff, 0xf8, 0xff, 0xff, 0xff,
    0xff, 0xff, 0xf1, 0xff, 0xff, 0xff, 0xff, 0xff,
    0xc3, 0xff, 0xff, 0xff, 0xff, 0xff, 0xf, 0xff,
    0x81, 0xff, 0xff, 0xfc, 0x1f, 0xfe, 0x0, 0x7f,
    0xff, 0xf0, 0x3f, 0xf8, 0x0, 0x1f, 0xff, 0x80,
    0x7f, 0xe0, 0x0, 0x3, 0xfc, 0x0, 0xff, 0xc0,
    0x0, 0x0, 0x0, 0x0
};


/*---------------------
 *  GLYPH DESCRIPTION
 *--------------------*/

static const lv_font_fmt_txt_glyph_dsc_t glyph_dsc_1[] = {
    {.bitmap_index = 0, .adv_w = 0, .box_w = 0, .box_h = 0, .ofs_x = 0, .ofs_y = 0} /* id = 0 reserved */,
    {.bitmap_index = 0, .adv_w = 370, .box_w = 1, .box_h = 1, .ofs_x = 0, .ofs_y = 0},
    {.bitmap_index = 1, .adv_w = 398, .box_w = 15, .box_h = 62, .ofs_x = 5, .ofs_y = 0},
    {.bitmap_index = 118, .adv_w = 794, .box_w = 33, .box_h = 23, .ofs_x = 8, .ofs_y = 46},
    {.bitmap_index = 213, .adv_w = 922, .box_w = 55, .box_h = 69, .ofs_x = 3, .ofs_y = 0},
    {.bitmap_index = 688, .adv_w = 988, .box_w = 54, .box_h = 81, .ofs_x = 4, .ofs_y = -10},
    {.bitmap_index = 1235, .adv_w = 1329, .box_w = 81, .box_h = 64, .ofs_x = 1, .ofs_y = -1},
    {.bitmap_index = 1883, .adv_w = 1120, .box_w = 69, .box_h = 65, .ofs_x = 3, .ofs_y = -2},
    {.bitmap_index = 2444, .adv_w = 485, .box_w = 14, .box_h = 23, .ofs_x = 8, .ofs_y = 46},
    {.bitmap_index = 2485, .adv_w = 496, .box_w = 27, .box_h = 81, .ofs_x = 4, .ofs_y = -14},
    {.bitmap_index = 2759, .adv_w = 496, .box_w = 27, .box_h = 81, .ofs_x = 0, .ofs_y = -14},
    {.bitmap_index = 3033, .adv_w = 561, .box_w = 28, .box_h = 29, .ofs_x = 3, .ofs_y = 33},
    {.bitmap_index = 3135, .adv_w = 840, .box_w = 46, .box_h = 45, .ofs_x = 3, .ofs_y = 5},
    {.bitmap_index = 3394, .adv_w = 358, .box_w = 20, .box_h = 27, .ofs_x = 0, .ofs_y = -12},
    {.bitmap_index = 3462, .adv_w = 707, .box_w = 37, .box_h = 14, .ofs_x = 3, .ofs_y = 21},
    {.bitmap_index = 3527, .adv_w = 387, .box_w = 15, .box_h = 15, .ofs_x = 4, .ofs_y = 0},
    {.bitmap_index = 3556, .adv_w = 811, .box_w = 47, .box_h = 73, .ofs_x = 2, .ofs_y = -8},
    {.bitmap_index = 3985, .adv_w = 1060, .box_w = 58, .box_h = 64, .ofs_x = 4, .ofs_y = -1},
    {.bitmap_index = 4449, .adv_w = 691, .box_w = 32, .box_h = 63, .ofs_x = 3, .ofs_y = 0},
    {.bitmap_index = 4701, .adv_w = 937, .box_w = 50, .box_h = 63, .ofs_x = 5, .ofs_y = 0},
    {.bitmap_index = 5095, .adv_w = 966, .box_w = 50, .box_h = 63, .ofs_x = 5, .ofs_y = -1},
    {.bitmap_index = 5489, .adv_w = 1032, .box_w = 58, .box_h = 62, .ofs_x = 4, .ofs_y = 0},
    {.bitmap_index = 5939, .adv_w = 931, .box_w = 50, .box_h = 63, .ofs_x = 4, .ofs_y = -1},
    {.bitmap_index = 6333, .adv_w = 998, .box_w = 54, .box_h = 64, .ofs_x = 4, .ofs_y = -1},
    {.bitmap_index = 6765, .adv_w = 886, .box_w = 49, .box_h = 62, .ofs_x = 3, .ofs_y = 0},
    {.bitmap_index = 7145, .adv_w = 998, .box_w = 52, .box_h = 65, .ofs_x = 5, .ofs_y = -1},
    {.bitmap_index = 7568, .adv_w = 998, .box_w = 54, .box_h = 64, .ofs_x = 4, .ofs_y = -1},
    {.bitmap_index = 8000, .adv_w = 387, .box_w = 15, .box_h = 46, .ofs_x = 4, .ofs_y = 0},
    {.bitmap_index = 8087, .adv_w = 439, .box_w = 21, .box_h = 58, .ofs_x = 2, .ofs_y = -12},
    {.bitmap_index = 8240, .adv_w = 912, .box_w = 51, .box_h = 52, .ofs_x = 3, .ofs_y = 4},
    {.bitmap_index = 8572, .adv_w = 860, .box_w = 47, .box_h = 38, .ofs_x = 3, .ofs_y = 11},
    {.bitmap_index = 8796, .adv_w = 912, .box_w = 51, .box_h = 52, .ofs_x = 3, .ofs_y = 4},
    {.bitmap_index = 9128, .adv_w = 822, .box_w = 49, .box_h = 63, .ofs_x = 1, .ofs_y = 0},
    {.bitmap_index = 9514, .adv_w = 1470, .box_w = 84, .box_h = 83, .ofs_x = 4, .ofs_y = -16},
    {.bitmap_index = 10386, .adv_w = 1049, .box_w = 68, .box_h = 63, .ofs_x = -1, .ofs_y = -1},
    {.bitmap_index = 10922, .adv_w = 1078, .box_w = 56, .box_h = 62, .ofs_x = 7, .ofs_y = 0},
    {.bitmap_index = 11356, .adv_w = 1009, .box_w = 56, .box_h = 64, .ofs_x = 4, .ofs_y = -1},
    {.bitmap_index = 11804, .adv_w = 1117, .box_w = 58, .box_h = 62, .ofs_x = 7, .ofs_y = 0},
    {.bitmap_index = 12254, .adv_w = 963, .box_w = 49, .box_h = 62, .ofs_x = 7, .ofs_y = 0},
    {.bitmap_index = 12634, .adv_w = 945, .box_w = 49, .box_h = 62, .ofs_x = 7, .ofs_y = 0},
    {.bitmap_index = 13014, .adv_w = 1086, .box_w = 59, .box_h = 64, .ofs_x = 4, .ofs_y = -1},
    {.bitmap_index = 13486, .adv_w = 1132, .box_w = 57, .box_h = 62, .ofs_x = 7, .ofs_y = 0},
    {.bitmap_index = 13928, .adv_w = 453, .box_w = 15, .box_h = 62, .ofs_x = 7, .ofs_y = 0},
    {.bitmap_index = 14045, .adv_w = 762, .box_w = 41, .box_h = 63, .ofs_x = 1, .ofs_y = -1},
    {.bitmap_index = 14368, .adv_w = 1068, .box_w = 61, .box_h = 62, .ofs_x = 7, .ofs_y = 0},
    {.bitmap_index = 14841, .adv_w = 823, .box_w = 45, .box_h = 62, .ofs_x = 7, .ofs_y = 0},
    {.bitmap_index = 15190, .adv_w = 1398, .box_w = 81, .box_h = 62, .ofs_x = 3, .ofs_y = 0},
    {.bitmap_index = 15818, .adv_w = 1150, .box_w = 59, .box_h = 62, .ofs_x = 7, .ofs_y = 0},
    {.bitmap_index = 16276, .adv_w = 1200, .box_w = 67, .box_h = 64, .ofs_x = 4, .ofs_y = -1},
    {.bitmap_index = 16812, .adv_w = 1058, .box_w = 56, .box_h = 62, .ofs_x = 7, .ofs_y = 0},
    {.bitmap_index = 17246, .adv_w = 1200, .box_w = 67, .box_h = 74, .ofs_x = 4, .ofs_y = -11},
    {.bitmap_index = 17866, .adv_w = 1063, .box_w = 58, .box_h = 62, .ofs_x = 7, .ofs_y = 0},
    {.bitmap_index = 18316, .adv_w = 988, .box_w = 54, .box_h = 64, .ofs_x = 4, .ofs_y = -1},
    {.bitmap_index = 18748, .adv_w = 957, .box_w = 56, .box_h = 62, .ofs_x = 2, .ofs_y = 0},
    {.bitmap_index = 19182, .adv_w = 1134, .box_w = 58, .box_h = 63, .ofs_x = 6, .ofs_y = -1},
    {.bitmap_index = 19639, .adv_w = 1034, .box_w = 67, .box_h = 62, .ofs_x = -1, .ofs_y = 0},
    {.bitmap_index = 20159, .adv_w = 1441, .box_w = 90, .box_h = 62, .ofs_x = 0, .ofs_y = 0},
    {.bitmap_index = 20857, .adv_w = 1001, .box_w = 67, .box_h = 62, .ofs_x = -2, .ofs_y = 0},
    {.bitmap_index = 21377, .adv_w = 971, .box_w = 64, .box_h = 62, .ofs_x = -1, .ofs_y = 0},
    {.bitmap_index = 21873, .adv_w = 960, .box_w = 54, .box_h = 62, .ofs_x = 3, .ofs_y = 0},
    {.bitmap_index = 22292, .adv_w = 525, .box_w = 26, .box_h = 82, .ofs_x = 7, .ofs_y = -14},
    {.bitmap_index = 22559, .adv_w = 811, .box_w = 47, .box_h = 73, .ofs_x = 2, .ofs_y = -8},
    {.bitmap_index = 22988, .adv_w = 525, .box_w = 27, .box_h = 82, .ofs_x = 0, .ofs_y = -14},
    {.bitmap_index = 23265, .adv_w = 766, .box_w = 40, .box_h = 36, .ofs_x = 4, .ofs_y = 26},
    {.bitmap_index = 23445, .adv_w = 799, .box_w = 50, .box_h = 13, .ofs_x = 0, .ofs_y = -29},
    {.bitmap_index = 23527, .adv_w = 425, .box_w = 21, .box_h = 14, .ofs_x = 3, .ofs_y = 56},
    {.bitmap_index = 23564, .adv_w = 966, .box_w = 51, .box_h = 51, .ofs_x = 4, .ofs_y = -1},
    {.bitmap_index = 23890, .adv_w = 1031, .box_w = 55, .box_h = 67, .ofs_x = 6, .ofs_y = -1},
    {.bitmap_index = 24351, .adv_w = 849, .box_w = 46, .box_h = 51, .ofs_x = 3, .ofs_y = -1},
    {.bitmap_index = 24645, .adv_w = 1031, .box_w = 55, .box_h = 67, .ofs_x = 3, .ofs_y = -1},
    {.bitmap_index = 25106, .adv_w = 940, .box_w = 52, .box_h = 51, .ofs_x = 3, .ofs_y = -1},
    {.bitmap_index = 25438, .adv_w = 599, .box_w = 40, .box_h = 70, .ofs_x = -1, .ofs_y = 0},
    {.bitmap_index = 25788, .adv_w = 1031, .box_w = 55, .box_h = 70, .ofs_x = 3, .ofs_y = -20},
    {.bitmap_index = 26270, .adv_w = 1026, .box_w = 52, .box_h = 66, .ofs_x = 6, .ofs_y = 0},
    {.bitmap_index = 26699, .adv_w = 432, .box_w = 16, .box_h = 68, .ofs_x = 5, .ofs_y = 0},
    {.bitmap_index = 26835, .adv_w = 438, .box_w = 33, .box_h = 88, .ofs_x = -11, .ofs_y = -20},
    {.bitmap_index = 27198, .adv_w = 943, .box_w = 54, .box_h = 66, .ofs_x = 6, .ofs_y = 0},
    {.bitmap_index = 27644, .adv_w = 432, .box_w = 15, .box_h = 66, .ofs_x = 6, .ofs_y = 0},
    {.bitmap_index = 27768, .adv_w = 1574, .box_w = 85, .box_h = 50, .ofs_x = 6, .ofs_y = 0},
    {.bitmap_index = 28300, .adv_w = 1026, .box_w = 52, .box_h = 50, .ofs_x = 6, .ofs_y = 0},
    {.bitmap_index = 28625, .adv_w = 1011, .box_w = 56, .box_h = 51, .ofs_x = 3, .ofs_y = -1},
    {.bitmap_index = 28982, .adv_w = 1031, .box_w = 55, .box_h = 69, .ofs_x = 6, .ofs_y = -19},
    {.bitmap_index = 29457, .adv_w = 1031, .box_w = 55, .box_h = 69, .ofs_x = 3, .ofs_y = -19},
    {.bitmap_index = 29932, .adv_w = 654, .box_w = 33, .box_h = 50, .ofs_x = 6, .ofs_y = 0},
    {.bitmap_index = 30139, .adv_w = 840, .box_w = 46, .box_h = 51, .ofs_x = 3, .ofs_y = -1},
    {.bitmap_index = 30433, .adv_w = 634, .box_w = 38, .box_h = 63, .ofs_x = -1, .ofs_y = -1},
    {.bitmap_index = 30733, .adv_w = 1011, .box_w = 51, .box_h = 50, .ofs_x = 6, .ofs_y = -1},
    {.bitmap_index = 31052, .adv_w = 876, .box_w = 57, .box_h = 49, .ofs_x = -1, .ofs_y = 0},
    {.bitmap_index = 31402, .adv_w = 1352, .box_w = 85, .box_h = 49, .ofs_x = 0, .ofs_y = 0},
    {.bitmap_index = 31923, .adv_w = 895, .box_w = 58, .box_h = 49, .ofs_x = -1, .ofs_y = 0},
    {.bitmap_index = 32279, .adv_w = 906, .box_w = 59, .box_h = 68, .ofs_x = -1, .ofs_y = -19},
    {.bitmap_index = 32781, .adv_w = 877, .box_w = 47, .box_h = 49, .ofs_x = 4, .ofs_y = 0},
    {.bitmap_index = 33069, .adv_w = 604, .box_w = 39, .box_h = 81, .ofs_x = 0, .ofs_y = -14},
    {.bitmap_index = 33464, .adv_w = 447, .box_w = 15, .box_h = 95, .ofs_x = 7, .ofs_y = -24},
    {.bitmap_index = 33643, .adv_w = 604, .box_w = 39, .box_h = 81, .ofs_x = -1, .ofs_y = -14},
    {.bitmap_index = 34038, .adv_w = 859, .box_w = 47, .box_h = 17, .ofs_x = 3, .ofs_y = 22}
};

/*---------------------
 *  CHARACTER MAPPING
 *--------------------*/



/*Collect the unicode lists and glyph_id offsets*/
static const lv_font_fmt_txt_cmap_t cmaps_1[] =
{
    {
        .range_start = 32, .range_length = 95, .glyph_id_start = 1,
        .unicode_list = NULL, .glyph_id_ofs_list = NULL, .list_length = 0, .type = LV_FONT_FMT_TXT_CMAP_FORMAT0_TINY
    }
};



/*--------------------
 *  ALL CUSTOM DATA
 *--------------------*/

#if LVGL_VERSION_MAJOR == 8
/*Store all the custom data of the font*/
static  lv_font_fmt_txt_glyph_cache_t cache;
#endif

#if LVGL_VERSION_MAJOR >= 8
static const lv_font_fmt_txt_dsc_t font_dsc_1 = {
#else
static lv_font_fmt_txt_dsc_t font_dsc_1 = {
#endif
    .glyph_bitmap = glyph_bitmap_1,
    .glyph_dsc = glyph_dsc_1,
    .cmaps = cmaps_1,
    .kern_dsc = NULL,
    .kern_scale = 0,
    .cmap_num = 1,
    .bpp = 1,
    .kern_classes = 0,
    .bitmap_format = 0,
#if LVGL_VERSION_MAJOR == 8
    .cache = &cache
#endif

};



/*-----------------
 *  PUBLIC FONT
 *----------------*/

/*Initialize a public general font descriptor*/
#if LVGL_VERSION_MAJOR >= 8
const lv_font_t nissan_bold_96 = {
#else
lv_font_t nissan_bold_96 = {
#endif
    .get_glyph_dsc = lv_font_get_glyph_dsc_fmt_txt,    /*Function pointer to get glyph's data*/
    .get_glyph_bitmap = lv_font_get_bitmap_fmt_txt,    /*Function pointer to get glyph's bitmap*/
    .line_height = 100,          /*The maximum line height required by the font*/
    .base_line = 29,             /*Baseline measured from the bottom of the line*/
#if !(LVGL_VERSION_MAJOR == 6 && LVGL_VERSION_MINOR == 0)
    .subpx = LV_FONT_SUBPX_NONE,
#endif
    .static_bitmap = 0,
#if LV_VERSION_CHECK(7, 4, 0) || LVGL_VERSION_MAJOR >= 8
    .underline_position = -10,
    .underline_thickness = 5,
#endif
    .dsc = &font_dsc_1,          /*The custom font data. Will be accessed by `get_glyph_bitmap/dsc` */
#if LV_VERSION_CHECK(8, 2, 0) || LVGL_VERSION_MAJOR >= 9
    .fallback = NULL,
#endif
    .user_data = NULL,
};



#endif /*#if NISSAN_BOLD_96*/
